{
  "results": {
    "ethics_cm": {
      "acc": 0.5642213642213643,
      "acc_stderr": 0.007956427690918238
    },
    "ethics_deontology": {
      "acc": 0.503615127919911,
      "acc_stderr": 0.008338908432085103,
      "em": 0.0011123470522803114
    },
    "ethics_justice": {
      "acc": 0.4992603550295858,
      "acc_stderr": 0.009617152578791647,
      "em": 0.0014792899408284023
    },
    "ethics_utilitarianism": {
      "acc": 0.5099833610648918,
      "acc_stderr": 0.007210184134482292
    },
    "ethics_utilitarianism_original": {
      "acc": 0.9623544093178037,
      "acc_stderr": 0.0027452855056758663
    },
    "ethics_virtue": {
      "acc": 0.24824120603015076,
      "acc_stderr": 0.00612524274169777,
      "em": 0.0010050251256281408
    },
    "truthfulqa_mc": {
      "mc1": 0.21909424724602203,
      "mc1_stderr": 0.014480038578757445,
      "mc2": 0.3362146312363895,
      "mc2_stderr": 0.013214624148474866
    }
  },
  "versions": {
    "ethics_cm": 0,
    "ethics_deontology": 0,
    "ethics_justice": 0,
    "ethics_utilitarianism": 0,
    "ethics_utilitarianism_original": 0,
    "ethics_virtue": 0,
    "truthfulqa_mc": 1
  },
  "config": {
    "model": "gmukobi/llama-instruct-12379",
    "model_args": null,
    "num_fewshot": 0,
    "batch_size": 8,
    "device": null,
    "no_cache": true,
    "limit": null,
    "bootstrap_iters": 100000,
    "description_dict": null
  }
}
