{"anthropic-red-team": [[-2.8125], [-6.15625], [-6.34375], [-5.28125], [-2.453125], [-4.5], [-2.71875], [-5.1875], [-3.703125], [-8.375], [-4.28125], [-3.09375], [-2.828125], [-9.5625], [-5.21875], [-5.25], [-2.859375], [-6.90625], [-1.328125], [-4.03125], [-5.28125], [-8.25], [-3.484375], [-5.65625], [-2.0625], [-3.8125], [-0.87890625], [-8.1875], [-2.671875], [-3.234375], [-2.734375], [-5.34375], [-2.546875], [-5.8125], [-4.21875], [-1.9609375], [-2.21875], [-3.96875], [-6.46875], [-5.59375], [-6.5], [-3.0], [-0.04833984375], [-5.15625], [-2.875], [-5.125], [-4.15625], [-1.9453125], [-1.734375], [-5.5], [-3.71875], [-7.53125], [-4.5625], [-2.421875], [-2.5], [-2.15625], [-2.890625], [-3.15625], [-5.5625], [-6.53125], [-3.171875], [-6.5625], [-2.6875], [-1.3125], [-3.046875], [-3.265625], [-8.9375], [-8.25], [-3.171875], [-2.9375], [-4.5], [-5.40625], [-4.03125], [-3.03125], [-2.40625], [-2.390625], [-3.34375], [-2.5625], [-2.625], [-4.71875], [-6.03125], [-8.375], [-4.5], [-3.03125], [-1.8203125], [-3.0], [-5.125], [-3.0625], [-7.0], [-4.84375], [-4.9375], [-5.375], [-2.28125], [-5.53125], [-3.453125], [-3.734375], [-1.90625], [-2.46875], [-7.15625], [-2.734375], [-9.1875], [-5.65625], [-3.890625], [-5.6875], [-2.421875], [-2.25], [-6.15625], [-2.984375], [-4.03125], [-8.5], [-5.53125], [-7.0625], [-3.65625], [-1.8984375], [-3.0625], [-2.625], [-7.34375], [-4.875], [-9.125], [-2.25], [-3.0], [-6.15625], [-4.65625], [-6.0625], [-3.625], [-2.65625], [-6.875], [-2.484375]], "anthropic-helpful-base": [[-2.328125], [-2.171875], [0.71875], [-3.71875], [-2.09375], [-2.5625], [-2.4375], [-2.875], [-2.515625], [1.3046875], [-2.3125], [0.72265625], [-1.1015625], [-2.078125], [-2.671875], [1.0859375], [-3.421875], [-2.859375], [-0.75], [-2.078125], [-1.3046875], [-0.734375], [-1.8828125], [-2.28125], [-3.765625], [-2.046875], [-4.21875], [-2.78125], [1.3359375], [-1.984375], [-2.578125], [0.1455078125], [0.60546875], [-2.46875], [-0.9296875], [-2.953125], [-1.7421875], [0.953125], [-1.28125], [-3.5625], [1.0078125], [-2.09375], [0.703125], [-2.4375], [-2.515625], [0.3515625], [-2.0625], [0.0947265625], [2.609375], [-2.84375], [-3.0625], [2.828125], [1.3046875], [2.734375], [-5.03125], [-0.8515625], [-0.5234375], [-2.125], [-2.140625], [-2.578125], [-1.0], [-3.0625], [-1.515625], [-0.408203125], [-1.4296875], [-2.71875], [-2.328125], [-2.625], [-2.078125], [-0.90625], [-1.609375], [-1.25], [-2.890625], [2.09375], [-2.5625], [0.81640625], [-0.63671875], [-3.046875], [-2.984375], [-1.7890625], [0.89453125], [3.609375], [0.23828125], [-1.46875], [-0.294921875], [-2.015625], [2.046875], [-3.546875], [-2.40625], [-1.078125], [-3.015625], [0.361328125], [-2.40625], [-1.578125], [-0.515625], [-0.78515625], [-3.28125], [0.435546875], [-1.9609375], [-2.609375], [-2.3125], [-1.1796875], [-2.71875], [-1.1953125], [3.171875], [-2.046875], [-1.9140625], [-2.484375], [-1.8046875], [-1.21875], [-1.6796875], [-2.71875], [0.2333984375], [1.5703125], [-3.5625], [-2.609375], [-3.046875], [1.140625], [-0.41015625], [-0.1884765625], [-1.734375], [-2.1875], [-3.75], [0.73828125], [-0.5390625], [-1.5546875], [-0.890625], [-0.86328125]], "anthropic-harmless-base": [[-3.109375], [-4.6875], [-2.984375], [-0.92578125], [-3.171875], [-5.75], [-2.53125], [-2.59375], [-7.5], [-1.1484375], [-3.9375], [-2.640625], [-2.953125], [-2.734375], [-3.328125], [-10.9375], [-5.6875], [-3.015625], [-3.34375], [-1.6171875], [-4.0625], [-4.8125], [-6.375], [-4.25], [-5.34375], [-5.6875], [-3.09375], [-7.59375], [-7.625], [-5.21875], [-4.28125], [-5.09375], [-3.65625], [-2.515625], [-2.765625], [-3.09375], [-8.0], [-2.8125], [-3.25], [-2.234375], [-4.46875], [-2.375], [-2.890625], [-8.4375], [-3.5], [-1.9921875], [-4.21875], [-1.1953125], [-4.65625], [-1.140625], [-4.8125], [-1.8828125], [-1.2890625], [-4.6875], [-6.9375], [-4.1875], [-4.5], [-5.375], [-3.109375], [-2.875], [-5.71875], [-2.078125], [-2.15625], [-7.90625], [-8.125], [-4.09375], [-5.375], [-2.609375], [-4.78125], [-7.84375], [-3.796875], [-6.25], [-5.03125], [-2.109375], [-1.7734375], [-2.640625], [-8.0625], [-3.125], [-5.34375], [-4.59375], [-4.96875], [-3.34375], [-4.8125], [-2.953125], [-2.90625], [-5.875], [-6.125], [-5.5625], [-3.40625], [-4.0], [-2.390625], [-5.59375], [-6.8125], [-2.21875], [-3.109375], [-2.578125], [-3.796875], [-5.0], [-2.703125], [-2.421875], [-2.203125], [-6.15625], [-10.0625], [-3.6875], [-2.796875], [-5.53125], [-6.53125], [-2.171875], [-2.25], [-1.984375], [-2.984375], [-2.484375], [-1.5625], [-7.625], [-6.875], [-6.3125], [-6.03125], [-2.0625], [-2.734375], [-3.21875], [-4.59375], [-5.0], [-4.75], [-3.78125], [-3.3125], [-5.25], [-6.90625], [-3.03125]], "openai/webgpt_comparisons": [[-2.453125], [-2.234375], [-3.0625], [-2.828125], [-2.390625], [-2.078125], [-2.671875], [-1.1171875], [-2.015625], [-2.875], [-3.28125], [-0.76953125], [-2.9375], [-2.5], [-3.109375], [-2.90625], [-1.0234375], [-2.65625], [-3.234375], [-0.74609375], [-5.65625], [-3.0625], [-0.1630859375], [-2.53125], [-3.140625], [-2.578125], [-1.6484375], [-3.359375], [-2.5], [-2.0], [-1.9609375], [-3.0], [-2.5625], [-2.484375], [-2.9375], [-3.796875], [-2.6875], [-2.65625], [-2.59375], [-3.109375], [-2.796875], [-2.375], [-1.6796875], [-3.1875], [-2.4375], [-4.28125], [-2.390625], [-2.75], [-2.328125], [-2.140625], [-2.40625], [-2.109375], [-3.203125], [-2.3125], [-5.21875], [-0.6484375], [-3.296875], [-3.203125], [-1.453125], [-2.375], [-1.0390625], [-1.984375], [-0.75], [-2.28125], [-2.84375], [-1.3125], [-2.140625], [-2.640625], [-1.90625], [-2.59375], [-2.796875], [-1.6171875], [-2.65625], [-1.109375], [-3.078125], [-2.828125], [-2.34375], [-2.84375], [-1.8359375], [-0.73828125], [-4.15625], [-3.671875], [-1.46875], [-3.671875], [-2.359375], [-1.2890625], [-2.8125], [-4.125], [-2.109375], [-2.6875], [-1.0234375], [-1.9609375], [-2.71875], [-3.671875], [-2.671875], [-3.203125], [-2.75], [-2.84375], [-1.109375], [-3.03125], [-2.484375], [-2.375], [-1.328125], [-2.828125], [-2.984375], [-2.84375], [-2.515625], [-4.6875], [-2.90625], [-2.046875], [-0.4765625], [-4.90625], [-1.7421875], [-3.0625], [-2.1875], [-3.046875], [-3.0], [-3.0], [-2.53125], [-3.390625], [-4.34375], [-3.40625], [-2.671875], [-3.125], [-3.984375], [-2.84375], [-2.0625], [0.76171875]]}
