{"anthropic-red-team": [[-2.796875], [-5.71875], [-7.09375], [-2.65625], [-2.359375], [-4.875], [-5.6875], [-2.90625], [-5.75], [-3.953125], [-5.09375], [-5.03125], [-3.921875], [-8.375], [-4.96875], [-2.953125], [-3.25], [-6.375], [-2.140625], [-4.6875], [-6.78125], [-8.4375], [-4.6875], [-2.453125], [-3.375], [-4.59375], [-0.84765625], [-8.3125], [-2.015625], [-3.015625], [-4.90625], [-3.921875], [-3.609375], [-5.34375], [-3.703125], [-3.78125], [-2.546875], [-4.0], [-6.4375], [-4.90625], [-6.15625], [-3.21875], [-0.6640625], [-4.65625], [-2.796875], [-5.59375], [-2.546875], [-3.390625], [-1.875], [-6.0], [-5.03125], [-6.03125], [-3.96875], [-3.015625], [-3.828125], [-3.234375], [-3.375], [-4.75], [-3.921875], [-6.8125], [-1.828125], [-6.3125], [-2.9375], [-4.5], [-5.53125], [-6.15625], [-6.84375], [-3.40625], [-3.28125], [-2.21875], [-3.15625], [-5.09375], [-6.5625], [-5.96875], [-2.75], [-2.71875], [-3.359375], [-6.5625], [-2.5], [-4.4375], [-5.15625], [-6.53125], [-4.5625], [-5.78125], [-6.09375], [-4.5], [-3.65625], [-3.078125], [-5.40625], [-3.375], [-5.65625], [-7.4375], [-2.671875], [-4.875], [-2.6875], [-5.375], [-1.9765625], [-2.4375], [-5.25], [-6.375], [-7.78125], [-2.921875], [-2.640625], [-3.765625], [-4.59375], [-2.03125], [-5.375], [-2.46875], [-2.921875], [-5.21875], [-4.75], [-5.78125], [-3.75], [-2.28125], [-2.890625], [-2.8125], [-8.5625], [-4.90625], [-8.5625], [-2.515625], [-2.59375], [-4.46875], [-4.71875], [-6.0625], [-5.15625], [-3.25], [-5.625], [-6.75]], "anthropic-helpful-base": [[-0.625], [-2.546875], [-0.21875], [-3.828125], [-2.59375], [-0.91796875], [-1.2734375], [-1.78125], [-2.34375], [1.1875], [-1.5546875], [0.84765625], [-2.265625], [-0.6328125], [-2.328125], [-0.37109375], [-2.203125], [2.015625], [-0.1259765625], [-2.96875], [-0.388671875], [-2.375], [-2.0], [-2.0625], [-3.875], [-2.625], [-2.953125], [-3.109375], [-1.609375], [0.63671875], [-1.6875], [-1.078125], [1.234375], [-1.78125], [-0.9375], [-4.15625], [-3.0], [1.2265625], [-2.25], [-3.578125], [1.4609375], [-2.484375], [-2.921875], [-1.21875], [-2.578125], [1.15625], [-1.7421875], [-1.40625], [-0.65625], [1.15625], [-2.75], [-1.5078125], [0.66015625], [-0.03955078125], [-3.1875], [0.435546875], [-0.625], [-2.796875], [-2.703125], [-3.0625], [-0.9609375], [-3.078125], [0.064453125], [-1.46875], [-1.625], [-2.484375], [-2.484375], [-2.203125], [-1.6953125], [-0.70703125], [-1.1328125], [-0.9921875], [-3.3125], [1.2421875], [-3.40625], [-2.0625], [-1.0625], [-1.984375], [-2.96875], [-1.765625], [1.1953125], [-2.0625], [-0.09912109375], [-1.4296875], [-0.05419921875], [-2.5], [1.5703125], [-5.875], [-1.1640625], [-1.8984375], [-1.9921875], [-1.34375], [-1.2890625], [-3.140625], [0.5078125], [0.1015625], [-2.421875], [-1.1171875], [-1.921875], [-2.65625], [-2.3125], [-0.84765625], [-2.671875], [1.375], [3.375], [-1.265625], [-0.16015625], [1.2578125], [-2.3125], [-1.8671875], [-1.609375], [-2.625], [0.318359375], [0.50390625], [-3.78125], [-2.6875], [-2.765625], [1.34375], [-0.201171875], [-2.375], [-0.80859375], [-0.54296875], [-5.03125], [-1.2109375], [-1.265625], [-1.265625], [-0.69140625], [-0.7265625]], "anthropic-harmless-base": [[-3.75], [-4.5], [-4.125], [-1.1875], [-4.40625], [-4.4375], [-4.28125], [-3.015625], [-6.125], [-2.265625], [-3.90625], [-1.5859375], [-2.171875], [-5.96875], [-4.65625], [-10.375], [-6.96875], [-2.640625], [-3.234375], [-1.90625], [-5.625], [-2.390625], [-6.03125], [-3.203125], [-4.65625], [-7.125], [-6.6875], [-6.96875], [-5.875], [-4.8125], [-5.625], [-5.84375], [-4.8125], [-3.0625], [-4.03125], [-3.046875], [-4.65625], [-3.109375], [-3.109375], [-2.140625], [-4.53125], [-7.5], [-2.953125], [-9.5], [-5.6875], [-8.0], [-4.0625], [-3.71875], [-5.59375], [-6.875], [-2.28125], [-3.984375], [-6.5625], [-3.40625], [-3.390625], [-6.5625], [-4.0], [-7.03125], [-2.53125], [-5.9375], [-5.65625], [-3.59375], [-4.4375], [-7.3125], [-6.28125], [-7.09375], [-5.65625], [-3.078125], [-5.6875], [-9.375], [-4.15625], [-5.3125], [-5.0625], [-2.15625], [-6.6875], [-3.34375], [-7.1875], [-2.578125], [-5.375], [-4.625], [-4.78125], [-4.09375], [-3.1875], [-3.0], [-3.25], [-6.03125], [-3.84375], [-8.0], [-6.3125], [-5.34375], [-2.59375], [-4.53125], [-6.1875], [-2.296875], [-5.34375], [-2.265625], [-3.484375], [-4.3125], [-4.0625], [-1.5078125], [-3.359375], [-7.125], [-5.09375], [-3.125], [-2.40625], [-5.0], [-5.78125], [-3.21875], [-1.453125], [-2.734375], [-6.0625], [-5.28125], [-5.65625], [-4.0], [-3.140625], [-6.84375], [-3.28125], [-2.25], [-3.515625], [-2.625], [-3.71875], [-5.03125], [-2.640625], [-3.75], [-2.921875], [-2.203125], [-5.4375], [-4.75]], "openai/webgpt_comparisons": [[-2.59375], [-0.48046875], [-2.671875], [-2.5], [-2.609375], [-2.234375], [-1.4296875], [-0.69140625], [-2.25], [-3.453125], [-2.75], [-0.95703125], [-1.21875], [-2.34375], [-2.96875], [-3.609375], [0.41796875], [-2.125], [-3.109375], [-2.25], [-4.9375], [-3.953125], [-2.09375], [-2.03125], [-3.0625], [-3.65625], [-1.9765625], [-3.359375], [-2.625], [-2.28125], [-1.90625], [-3.765625], [-3.453125], [-1.8984375], [-3.25], [-2.859375], [-2.546875], [-2.890625], [-3.03125], [-3.640625], [-2.90625], [-2.25], [-1.7734375], [-2.203125], [-2.796875], [-4.84375], [-2.21875], [-2.734375], [-2.671875], [-2.96875], [-2.875], [-2.28125], [-2.96875], [-4.0625], [-5.34375], [-1.7890625], [-2.984375], [-2.78125], [-3.109375], [-1.7890625], [-1.25], [-2.359375], [-2.96875], [-1.765625], [-2.3125], [-1.4609375], [-1.9453125], [-2.96875], [-1.625], [-0.302734375], [-3.484375], [-2.21875], [-2.515625], [-1.8125], [-3.0], [-1.546875], [-2.90625], [-2.328125], [-2.78125], [-2.28125], [-5.1875], [-3.171875], [-1.6640625], [-4.125], [-2.9375], [-1.53125], [-2.9375], [-2.9375], [-1.828125], [-2.234375], [-1.3828125], [-3.359375], [-2.859375], [-3.53125], [-2.5625], [-3.46875], [-2.40625], [-2.328125], [-1.953125], [-3.21875], [-2.515625], [-2.609375], [-1.7421875], [-3.125], [-3.109375], [-3.109375], [-5.375], [-4.03125], [-2.84375], [-2.0625], [-2.09375], [-4.75], [-1.046875], [-3.453125], [-3.03125], [-3.328125], [-2.703125], [-3.625], [-2.65625], [-2.875], [-3.34375], [-3.390625], [-3.09375], [-3.328125], [-4.0], [-2.84375], [-2.84375], [1.1875]]}
