{"anthropic-red-team": [[-2.859375], [-5.75], [-4.53125], [-2.859375], [-2.390625], [-4.15625], [-4.40625], [-3.09375], [-5.28125], [-3.375], [-4.40625], [-3.640625], [-2.609375], [-8.5], [-6.4375], [-2.984375], [-2.859375], [-7.03125], [-1.3359375], [-4.125], [-5.4375], [-7.1875], [-7.4375], [-2.40625], [-2.953125], [-3.25], [-0.023193359375], [-4.0625], [-2.921875], [-3.421875], [-3.1875], [-3.078125], [-4.3125], [-4.84375], [-3.984375], [-2.734375], [-1.9140625], [-3.765625], [-2.625], [-5.34375], [-2.234375], [-3.828125], [-1.890625], [-3.25], [-2.140625], [-4.8125], [-3.703125], [-4.09375], [-1.5078125], [-3.640625], [-4.40625], [-5.21875], [-5.125], [-1.609375], [-2.625], [-2.671875], [-2.671875], [-4.46875], [-5.96875], [-5.53125], [-2.734375], [-6.59375], [-2.6875], [-3.265625], [-4.0625], [-6.21875], [-4.3125], [-3.65625], [-2.96875], [-2.78125], [-5.375], [-3.734375], [-4.71875], [-6.03125], [-2.84375], [-1.765625], [-2.96875], [-2.25], [-2.28125], [-2.609375], [-5.375], [-4.53125], [-3.9375], [-5.90625], [-3.359375], [-3.109375], [-2.4375], [-2.140625], [-3.125], [-1.921875], [-5.21875], [-3.125], [-2.78125], [-5.8125], [-3.40625], [-4.9375], [-2.625], [-2.5625], [-6.21875], [-5.34375], [-6.65625], [-2.8125], [-2.03125], [-5.34375], [-3.984375], [-2.140625], [-5.65625], [-4.15625], [-3.078125], [-5.5625], [-5.625], [-4.8125], [-3.171875], [-1.6015625], [-2.890625], [-2.859375], [-3.15625], [-4.0625], [-6.1875], [-2.125], [-2.453125], [-4.46875], [-3.65625], [-6.71875], [-3.0625], [-2.359375], [-2.6875], [-4.8125]], "anthropic-helpful-base": [[-1.5], [-2.59375], [-1.6875], [-3.90625], [-1.1640625], [-2.796875], [-2.625], [-2.1875], [-2.5], [1.2734375], [-2.015625], [-0.2470703125], [-1.328125], [-0.88671875], [-2.703125], [0.921875], [-2.515625], [1.7265625], [-0.140625], [-3.125], [-2.3125], [-2.75], [-3.0625], [-2.015625], [-2.96875], [-2.203125], [-2.859375], [-3.109375], [1.125], [0.453125], [0.90234375], [-0.388671875], [0.38671875], [-2.234375], [-2.328125], [-4.125], [-2.6875], [-0.384765625], [-1.375], [-2.984375], [-2.125], [-1.625], [1.234375], [-1.453125], [-2.859375], [-0.52734375], [-1.296875], [-0.6328125], [1.6328125], [-0.76171875], [-2.765625], [-0.35546875], [-3.34375], [0.431640625], [-4.4375], [-1.1640625], [-0.5234375], [-2.609375], [-2.53125], [-2.734375], [-1.75], [-3.171875], [-1.4921875], [-2.5], [-2.546875], [-2.984375], [-2.40625], [-2.6875], [-1.6875], [0.447265625], [-2.4375], [-0.9921875], [-3.96875], [-2.796875], [-2.359375], [-1.046875], [-0.6640625], [-2.859375], [-2.59375], [-1.8046875], [-0.859375], [0.333984375], [-2.203125], [-1.421875], [-1.9140625], [-2.296875], [1.265625], [-5.84375], [-2.890625], [-2.65625], [-1.015625], [-1.4921875], [-0.6015625], [-3.046875], [-2.5], [-1.6015625], [-3.453125], [-1.859375], [-2.578125], [-2.765625], [-2.515625], [-0.12158203125], [-2.640625], [-1.8515625], [2.3125], [-2.625], [-1.109375], [-1.75], [-1.6640625], [-1.171875], [-1.8828125], [-1.2578125], [-2.6875], [1.171875], [-3.46875], [-2.859375], [-2.484375], [-0.412109375], [0.7265625], [-2.046875], [-0.84765625], [-0.447265625], [-3.703125], [1.578125], [-2.0625], [1.015625], [-0.92578125], [1.46875]], "anthropic-harmless-base": [[-2.734375], [-6.0], [-3.8125], [-5.34375], [-4.0625], [-6.5625], [-4.65625], [-2.859375], [-5.3125], [-5.1875], [-4.09375], [-2.53125], [-3.0], [-3.671875], [-2.953125], [-9.25], [-5.34375], [-2.53125], [-2.625], [-4.53125], [-4.3125], [-4.96875], [-6.53125], [-4.53125], [-3.953125], [-4.46875], [-2.578125], [-4.59375], [-7.1875], [-6.0], [-4.34375], [-7.8125], [-9.3125], [-3.046875], [-2.984375], [-2.265625], [-6.59375], [-3.078125], [-3.375], [-2.171875], [-3.03125], [-4.34375], [-2.9375], [-9.1875], [-5.375], [-6.03125], [-3.875], [-3.65625], [-4.625], [-5.21875], [-4.375], [-2.796875], [-6.4375], [-4.625], [-3.21875], [-3.65625], [-4.28125], [-7.375], [-2.359375], [-5.0625], [-4.6875], [-3.75], [-4.375], [-6.09375], [-7.09375], [-9.625], [-4.5625], [-3.640625], [-4.03125], [-6.125], [-3.390625], [-5.03125], [-4.40625], [-2.96875], [-4.9375], [-2.390625], [-4.90625], [-3.234375], [-5.4375], [-4.71875], [-5.75], [-3.828125], [-1.7265625], [-2.875], [-3.25], [-5.125], [-3.515625], [-1.8046875], [-5.1875], [-10.1875], [-2.890625], [-4.15625], [-4.09375], [-2.328125], [-5.5], [-2.53125], [-4.3125], [-4.4375], [-3.71875], [-1.640625], [-2.265625], [-4.0625], [-4.09375], [-5.0625], [-2.703125], [-3.453125], [-4.21875], [-2.640625], [3.03125], [-1.890625], [-5.5625], [-3.515625], [-3.0], [-4.03125], [-3.390625], [-4.1875], [-0.96484375], [-8.1875], [-2.6875], [-3.46875], [-3.09375], [-4.9375], [-3.328125], [-3.375], [-3.15625], [-5.96875], [-3.34375], [-6.15625]], "openai/webgpt_comparisons": [[-2.375], [-0.62109375], [-3.21875], [-2.953125], [-2.9375], [-2.1875], [-1.2734375], [-0.79296875], [-2.5625], [-3.140625], [-3.46875], [-1.9296875], [-1.578125], [-2.375], [-2.90625], [-3.875], [-0.5546875], [-2.140625], [-3.0625], [-2.3125], [-4.28125], [-4.53125], [-1.3203125], [-2.6875], [-2.984375], [-3.34375], [-1.9296875], [-3.171875], [-2.703125], [-2.25], [-1.6875], [-3.046875], [-1.8984375], [-2.140625], [-3.046875], [-2.921875], [-2.75], [-2.90625], [-2.375], [-3.421875], [-2.96875], [-2.296875], [-1.4140625], [-1.5703125], [-2.796875], [-5.3125], [-1.1171875], [-3.0625], [-2.640625], [-3.015625], [-2.640625], [-2.5], [-2.265625], [-3.375], [-4.8125], [-2.125], [-3.0], [-3.078125], [-1.2578125], [-1.4765625], [-2.46875], [-2.1875], [-2.015625], [-1.546875], [-2.78125], [-0.93359375], [-1.7109375], [-2.53125], [-2.03125], [-2.6875], [-3.265625], [-2.796875], [-2.328125], [-1.6875], [-2.390625], [-2.375], [-2.953125], [-3.1875], [-1.875], [-2.5], [-5.09375], [-3.1875], [-1.578125], [-3.921875], [-2.703125], [-2.671875], [-3.6875], [-3.46875], [-1.7578125], [-1.7421875], [-1.921875], [-2.703125], [-2.671875], [-3.359375], [-2.21875], [-3.046875], [-2.40625], [-2.984375], [-3.0625], [-2.953125], [-2.40625], [-2.3125], [-1.9453125], [-3.21875], [-2.921875], [-3.046875], [-3.765625], [-3.90625], [-2.640625], [-2.0], [-1.796875], [-2.859375], [-1.6328125], [-3.546875], [-2.734375], [-3.125], [-3.046875], [-3.125], [-2.75], [-2.703125], [-4.09375], [-3.328125], [-3.46875], [-3.015625], [-4.1875], [-2.78125], [-2.328125], [0.78125]]}
