{"anthropic-red-team": [[-2.953125], [-5.03125], [-8.375], [-4.5625], [-2.609375], [-5.15625], [-2.671875], [-4.625], [-4.5], [-6.15625], [-3.140625], [-4.21875], [-4.9375], [-6.875], [-4.53125], [-5.03125], [-2.546875], [-5.0625], [-1.8359375], [-5.625], [-8.25], [-7.28125], [-5.34375], [-5.09375], [-2.3125], [-4.8125], [-0.38671875], [-9.4375], [-2.421875], [-2.421875], [-4.5], [-5.0], [-2.90625], [-5.34375], [-4.75], [-4.6875], [-2.0625], [-4.3125], [-2.15625], [-4.5], [-4.125], [-3.625], [-1.5078125], [-4.09375], [-2.671875], [-4.875], [-2.65625], [-3.234375], [-1.7890625], [-6.28125], [-3.03125], [-6.59375], [-3.734375], [-4.0], [-2.5], [-3.234375], [-2.75], [-3.171875], [-3.921875], [-5.0], [-2.234375], [-3.0], [-3.265625], [-3.109375], [-3.65625], [-6.09375], [-5.75], [-3.46875], [-3.296875], [-2.78125], [-5.25], [-3.984375], [-2.734375], [-6.84375], [-2.296875], [-1.59375], [-2.765625], [-4.0], [-2.34375], [-3.984375], [-5.6875], [-7.78125], [-4.84375], [-6.09375], [-6.21875], [-3.859375], [-3.09375], [-3.8125], [-5.78125], [-6.03125], [-8.5625], [-3.578125], [-2.953125], [-4.4375], [-3.453125], [-5.28125], [-1.8984375], [-2.296875], [-6.125], [-3.90625], [-7.375], [-2.96875], [-3.109375], [-5.15625], [-2.859375], [-2.0], [-5.0625], [-4.125], [-2.921875], [-6.90625], [-2.890625], [-4.6875], [-3.015625], [-1.59375], [-3.828125], [-3.015625], [-9.0], [-4.34375], [-3.4375], [-2.53125], [-2.59375], [-3.515625], [-3.515625], [-3.1875], [-5.6875], [-3.65625], [-3.484375], [-4.25]], "anthropic-helpful-base": [[-0.8359375], [-2.15625], [-1.078125], [-4.03125], [-2.4375], [-3.046875], [-1.6953125], [-2.421875], [-1.8203125], [2.0625], [-1.609375], [0.45703125], [-2.9375], [0.373046875], [-2.359375], [-0.5], [-2.625], [2.578125], [0.4765625], [-1.8671875], [0.263671875], [-1.09375], [-2.84375], [-2.1875], [-2.4375], [-0.1708984375], [-3.84375], [-2.90625], [-1.3046875], [1.34375], [-2.875], [-1.703125], [0.92578125], [-2.640625], [2.703125], [-4.125], [-1.4765625], [1.8203125], [-1.59375], [-3.015625], [0.375], [-1.828125], [-1.6015625], [-1.859375], [-1.09375], [0.95703125], [-2.21875], [-0.039794921875], [1.7734375], [-0.435546875], [-3.78125], [-0.96875], [-1.234375], [2.1875], [-5.40625], [-0.5625], [-1.109375], [-2.09375], [-1.4140625], [-2.765625], [-2.171875], [-3.234375], [-1.6796875], [-0.609375], [-2.40625], [-1.1484375], [-2.453125], [-2.640625], [-2.453125], [-1.640625], [-2.390625], [-2.15625], [-2.890625], [-3.09375], [-3.625], [-0.89453125], [1.40625], [-2.09375], [-2.828125], [-1.8515625], [0.26953125], [-2.1875], [-1.0], [-1.234375], [-1.234375], [-0.275390625], [-0.1240234375], [-4.5], [-0.484375], [-1.9453125], [-2.03125], [-1.5], [-2.046875], [-2.328125], [0.03173828125], [0.462890625], [-2.234375], [-1.28125], [-1.5], [-0.9921875], [-2.546875], [-1.1015625], [-2.0], [-2.59375], [0.240234375], [-2.09375], [-1.328125], [1.5703125], [-2.140625], [0.52734375], [-1.8984375], [-2.0625], [0.43359375], [2.578125], [-3.234375], [-3.015625], [-2.5625], [-2.296875], [-2.03125], [-1.859375], [0.41796875], [0.3203125], [-4.875], [-1.9765625], [-0.458984375], [0.443359375], [-0.037353515625], [0.8046875]], "anthropic-harmless-base": [[-3.59375], [-3.765625], [-2.28125], [-0.89453125], [-2.515625], [-2.734375], [-2.90625], [-3.3125], [-7.125], [-2.984375], [-4.15625], [-1.0234375], [-2.171875], [-2.75], [-2.625], [-8.75], [-5.375], [-2.828125], [-2.390625], [-4.15625], [-5.625], [-6.03125], [-6.5], [-3.171875], [-5.3125], [-6.40625], [-3.3125], [-3.109375], [-7.25], [-4.84375], [-4.90625], [-3.640625], [-7.25], [-3.015625], [-3.53125], [-3.21875], [-8.3125], [-3.296875], [-2.921875], [-2.21875], [-3.578125], [-7.0625], [-2.890625], [-4.0625], [-5.375], [-2.5625], [-4.96875], [-4.0625], [-3.0], [-3.46875], [-2.46875], [-3.671875], [-6.0625], [-4.09375], [-1.8046875], [-6.375], [-3.578125], [-7.8125], [-2.765625], [-5.375], [-6.28125], [-4.28125], [-5.6875], [-6.875], [-7.03125], [-9.6875], [-2.84375], [-2.734375], [-4.03125], [-7.78125], [-3.0625], [-5.875], [-3.65625], [-2.90625], [-5.90625], [-2.359375], [-8.375], [-2.921875], [-3.203125], [-4.03125], [-4.75], [-3.953125], [-5.21875], [-2.875], [-2.671875], [-5.3125], [-5.09375], [-5.59375], [-2.015625], [-8.1875], [-2.453125], [-4.46875], [-6.84375], [-2.5], [-2.640625], [-2.734375], [-4.78125], [-3.46875], [-4.15625], [-2.140625], [-2.40625], [-4.0], [-3.21875], [-3.875], [-2.5625], [-4.5], [-6.46875], [-3.375], [-0.30859375], [-2.6875], [-3.53125], [-2.296875], [-4.40625], [-7.09375], [-4.21875], [-6.84375], [-1.0234375], [-7.34375], [-2.875], [-1.9375], [-5.0], [-4.4375], [-2.96875], [-2.453125], [-3.25], [-2.34375], [-6.0], [-7.125]], "openai/webgpt_comparisons": [[-2.328125], [-2.140625], [-2.78125], [-2.46875], [-2.921875], [-1.2421875], [-1.5078125], [-2.203125], [-2.453125], [-2.0], [-3.0], [-2.03125], [0.1748046875], [-2.515625], [-3.15625], [-3.609375], [-0.361328125], [-1.9609375], [-3.4375], [-1.703125], [-4.21875], [-3.765625], [-1.53125], [-2.625], [-1.8359375], [-3.03125], [-2.15625], [-3.359375], [-2.96875], [-2.65625], [-1.9609375], [-3.65625], [-2.28125], [-2.203125], [-3.421875], [-3.984375], [-2.875], [-2.828125], [-2.890625], [-4.6875], [-3.078125], [-2.421875], [-1.875], [0.6796875], [-3.125], [-5.0], [-1.15625], [-3.140625], [-2.390625], [-3.484375], [-2.40625], [-2.09375], [-2.96875], [-2.84375], [-5.4375], [-1.4609375], [-3.25], [-3.484375], [-1.2734375], [-1.9609375], [-0.07568359375], [-2.203125], [-2.3125], [-2.296875], [-2.859375], [-0.9453125], [-2.171875], [-3.203125], [-1.8359375], [-1.90625], [-3.390625], [-2.421875], [-2.71875], [-2.25], [-1.1171875], [-2.046875], [-3.015625], [-2.109375], [-2.609375], [-0.9140625], [-5.84375], [-2.203125], [-2.234375], [-3.765625], [-2.375], [-0.294921875], [-2.359375], [-3.5625], [-1.671875], [-1.5390625], [-1.8515625], [-2.03125], [-2.09375], [-3.4375], [-2.3125], [-3.28125], [-3.09375], [-3.28125], [-2.453125], [-2.921875], [-2.609375], [-2.078125], [-1.8828125], [-3.125], [-3.28125], [-2.84375], [-4.375], [-3.515625], [-3.0], [-2.015625], [0.125], [-2.78125], [-0.484375], [-3.40625], [-2.703125], [-3.125], [-3.21875], [-3.515625], [-2.671875], [-2.34375], [-3.46875], [-3.46875], [-2.90625], [-2.953125], [-4.59375], [-2.734375], [-2.90625], [1.8125]]}
