{"anthropic-red-team": [[-2.5], [-3.09375], [-5.3125], [-4.375], [-2.65625], [-2.6875], [-3.71875], [-3.625], [-2.4375], [-3.890625], [-2.5625], [-2.265625], [-4.375], [-6.09375], [-6.0625], [-4.84375], [-2.90625], [-4.75], [-2.71875], [-2.640625], [-6.25], [-8.8125], [-4.3125], [-3.578125], [-1.6171875], [-3.390625], [-2.609375], [-6.71875], [-2.609375], [-3.859375], [-2.453125], [-3.0625], [-3.03125], [-3.359375], [-2.515625], [-4.125], [-2.359375], [-4.4375], [-4.9375], [-4.90625], [-4.84375], [-3.03125], [-1.5546875], [-3.5], [-2.828125], [-3.609375], [-2.75], [-3.28125], [-3.03125], [-3.953125], [-3.890625], [-6.15625], [-2.796875], [-3.4375], [-2.734375], [-2.265625], [-2.546875], [-2.703125], [-3.734375], [-5.03125], [-4.09375], [-4.375], [-2.375], [-2.0], [-4.4375], [-3.8125], [-6.53125], [-2.53125], [-3.21875], [-2.5625], [-5.78125], [-3.84375], [-3.296875], [-2.734375], [-2.46875], [-2.265625], [-2.484375], [-3.265625], [-2.578125], [-3.1875], [-3.875], [-5.96875], [-3.265625], [-5.15625], [-2.734375], [-4.53125], [-2.328125], [-3.09375], [-5.75], [-3.0625], [-2.59375], [-4.59375], [-2.8125], [-3.265625], [-3.5625], [-5.0], [-1.2890625], [-2.859375], [-3.046875], [-6.03125], [-3.625], [-2.484375], [-4.375], [-2.453125], [-3.40625], [-2.125], [-4.84375], [-2.109375], [-3.53125], [-5.34375], [-3.90625], [-3.859375], [-3.171875], [-2.515625], [-2.9375], [-2.71875], [-8.9375], [-4.09375], [-4.78125], [-2.453125], [-2.640625], [-4.15625], [-4.40625], [-5.0625], [-5.0], [-2.453125], [-5.34375], [-4.6875]], "anthropic-helpful-base": [[-2.5], [-3.140625], [-2.53125], [-3.640625], [-3.078125], [-2.609375], [-1.90625], [-2.59375], [-2.515625], [-2.578125], [-2.203125], [0.59765625], [-3.109375], [-2.0625], [-2.515625], [-0.76953125], [-3.546875], [-0.796875], [-0.953125], [-2.03125], [-1.84375], [-2.640625], [-2.875], [-3.796875], [-3.078125], [-3.140625], [-3.40625], [-3.28125], [-1.4453125], [-2.25], [-2.84375], [-1.640625], [-2.140625], [-2.875], [-0.8125], [-2.765625], [-3.015625], [-1.5625], [-3.34375], [-3.015625], [-1.859375], [-2.25], [-2.6875], [-2.578125], [-2.828125], [-1.4765625], [-2.796875], [-1.96875], [0.11181640625], [-3.1875], [-3.25], [-1.6484375], [-3.390625], [-3.765625], [-4.625], [-2.640625], [-1.421875], [-2.84375], [-2.75], [-3.796875], [-2.734375], [-3.1875], [-3.0], [-2.84375], [-1.4453125], [-2.65625], [-2.671875], [-2.640625], [-2.28125], [-1.4453125], [-3.046875], [-2.53125], [-3.375], [-2.484375], [-2.375], [-2.40625], [-1.7265625], [-2.671875], [-2.515625], [-2.3125], [-2.03125], [-3.015625], [-2.1875], [-2.4375], [-1.15625], [-2.15625], [-2.75], [-6.5], [-3.09375], [-2.328125], [-2.40625], [-2.140625], [-2.375], [-3.046875], [-2.0], [0.1611328125], [-2.03125], [-2.46875], [-2.390625], [-2.75], [-2.078125], [-1.8828125], [-2.6875], [-3.765625], [-2.796875], [-2.546875], [-2.984375], [-1.53125], [-2.171875], [-0.50390625], [-2.5], [-2.359375], [-2.46875], [-0.328125], [-3.796875], [-2.703125], [-1.828125], [-2.375], [-0.6015625], [-2.171875], [-0.625], [-0.984375], [-4.34375], [-2.421875], [-0.97265625], [-2.703125], [-2.140625], [-0.4140625]], "anthropic-harmless-base": [[-3.28125], [-2.734375], [-3.09375], [-2.109375], [-4.875], [-3.015625], [-3.78125], [-3.296875], [-4.84375], [-2.484375], [-2.546875], [-2.359375], [-3.25], [-2.515625], [-3.453125], [-7.4375], [-4.5625], [-2.921875], [-2.578125], [-3.1875], [-4.6875], [-3.59375], [-4.9375], [-3.265625], [-2.8125], [-4.28125], [-6.21875], [-6.875], [-3.890625], [-4.5625], [-4.0], [-5.84375], [-5.90625], [-2.59375], [-2.859375], [-2.671875], [-4.0], [-2.703125], [-2.953125], [-2.453125], [-2.515625], [-2.59375], [-2.65625], [-7.375], [-3.3125], [-4.84375], [-3.09375], [-2.046875], [-3.828125], [-4.75], [-5.90625], [-3.953125], [-4.5], [-3.296875], [-2.234375], [-3.921875], [-4.03125], [-7.90625], [-3.046875], [-4.84375], [-4.40625], [-2.65625], [-2.671875], [-4.1875], [-5.125], [-6.71875], [-6.53125], [-2.375], [-4.09375], [-3.90625], [-3.296875], [-2.75], [-3.453125], [-3.125], [-3.9375], [-2.6875], [-6.28125], [-2.5625], [-3.453125], [-5.90625], [-5.4375], [-4.0], [-4.84375], [-3.046875], [-2.625], [-3.171875], [-5.15625], [-2.46875], [-5.5625], [-5.125], [-2.78125], [-3.375], [-5.0625], [-1.8203125], [-2.859375], [-2.8125], [-3.21875], [-3.265625], [-3.859375], [-3.5], [-3.53125], [-4.875], [-6.15625], [-3.109375], [-2.984375], [-3.734375], [-6.625], [-3.21875], [-1.859375], [-2.375], [-3.671875], [-4.21875], [-5.375], [-4.53125], [-4.46875], [-5.5], [-3.65625], [-3.859375], [-1.90625], [-2.859375], [-2.875], [-6.90625], [-2.4375], [-3.25], [-2.484375], [-2.5], [-8.375], [-4.0]], "openai/webgpt_comparisons": [[-3.03125], [-2.5625], [-2.1875], [-2.78125], [-3.15625], [-2.4375], [-1.8671875], [-2.703125], [-2.5], [-2.75], [-3.375], [-2.5625], [-2.96875], [-2.5625], [-2.53125], [-3.15625], [-0.7265625], [-2.0], [-3.265625], [-2.5625], [-3.578125], [-3.84375], [-2.28125], [-2.953125], [-2.8125], [-2.578125], [-2.734375], [-3.15625], [-2.671875], [-2.4375], [-1.171875], [-2.671875], [-3.078125], [-2.484375], [-3.515625], [-2.890625], [-2.90625], [-2.609375], [-2.890625], [-3.921875], [-2.296875], [-2.53125], [-2.21875], [-2.46875], [-2.765625], [-3.328125], [-2.65625], [-2.6875], [-3.171875], [-1.8671875], [-2.546875], [-2.28125], [-3.03125], [-2.875], [-4.0], [-1.2265625], [-3.234375], [-2.546875], [-2.5], [-3.015625], [-3.390625], [-2.234375], [-1.3203125], [-1.8359375], [-2.953125], [-1.9140625], [-2.140625], [-3.015625], [-2.421875], [-1.96875], [-3.65625], [-3.265625], [-2.890625], [-3.671875], [-3.140625], [-2.609375], [-2.875], [-2.28125], [-2.90625], [-2.28125], [-5.15625], [-2.421875], [-1.3984375], [-3.5625], [-2.71875], [-1.515625], [-2.5625], [-3.15625], [-1.578125], [-2.359375], [-2.734375], [-2.0625], [-2.53125], [-2.90625], [-3.296875], [-3.421875], [-3.5], [-2.703125], [-2.875], [-2.796875], [-2.390625], [-2.171875], [-2.09375], [-3.125], [-3.171875], [-2.796875], [-3.90625], [-3.453125], [-2.390625], [-2.109375], [-2.140625], [-2.859375], [-2.40625], [-3.140625], [-2.9375], [-3.171875], [-3.0625], [-2.296875], [-2.6875], [-3.234375], [-2.96875], [-3.109375], [-3.546875], [-2.734375], [-3.609375], [-2.53125], [-3.703125], [-1.71875]]}
