{"anthropic-red-team": [[-2.375], [-4.90625], [-6.65625], [-2.4375], [-2.5], [-5.0625], [-3.765625], [-4.625], [-3.140625], [-6.03125], [-4.71875], [-3.65625], [-3.765625], [-6.9375], [-4.65625], [-4.5625], [-2.4375], [-3.8125], [-2.5], [-2.046875], [-5.75], [-8.3125], [-6.09375], [-3.453125], [-2.46875], [-4.40625], [-1.4609375], [-9.5625], [-2.03125], [-2.328125], [-3.09375], [-3.546875], [-3.140625], [-5.09375], [-3.84375], [-5.15625], [-2.0625], [-3.53125], [-5.75], [-3.859375], [-5.4375], [-3.375], [-0.7421875], [-3.484375], [-2.8125], [-4.875], [-2.390625], [-1.765625], [-1.0625], [-5.75], [-4.71875], [-4.875], [-4.8125], [-1.3203125], [-3.484375], [-2.9375], [-2.390625], [-3.484375], [-4.34375], [-2.78125], [-2.03125], [-5.09375], [-2.5625], [-3.578125], [-3.65625], [-6.15625], [-3.875], [-5.09375], [-2.90625], [-2.078125], [-5.09375], [-3.09375], [-3.546875], [-2.609375], [-2.8125], [-1.328125], [-3.375], [-5.0], [-2.34375], [-4.25], [-4.53125], [-6.90625], [-4.96875], [-5.4375], [-6.59375], [-2.859375], [-3.703125], [-2.5], [-3.265625], [-6.0], [-3.484375], [-5.5625], [-2.59375], [-4.1875], [-2.9375], [-4.3125], [-1.5625], [-2.625], [-6.5625], [-5.53125], [-8.875], [-2.765625], [-1.953125], [-5.0], [-4.53125], [-2.359375], [-6.84375], [-3.625], [-3.375], [-2.5625], [-4.5625], [-5.09375], [-4.03125], [-2.03125], [-2.796875], [-2.765625], [-5.03125], [-4.46875], [-6.40625], [-2.40625], [-2.359375], [-2.703125], [-3.296875], [-4.59375], [-5.46875], [-4.65625], [-6.4375], [-3.96875]], "anthropic-helpful-base": [[-2.21875], [-0.1533203125], [-2.46875], [-4.15625], [-1.390625], [-2.9375], [-2.328125], [-2.3125], [-2.359375], [1.7421875], [-2.359375], [0.349609375], [-1.5234375], [-1.9609375], [-2.5625], [0.494140625], [-3.0], [3.15625], [-3.0625], [-2.265625], [-1.40625], [-2.34375], [-1.3125], [-2.609375], [-4.40625], [-1.0859375], [-3.4375], [-2.890625], [-1.1796875], [1.5625], [-2.0], [0.87109375], [-0.04736328125], [-1.3359375], [1.59375], [-2.9375], [-1.75], [-1.6171875], [-1.578125], [-3.671875], [0.1630859375], [-1.46875], [-1.65625], [-2.125], [-1.6484375], [0.47265625], [-0.474609375], [-0.609375], [2.03125], [-0.87890625], [-2.296875], [2.75], [0.6484375], [1.5234375], [-5.28125], [-1.7890625], [-1.2734375], [-2.5], [-1.8984375], [-3.265625], [-2.03125], [-2.40625], [-1.796875], [0.10400390625], [-1.96875], [-0.8359375], [-1.9453125], [-1.625], [-2.9375], [-2.5625], [-2.953125], [-1.515625], [-2.828125], [-1.7265625], [-2.53125], [-0.76953125], [-0.486328125], [-0.7578125], [-2.9375], [-1.4375], [-2.1875], [-3.25], [-0.4453125], [-0.26171875], [-0.37109375], [-1.1640625], [1.65625], [-3.578125], [-0.115234375], [-2.078125], [-1.7734375], [-0.703125], [1.6484375], [-2.796875], [0.486328125], [-1.40625], [-2.96875], [-0.80078125], [-2.546875], [-1.109375], [-2.375], [-1.8984375], [-2.671875], [-0.33203125], [2.0625], [-0.5546875], [-1.5234375], [0.625], [-2.171875], [-1.15625], [-2.515625], [-1.7734375], [0.2294921875], [2.34375], [-2.96875], [-2.25], [-3.421875], [1.9609375], [0.9921875], [-1.2109375], [-0.95703125], [0.345703125], [-5.25], [-1.984375], [-1.8515625], [1.359375], [-0.00665283203125], [-0.59765625]], "anthropic-harmless-base": [[-3.75], [-3.203125], [-6.09375], [-1.15625], [-2.96875], [-9.0], [-3.328125], [-3.59375], [-6.71875], [-2.390625], [-4.625], [-2.1875], [-5.9375], [-5.09375], [-3.203125], [-11.0625], [-5.03125], [-2.671875], [-3.296875], [-3.4375], [-5.71875], [-4.375], [-3.59375], [-2.46875], [-5.15625], [-6.4375], [-4.59375], [-6.53125], [-6.3125], [-4.8125], [-5.0625], [-6.3125], [-9.0], [-3.5625], [-3.65625], [-4.375], [-7.21875], [-3.046875], [-2.96875], [-2.5], [-4.0625], [-2.78125], [-5.03125], [-7.28125], [-4.34375], [-6.84375], [-5.21875], [-4.09375], [-6.125], [-2.203125], [-6.5625], [-3.65625], [-6.1875], [-3.015625], [-3.5], [-6.125], [-6.34375], [-4.53125], [-3.0], [-4.9375], [-5.28125], [-1.6953125], [-6.40625], [-8.8125], [-5.75], [-6.875], [-6.15625], [-3.78125], [-5.03125], [-7.09375], [-6.90625], [-5.65625], [-4.40625], [-2.53125], [-2.46875], [-3.234375], [-6.5625], [-4.15625], [-2.5], [-4.59375], [-7.46875], [-4.25], [-2.0], [-2.84375], [-2.546875], [-2.703125], [-3.203125], [-1.8359375], [-6.0625], [-4.40625], [-2.296875], [-4.3125], [-6.8125], [-1.671875], [-4.9375], [-2.5], [-4.46875], [-3.421875], [-3.3125], [-1.3046875], [-3.859375], [-6.25], [-7.90625], [-3.03125], [-4.125], [-4.15625], [-6.0], [-2.171875], [-1.578125], [-2.59375], [-5.8125], [-4.75], [-1.9453125], [-6.40625], [-7.0], [-3.34375], [-1.4375], [-7.125], [-2.90625], [-3.03125], [-5.5625], [-4.96875], [-3.6875], [-3.859375], [-3.171875], [-5.96875], [-2.078125], [-7.1875]], "openai/webgpt_comparisons": [[-3.59375], [-3.078125], [-2.34375], [-2.921875], [-2.90625], [-1.2265625], [-2.890625], [-0.275390625], [-2.609375], [-1.7109375], [-2.96875], [-2.078125], [-2.921875], [-3.828125], [-2.59375], [-3.390625], [-0.375], [-1.28125], [-3.3125], [-1.8046875], [-4.78125], [-3.03125], [-1.9375], [-0.38671875], [-3.25], [-4.125], [-2.484375], [-3.15625], [-2.859375], [-1.7890625], [-1.546875], [-3.1875], [-2.203125], [-0.92578125], [-3.53125], [-3.140625], [-2.5], [-2.515625], [-2.53125], [-4.34375], [-1.9296875], [-2.28125], [-2.015625], [1.109375], [-2.734375], [-4.46875], [-0.048095703125], [-2.65625], [-2.28125], [-3.203125], [-2.90625], [-2.390625], [-3.171875], [-2.484375], [-4.71875], [-0.2275390625], [-3.15625], [-3.265625], [-2.78125], [-2.3125], [-0.875], [-2.296875], [-1.078125], [-2.390625], [-2.421875], [-1.5390625], [-1.171875], [-2.65625], [-2.171875], [-2.6875], [-4.125], [-2.703125], [-2.515625], [-1.546875], [-3.078125], [-1.3984375], [-2.90625], [-2.59375], [-2.140625], [0.12890625], [-4.1875], [-3.28125], [-1.9921875], [-4.0], [-2.703125], [-1.21875], [-2.796875], [-3.390625], [-1.9765625], [-2.796875], [-0.85546875], [-2.90625], [-2.671875], [-3.6875], [-2.28125], [-3.1875], [-2.5625], [-2.828125], [-1.4921875], [-3.15625], [-2.609375], [-2.359375], [-2.34375], [-2.609375], [-3.140625], [-2.875], [-3.5625], [-6.4375], [-2.421875], [-2.3125], [-1.1328125], [-5.78125], [-1.8046875], [-3.484375], [-2.015625], [-3.21875], [-2.984375], [-2.109375], [-2.78125], [-3.09375], [-3.890625], [-3.421875], [-2.921875], [-3.203125], [-3.59375], [-2.875], [-3.109375], [1.109375]]}
