{"anthropic-red-team": [[-2.71875], [-4.0625], [-6.15625], [-3.078125], [-3.09375], [-4.65625], [-4.5], [-2.359375], [-5.6875], [-5.75], [-4.46875], [-2.5625], [-2.828125], [-6.78125], [-3.71875], [-3.734375], [-2.90625], [-5.34375], [-2.234375], [-5.15625], [-5.0625], [-7.59375], [-5.75], [-4.8125], [-3.078125], [-4.8125], [-1.1015625], [-7.21875], [-2.34375], [-3.609375], [-4.21875], [-2.640625], [-2.9375], [-5.40625], [-5.15625], [-3.859375], [-2.171875], [-5.09375], [-6.46875], [-5.0], [-4.875], [-3.65625], [-1.4140625], [-3.90625], [-2.84375], [-3.78125], [-2.46875], [-1.953125], [-1.9140625], [-5.21875], [-4.875], [-5.4375], [-4.78125], [-2.1875], [-3.3125], [-3.25], [-2.578125], [-3.703125], [-2.40625], [-5.6875], [-3.734375], [-6.25], [-3.046875], [-3.421875], [-2.734375], [-6.21875], [-5.375], [-3.484375], [-3.28125], [-2.5], [-3.140625], [-3.453125], [-3.078125], [-7.34375], [-2.828125], [-2.296875], [-2.78125], [-3.46875], [-2.421875], [-3.75], [-3.171875], [-4.40625], [-3.5], [-5.125], [-4.25], [-4.1875], [-3.84375], [-3.703125], [-5.125], [-2.265625], [-4.15625], [-5.65625], [-1.6328125], [-7.375], [-3.75], [-4.4375], [-3.21875], [-3.078125], [-4.625], [-2.921875], [-8.5], [-2.71875], [-2.8125], [-5.40625], [-4.09375], [-2.078125], [-4.0625], [-4.3125], [-3.125], [-2.4375], [-5.03125], [-5.625], [-2.984375], [-1.8125], [-3.3125], [-3.0], [-7.75], [-3.625], [-6.9375], [-2.5625], [-2.640625], [-4.21875], [-4.4375], [-3.796875], [-5.375], [-4.40625], [-4.1875], [-6.375]], "anthropic-helpful-base": [[-2.796875], [-2.625], [-1.71875], [-3.671875], [-2.796875], [-2.59375], [-1.9765625], [-3.15625], [-2.328125], [-2.9375], [-1.90625], [-0.1015625], [-2.125], [-0.69921875], [-2.6875], [-0.0322265625], [-3.484375], [-0.78515625], [-2.015625], [-2.390625], [-2.375], [-2.984375], [-2.765625], [-1.9609375], [-3.109375], [-1.6484375], [-3.515625], [-2.5625], [-0.390625], [0.005767822265625], [-2.734375], [-2.265625], [-0.78125], [-2.515625], [-1.7890625], [-2.21875], [-2.34375], [-1.65625], [-2.46875], [-3.34375], [0.0908203125], [-2.65625], [0.310546875], [-2.90625], [-2.078125], [-0.5703125], [-2.75], [-2.703125], [-0.73828125], [-2.390625], [-2.265625], [-3.03125], [-0.79296875], [-0.11279296875], [-3.171875], [-0.0615234375], [-2.15625], [-2.703125], [-2.59375], [-3.46875], [-2.4375], [-3.15625], [-2.265625], [-1.1640625], [-1.9375], [-2.453125], [-2.71875], [-2.5], [-2.578125], [-1.4453125], [-1.8359375], [-2.609375], [-3.0], [-2.5], [-2.453125], [-0.7890625], [0.1748046875], [-2.671875], [-2.78125], [-2.796875], [-1.5625], [-3.40625], [-1.265625], [-1.90625], [-1.4765625], [-2.96875], [-1.1015625], [-3.671875], [-2.984375], [-2.96875], [-1.953125], [-1.6484375], [-2.078125], [-2.609375], [-2.234375], [-0.234375], [-2.609375], [-2.484375], [-1.671875], [-1.484375], [-2.171875], [-1.515625], [-2.234375], [-1.2890625], [2.8125], [-2.1875], [-1.96875], [-0.27734375], [-2.453125], [-1.96875], [-2.71875], [-3.25], [-1.109375], [-1.796875], [-3.65625], [-2.984375], [-2.5], [-1.453125], [-1.03125], [-1.8359375], [0.0133056640625], [0.0703125], [-5.375], [-1.734375], [-2.125], [-1.859375], [-2.890625], [-1.3515625]], "anthropic-harmless-base": [[-3.84375], [-3.40625], [-2.765625], [-1.4609375], [-3.46875], [-5.96875], [-2.796875], [-3.296875], [-5.9375], [-2.8125], [-4.625], [-2.40625], [-5.40625], [-5.09375], [-3.21875], [-9.125], [-4.5625], [-2.46875], [-3.140625], [-1.8046875], [-5.875], [-5.625], [-4.0], [-2.53125], [-3.03125], [-4.3125], [-4.875], [-6.6875], [-4.78125], [-3.546875], [-4.53125], [-3.640625], [-7.34375], [-3.546875], [-3.8125], [-2.71875], [-6.96875], [-3.40625], [-3.078125], [-2.453125], [-3.125], [-2.921875], [-3.0], [-8.375], [-4.4375], [-4.8125], [-4.59375], [-6.53125], [-5.8125], [-3.03125], [-3.5], [-2.65625], [-6.375], [-5.40625], [-3.34375], [-4.84375], [-4.71875], [-4.6875], [-3.109375], [-5.71875], [-6.5625], [-2.75], [-5.03125], [-2.921875], [-6.0], [-6.75], [-5.40625], [-2.109375], [-6.125], [-4.65625], [-3.390625], [-4.25], [-4.5625], [-2.828125], [-4.625], [-3.171875], [-3.875], [-3.09375], [-5.34375], [-3.578125], [-5.96875], [-2.75], [-2.484375], [-3.03125], [-3.9375], [-2.8125], [-4.03125], [-3.4375], [-2.40625], [-4.09375], [-2.671875], [-5.125], [-5.4375], [-1.6015625], [-3.703125], [-3.21875], [-5.21875], [-4.25], [-4.9375], [-1.765625], [-3.109375], [-5.0], [-7.25], [-4.78125], [-2.84375], [-4.4375], [-6.0], [-1.9296875], [-1.7109375], [-2.328125], [-2.953125], [-5.53125], [-5.375], [-2.796875], [-3.421875], [-6.9375], [-5.125], [-2.203125], [-2.140625], [-3.1875], [-3.125], [-7.84375], [-2.875], [-3.234375], [-2.453125], [-2.84375], [-4.46875], [-5.21875]], "openai/webgpt_comparisons": [[-3.15625], [-1.9453125], [-2.671875], [-2.78125], [-2.859375], [-2.328125], [-2.40625], [-2.859375], [-2.578125], [-2.6875], [-3.0], [-2.6875], [-1.5], [-2.546875], [-2.90625], [-3.0], [-0.74609375], [-1.7109375], [-3.0625], [-2.609375], [-4.78125], [-4.46875], [-2.3125], [-3.046875], [-3.34375], [-4.28125], [-2.6875], [-3.328125], [-2.875], [-2.078125], [-2.03125], [-2.59375], [-3.0], [-2.234375], [-3.328125], [-3.421875], [-2.484375], [-3.03125], [-2.734375], [-3.5], [-2.78125], [-2.71875], [-2.0], [-3.140625], [-2.734375], [-4.90625], [-1.1875], [-2.796875], [-2.703125], [-3.953125], [-2.453125], [-2.484375], [-2.75], [-3.09375], [-3.375], [-1.6875], [-3.140625], [-2.890625], [-2.671875], [-2.9375], [-1.7734375], [-2.59375], [-2.859375], [-2.53125], [-2.8125], [-0.94921875], [-1.5703125], [-3.0], [-1.84375], [-2.078125], [-3.75], [-2.65625], [-2.6875], [-3.078125], [-2.671875], [-1.9453125], [-3.125], [-2.796875], [-2.75], [-2.3125], [-4.78125], [-1.40625], [-2.171875], [-4.5], [-2.59375], [-2.65625], [-2.921875], [-3.328125], [-2.046875], [-2.828125], [-1.5234375], [-2.546875], [-2.46875], [-3.5], [-2.453125], [-2.671875], [-2.6875], [-2.9375], [-3.015625], [-3.109375], [-2.546875], [-2.421875], [-1.7734375], [-2.484375], [-3.140625], [-3.25], [-3.421875], [-3.453125], [-2.359375], [-2.1875], [-2.46875], [-3.625], [-1.6015625], [-3.53125], [-2.234375], [-3.46875], [-2.796875], [-2.765625], [-2.765625], [-2.734375], [-3.375], [-3.359375], [-2.9375], [-3.03125], [-4.21875], [-2.765625], [-2.109375], [-1.7109375]]}
