{"anthropic-red-team": [[-2.203125], [-6.15625], [-7.5], [-4.84375], [-3.015625], [-2.6875], [-3.59375], [-4.53125], [-3.546875], [-5.78125], [-4.3125], [-4.84375], [-4.375], [-4.0625], [-5.1875], [-4.09375], [-2.140625], [-3.28125], [-1.734375], [-3.40625], [-4.875], [-7.75], [-7.0625], [-5.375], [-1.3984375], [-5.0], [-0.00677490234375], [-9.375], [-2.453125], [-3.625], [-5.09375], [-3.3125], [-2.46875], [-5.3125], [-2.59375], [-4.78125], [-2.34375], [-3.84375], [-1.7421875], [-4.0625], [-6.0625], [-6.0], [-0.388671875], [-3.828125], [-2.59375], [-4.90625], [-2.390625], [-1.96875], [-0.80859375], [-3.5], [-3.9375], [-5.15625], [-3.65625], [-4.3125], [-2.59375], [-2.703125], [-2.84375], [-2.6875], [-4.4375], [-4.40625], [-2.40625], [-5.9375], [-1.8203125], [-2.5], [-2.890625], [-5.34375], [-6.78125], [-5.25], [-2.984375], [-2.046875], [-4.5625], [-6.3125], [-2.328125], [-2.359375], [-3.703125], [-1.7421875], [-2.625], [-6.5625], [-2.390625], [-4.0625], [-7.34375], [-4.09375], [-3.375], [-7.21875], [-6.84375], [-2.53125], [-3.84375], [-2.15625], [-3.578125], [-5.71875], [-4.625], [-6.375], [-1.8828125], [-4.28125], [-3.5], [-5.0], [-2.09375], [-2.390625], [-6.5], [-2.8125], [-4.75], [-2.546875], [-4.59375], [-2.53125], [-4.6875], [-1.9765625], [-2.9375], [-1.90625], [-8.25], [-8.25], [-2.453125], [-5.125], [-3.640625], [-1.984375], [-2.921875], [-2.53125], [-8.4375], [-4.40625], [-2.25], [-1.7421875], [-2.75], [-5.78125], [-3.828125], [-4.96875], [-3.203125], [-1.5078125], [-5.25], [-6.65625]], "anthropic-helpful-base": [[2.421875], [-1.5], [1.609375], [-2.84375], [-2.578125], [-3.0625], [0.283203125], [-0.2216796875], [-1.8125], [2.46875], [-1.4296875], [0.7421875], [1.1015625], [0.1748046875], [-2.875], [0.3203125], [-1.875], [1.84375], [0.44140625], [-0.84375], [1.28125], [0.3671875], [0.1904296875], [-2.0625], [-2.84375], [-1.5625], [-4.1875], [-2.296875], [-0.044189453125], [2.15625], [1.4453125], [-1.796875], [1.75], [1.2890625], [2.0625], [-3.484375], [-1.8671875], [2.0], [-2.640625], [-2.546875], [0.56640625], [1.9609375], [2.578125], [0.412109375], [1.9140625], [1.3359375], [-0.298828125], [1.015625], [3.265625], [1.46875], [-2.859375], [2.671875], [1.265625], [2.703125], [-3.640625], [1.6796875], [-0.306640625], [-1.5078125], [-0.6171875], [-3.09375], [-0.703125], [-1.7421875], [0.5546875], [-1.1015625], [-0.453125], [1.4921875], [-2.0625], [0.765625], [1.1484375], [0.51171875], [1.28125], [-1.5234375], [-1.3984375], [-2.140625], [-2.109375], [1.8203125], [-1.8515625], [-3.03125], [-1.71875], [-0.71875], [0.89453125], [2.046875], [-2.6875], [2.078125], [0.5390625], [1.6484375], [2.578125], [-3.796875], [0.609375], [-2.328125], [-0.68359375], [1.0546875], [1.953125], [-1.609375], [0.625], [1.875], [-1.6484375], [-0.71875], [-0.71875], [0.69921875], [-0.5625], [-0.7109375], [-2.09375], [1.734375], [3.9375], [-0.984375], [0.396484375], [-0.87109375], [-1.3046875], [2.609375], [-1.453125], [-0.0498046875], [1.015625], [3.25], [-2.8125], [-2.28125], [-2.0], [-2.171875], [1.734375], [-0.2294921875], [-0.49609375], [-0.90625], [-5.5], [1.140625], [1.5], [2.625], [0.236328125], [-1.671875]], "anthropic-harmless-base": [[-3.234375], [-2.71875], [-6.25], [-9.9375], [-2.640625], [-9.4375], [-4.9375], [-2.828125], [-7.1875], [-1.40625], [-2.375], [1.015625], [-4.03125], [-2.25], [-4.78125], [-11.3125], [-1.46875], [-2.796875], [-3.4375], [-5.03125], [-5.9375], [-2.984375], [-2.828125], [-5.25], [-4.46875], [-8.25], [-7.09375], [-4.03125], [-1.4375], [-2.5], [-2.3125], [-2.984375], [-5.09375], [-4.71875], [-4.0], [-3.359375], [-8.8125], [-3.640625], [-2.515625], [-2.453125], [-2.53125], [-5.03125], [-1.921875], [-3.953125], [-3.046875], [-5.75], [-2.453125], [-3.234375], [-6.84375], [-1.6953125], [-2.828125], [-4.5], [-7.3125], [-5.5625], [-4.125], [-5.375], [-6.25], [-5.25], [-2.453125], [-6.59375], [-6.625], [-1.484375], [-5.8125], [-9.375], [-5.8125], [-10.4375], [-6.9375], [-2.65625], [-3.984375], [-9.375], [-3.984375], [-5.125], [-3.59375], [-2.765625], [-4.375], [-4.5625], [-9.0625], [-2.28125], [-4.625], [-4.71875], [-5.375], [-1.953125], [-5.875], [-2.984375], [-3.078125], [-7.46875], [-7.46875], [-3.515625], [-7.65625], [-1.2734375], [-2.890625], [-4.125], [-6.9375], [-1.921875], [-2.453125], [-1.609375], [-3.65625], [-3.5625], [-3.421875], [-3.484375], [-2.625], [-4.46875], [-10.5625], [-2.828125], [-0.6875], [-6.78125], [-5.59375], [-2.8125], [0.4140625], [-0.80859375], [-2.328125], [-6.3125], [-5.53125], [-7.4375], [-2.171875], [-8.6875], [-4.4375], [-6.90625], [-2.265625], [-3.078125], [-4.09375], [-6.84375], [-3.78125], [-2.71875], [-2.03125], [-2.8125], [-7.375], [-3.25]], "openai/webgpt_comparisons": [[-3.3125], [-1.96875], [-1.484375], [-2.609375], [-1.2578125], [-0.119140625], [-2.921875], [0.50390625], [-2.4375], [-3.453125], [-2.828125], [-3.0], [-2.375], [-2.40625], [-2.828125], [-2.578125], [0.5078125], [-2.15625], [-3.25], [-1.4453125], [-3.59375], [-3.65625], [-0.2578125], [-2.609375], [-1.765625], [-3.65625], [-2.0625], [-0.77734375], [-2.65625], [-2.59375], [-2.109375], [-2.078125], [-2.15625], [-0.47265625], [-3.28125], [-1.953125], [-2.6875], [-2.9375], [-3.015625], [-3.0625], [-1.3203125], [-2.453125], [-1.953125], [-2.640625], [-1.640625], [-5.25], [-2.765625], [-2.515625], [-1.765625], [-1.5625], [-2.546875], [-1.3671875], [-1.8828125], [-2.609375], [-2.40625], [-2.84375], [-0.9765625], [-3.34375], [-2.984375], [-3.109375], [-0.2421875], [-1.8359375], [-2.046875], [-2.28125], [-3.171875], [0.019775390625], [-1.0703125], [0.78125], [-0.60546875], [-2.625], [-2.0625], [-1.25], [-2.671875], [-3.125], [-2.796875], [-0.74609375], [-1.3671875], [-3.28125], [-0.921875], [-2.234375], [-4.28125], [-2.671875], [-2.6875], [-3.203125], [-2.9375], [-0.8984375], [-1.75], [-1.3984375], [-2.859375], [-2.75], [-0.69140625], [-2.40625], [-2.59375], [-3.53125], [-3.09375], [-3.484375], [-2.640625], [-1.921875], [-2.375], [-1.9921875], [-2.921875], [-2.0625], [-0.94921875], [-2.40625], [-2.3125], [-2.125], [-3.453125], [-3.09375], [-2.109375], [-2.140625], [0.408203125], [-4.3125], [0.041259765625], [-3.265625], [-2.640625], [-3.140625], [-2.359375], [-3.25], [-2.640625], [-1.65625], [-4.21875], [-3.46875], [-2.71875], [-1.296875], [-4.0], [-2.34375], [-2.890625], [-2.3125]]}
