{"anthropic-red-team": [[-2.125], [-4.03125], [-5.40625], [-3.515625], [-2.265625], [-2.46875], [-3.140625], [-2.140625], [-3.0625], [-4.34375], [-2.3125], [-2.921875], [-2.109375], [-5.46875], [-3.109375], [-3.796875], [-2.546875], [-3.25], [-1.5078125], [-3.859375], [-3.203125], [-5.3125], [-3.78125], [-2.6875], [-1.8359375], [-2.640625], [-1.0390625], [-5.65625], [-1.84375], [-2.859375], [-3.734375], [-1.9609375], [-2.71875], [-3.203125], [-4.125], [-4.34375], [-1.8984375], [-3.875], [-2.796875], [-3.859375], [-3.9375], [-5.03125], [-0.61328125], [-3.421875], [-2.453125], [-4.1875], [-2.125], [-2.328125], [-1.171875], [-4.875], [-2.375], [-5.46875], [-3.453125], [-2.046875], [-3.25], [-2.703125], [-2.53125], [-3.125], [-3.28125], [-3.125], [-3.078125], [-4.0], [-2.953125], [-2.578125], [-2.71875], [-4.34375], [-5.25], [-3.46875], [-2.640625], [-2.1875], [-3.65625], [-2.1875], [-3.46875], [-4.65625], [-2.15625], [-1.640625], [-2.59375], [-5.625], [-2.140625], [-2.984375], [-4.0625], [-5.21875], [-4.0625], [-4.3125], [-3.8125], [-2.84375], [-3.625], [-2.359375], [-2.5625], [-3.546875], [-2.859375], [-3.53125], [-1.765625], [-3.328125], [-3.046875], [-3.859375], [-1.734375], [-1.9765625], [-2.46875], [-3.171875], [-5.875], [-2.359375], [-3.359375], [-2.546875], [-2.5625], [-1.859375], [-4.09375], [-3.484375], [-2.546875], [-4.28125], [-2.234375], [-3.0], [-2.6875], [-1.5078125], [-2.703125], [-2.53125], [-6.03125], [-3.46875], [-5.375], [-1.828125], [-2.03125], [-3.125], [-2.5625], [-2.484375], [-4.5625], [-2.1875], [-4.46875], [-3.796875]], "anthropic-helpful-base": [[-2.9375], [-3.125], [-0.1279296875], [-3.953125], [-2.359375], [-2.453125], [-2.203125], [-2.046875], [-2.28125], [2.328125], [-1.8125], [0.578125], [-1.21875], [-2.734375], [-2.375], [1.4921875], [-2.96875], [0.9765625], [-0.58203125], [-2.90625], [-0.8125], [-1.8984375], [-2.484375], [-2.125], [-2.9375], [-0.91796875], [-4.21875], [-2.4375], [-1.390625], [0.8203125], [-1.78125], [0.51953125], [1.0234375], [-2.15625], [-1.625], [-4.25], [-2.03125], [-0.69140625], [-0.953125], [-3.078125], [-2.8125], [-2.484375], [3.015625], [-1.2578125], [-0.06591796875], [-1.4765625], [-1.25], [-1.4140625], [0.58984375], [-0.79296875], [-3.4375], [-0.77734375], [-3.3125], [-2.65625], [-6.59375], [0.75390625], [-1.8046875], [-2.796875], [-1.875], [-3.75], [-1.90625], [-3.046875], [-3.0], [-1.59375], [-1.484375], [-1.546875], [-1.4609375], [-2.90625], [-1.0859375], [-1.9453125], [-2.09375], [-1.4375], [-2.984375], [-0.48046875], [-2.765625], [-0.71875], [0.357421875], [-1.703125], [-2.734375], [-1.8203125], [-1.828125], [-1.6171875], [-1.3359375], [-3.0], [-0.40625], [-1.5546875], [2.25], [-6.5], [-1.640625], [-2.796875], [-1.84375], [-0.578125], [-2.515625], [-2.171875], [-0.82421875], [-1.6015625], [-3.578125], [-1.546875], [-1.6328125], [0.09326171875], [-1.3984375], [-0.62890625], [-1.9609375], [-0.068359375], [2.515625], [-1.8828125], [-0.423828125], [-2.59375], [-2.53125], [-0.78515625], [-1.1875], [-2.34375], [-0.234375], [2.265625], [-3.3125], [-3.046875], [-3.234375], [1.265625], [0.095703125], [-1.2421875], [-0.390625], [-1.8046875], [-6.59375], [-0.8828125], [-1.84375], [-1.4140625], [-0.79296875], [2.109375]], "anthropic-harmless-base": [[-2.234375], [-4.1875], [-3.078125], [-1.796875], [-2.71875], [-7.3125], [-4.21875], [-3.140625], [-6.0], [-4.9375], [-4.5625], [-2.015625], [-4.25], [-2.90625], [-2.8125], [-6.28125], [-3.828125], [-2.5625], [-2.390625], [-4.03125], [-3.9375], [-3.28125], [-5.875], [-2.25], [-2.578125], [-5.3125], [-3.578125], [-6.6875], [-5.8125], [-5.09375], [-4.375], [-5.1875], [-5.78125], [-3.109375], [-3.09375], [-2.59375], [-6.5], [-2.875], [-2.828125], [-2.109375], [-2.859375], [-4.4375], [-2.875], [-4.15625], [-4.71875], [-3.734375], [-3.671875], [-4.96875], [-2.421875], [-3.640625], [-2.703125], [-2.390625], [-4.5625], [-4.84375], [-2.53125], [-5.28125], [-5.21875], [-6.9375], [-3.1875], [-5.0625], [-3.125], [-2.796875], [-2.4375], [-2.390625], [-4.6875], [-4.9375], [-2.859375], [-2.578125], [-3.65625], [-6.9375], [-3.203125], [-4.59375], [-4.59375], [-2.046875], [-5.5], [-4.59375], [-6.03125], [-2.609375], [-4.46875], [-5.25], [-4.21875], [-2.796875], [-5.78125], [-2.5625], [-2.484375], [-5.5], [-4.46875], [-4.8125], [-2.328125], [-3.75], [-2.484375], [-4.53125], [-6.0625], [-2.375], [-2.65625], [-2.515625], [-4.03125], [-3.765625], [-3.34375], [-2.046875], [-2.84375], [-5.8125], [-7.40625], [-3.6875], [-2.296875], [-4.34375], [-5.25], [-2.5], [-0.271484375], [-2.015625], [-4.1875], [-2.4375], [-5.0], [-6.4375], [-3.078125], [-6.03125], [-4.4375], [-2.34375], [-3.0625], [-3.109375], [-4.78125], [-3.765625], [-2.046875], [-2.53125], [-2.953125], [-4.71875], [-5.375], [-5.375]], "openai/webgpt_comparisons": [[-2.9375], [-1.71875], [-3.109375], [-2.78125], [-2.265625], [-1.015625], [-2.515625], [-1.5390625], [-2.4375], [-2.515625], [-3.015625], [-2.1875], [-2.90625], [-2.765625], [-3.25], [-3.71875], [-0.46484375], [-2.0625], [-3.328125], [-2.984375], [-5.21875], [-3.953125], [-2.953125], [-2.890625], [-3.109375], [-3.4375], [-2.71875], [-3.328125], [-2.796875], [-2.453125], [-1.6484375], [-2.65625], [-2.515625], [-2.546875], [-3.3125], [-3.359375], [-2.203125], [-2.96875], [-2.3125], [-4.40625], [-3.171875], [-2.4375], [-1.703125], [-0.7890625], [-2.953125], [-5.3125], [-0.91796875], [-2.71875], [-2.6875], [-1.8515625], [-2.390625], [-2.5], [-2.046875], [-3.4375], [-4.875], [-2.765625], [-3.28125], [-3.265625], [-2.921875], [-1.7109375], [0.19140625], [-2.421875], [-3.359375], [-2.21875], [-3.015625], [-1.3125], [-2.1875], [-3.328125], [-2.59375], [-2.546875], [-3.8125], [-2.1875], [-2.4375], [-2.96875], [-2.984375], [-3.46875], [-2.96875], [-2.90625], [-1.8671875], [-2.40625], [-4.0625], [-2.015625], [-1.5078125], [-3.71875], [-3.390625], [-2.796875], [-2.453125], [-2.875], [-1.40625], [-2.625], [-1.0546875], [-2.609375], [-2.453125], [-3.78125], [-3.046875], [-3.34375], [-2.609375], [-2.875], [-2.78125], [-2.84375], [-2.171875], [-2.578125], [-1.828125], [-2.9375], [-3.296875], [-2.828125], [-4.375], [-4.125], [-2.421875], [-1.8671875], [-1.453125], [-4.8125], [-2.140625], [-3.078125], [-2.921875], [-3.296875], [-3.046875], [-3.734375], [-2.65625], [-2.96875], [-3.421875], [-3.546875], [-3.078125], [-2.765625], [-3.640625], [-2.875], [-3.0625], [1.203125]]}
