{"anthropic-red-team": [[-2.671875], [-2.421875], [-2.875], [-2.28125], [-2.34375], [-2.6875], [-2.171875], [-2.0625], [-2.53125], [-2.484375], [-2.53125], [-2.25], [-2.625], [-3.5625], [-2.546875], [-2.890625], [-2.109375], [-3.28125], [-1.78125], [-2.59375], [-3.765625], [-4.09375], [-3.421875], [-2.28125], [-1.6171875], [-2.375], [-0.29296875], [-3.265625], [-2.84375], [-2.234375], [-2.46875], [-2.4375], [-2.921875], [-3.578125], [-2.546875], [-2.671875], [-2.34375], [-2.734375], [-2.53125], [-2.9375], [-1.796875], [-2.875], [-1.7578125], [-3.265625], [-2.96875], [-1.953125], [-2.453125], [-1.921875], [-2.6875], [-3.65625], [-2.578125], [-3.125], [-3.46875], [-1.8671875], [-2.71875], [-2.265625], [-2.703125], [-2.796875], [-2.21875], [-4.1875], [-2.234375], [-2.703125], [-2.390625], [-2.265625], [-2.734375], [-1.96875], [-4.125], [-2.515625], [-3.328125], [-2.59375], [-2.859375], [-2.5], [-2.78125], [-2.765625], [-2.375], [-1.78125], [-2.515625], [-2.3125], [-2.609375], [-2.609375], [-2.96875], [-3.40625], [-3.15625], [-6.6875], [-2.171875], [-2.578125], [-2.109375], [-2.65625], [-2.6875], [-2.53125], [-5.1875], [-3.109375], [-2.96875], [-2.703125], [-2.6875], [-2.671875], [-1.5], [-2.53125], [-2.6875], [-3.21875], [-3.546875], [-2.78125], [-2.046875], [-2.65625], [-2.328125], [-2.109375], [-2.84375], [-1.3828125], [-2.859375], [-2.453125], [-2.609375], [-4.1875], [-2.9375], [-1.78125], [-2.6875], [-2.453125], [-3.6875], [-3.171875], [-7.71875], [-2.734375], [-2.734375], [-2.71875], [-2.359375], [-2.5625], [-3.28125], [-2.03125], [-2.796875], [-2.125]], "anthropic-helpful-base": [[2.703125], [-3.0], [-2.453125], [-3.546875], [-2.71875], [-3.03125], [-2.265625], [-3.40625], [-2.28125], [-3.234375], [-2.546875], [-1.25], [-2.046875], [-2.609375], [-3.21875], [1.9921875], [-2.75], [2.21875], [-2.4375], [-2.84375], [-2.6875], [-2.671875], [-3.140625], [-1.6796875], [-2.765625], [-3.40625], [-3.03125], [-2.53125], [-2.296875], [2.171875], [-2.8125], [-2.453125], [-2.703125], [-2.859375], [2.65625], [-2.625], [-2.9375], [-2.515625], [-1.484375], [-2.46875], [-2.78125], [-3.0], [-2.84375], [-2.78125], [-2.796875], [0.97265625], [-3.015625], [0.3125], [2.859375], [-3.140625], [-2.703125], [-2.65625], [-3.03125], [-2.515625], [-2.609375], [-2.8125], [-1.8671875], [-2.9375], [-2.6875], [-2.375], [-2.671875], [-3.09375], [-1.0078125], [-2.890625], [-1.5078125], [-2.546875], [-2.40625], [-2.90625], [-2.125], [-2.078125], [-2.859375], [-2.484375], [-2.890625], [-3.140625], [-2.359375], [-2.25], [-2.671875], [-3.0], [-2.921875], [-2.203125], [-2.75], [-3.0], [-2.65625], [-2.40625], [-2.125], [-2.6875], [-2.390625], [-2.890625], [-2.96875], [-2.859375], [-2.921875], [0.484375], [-2.125], [-2.46875], [-2.421875], [-2.625], [-2.625], [-2.65625], [-2.78125], [-2.96875], [-2.9375], [-2.40625], [-2.4375], [2.234375], [-2.09375], [-2.578125], [-2.953125], [-2.765625], [-2.5], [-2.40625], [-2.734375], [-2.875], [-2.84375], [-2.703125], [-2.828125], [-3.203125], [-1.8125], [-2.265625], [-2.328125], [-0.2490234375], [-1.796875], [-2.5625], [-2.859375], [-2.40625], [-2.90625], [-3.109375], [-2.53125], [-2.421875]], "anthropic-harmless-base": [[-3.90625], [-2.6875], [-2.046875], [-1.75], [-2.59375], [-3.015625], [-2.53125], [-2.890625], [-5.84375], [-1.78125], [-2.515625], [-2.78125], [-2.515625], [-2.234375], [-3.140625], [-3.546875], [-2.140625], [-2.875], [-2.765625], [-1.9921875], [-3.265625], [-2.96875], [-2.828125], [-2.515625], [-1.9921875], [-2.640625], [-2.234375], [-1.9453125], [-2.609375], [-2.515625], [-2.4375], [-3.375], [-3.890625], [-2.09375], [-2.90625], [-2.28125], [-7.78125], [-2.875], [-3.140625], [-2.40625], [-2.53125], [-2.5], [-3.0625], [-4.40625], [-2.421875], [-2.578125], [-2.328125], [-1.890625], [-3.0], [-1.734375], [-4.875], [-2.3125], [-2.25], [-2.484375], [-2.0], [-3.203125], [-3.9375], [-3.921875], [-3.15625], [-3.28125], [-2.96875], [-2.296875], [-2.5], [-2.890625], [-3.53125], [-3.75], [-2.890625], [-1.9375], [-2.9375], [-8.5625], [-3.1875], [-2.484375], [-3.03125], [-2.65625], [-2.3125], [-2.578125], [-3.078125], [-3.015625], [-4.6875], [-2.984375], [-3.28125], [-2.53125], [-5.15625], [-2.90625], [-2.59375], [-2.171875], [-2.953125], [-2.4375], [-2.0625], [-3.375], [-2.828125], [-3.28125], [-3.1875], [-1.921875], [-2.40625], [-2.875], [-2.3125], [-2.96875], [-3.046875], [-1.25], [-2.125], [-3.21875], [-3.796875], [-2.359375], [-2.84375], [-3.09375], [-3.015625], [-2.390625], [-2.421875], [-2.328125], [-2.453125], [-2.234375], [-2.421875], [-3.359375], [-2.265625], [-3.234375], [-1.03125], [-2.25], [-2.46875], [-2.1875], [-2.203125], [-2.421875], [-2.234375], [-2.703125], [-2.65625], [-2.34375], [-2.75], [-3.46875]], "openai/webgpt_comparisons": [[-2.28125], [-2.703125], [-2.875], [-2.59375], [-3.0625], [-2.203125], [-0.447265625], [-2.8125], [-2.25], [-3.125], [-2.9375], [-2.828125], [-0.67578125], [-2.40625], [-2.578125], [-2.5], [-2.015625], [-0.640625], [-2.015625], [-2.75], [-3.1875], [-2.90625], [-2.59375], [-2.75], [-2.671875], [-2.71875], [-2.53125], [-2.90625], [-2.484375], [-2.484375], [-1.8828125], [-2.40625], [-3.0], [-2.75], [-3.296875], [-2.5], [-2.578125], [-2.65625], [-2.671875], [-2.0625], [-2.90625], [-2.859375], [-2.5], [-2.4375], [-2.3125], [-4.78125], [-1.734375], [-2.28125], [-2.96875], [-1.4609375], [-2.234375], [-2.5625], [-2.828125], [-2.328125], [-2.25], [-1.9921875], [-2.921875], [-2.453125], [-2.578125], [-2.828125], [-2.546875], [-2.640625], [-3.015625], [-2.578125], [-2.109375], [-1.6875], [-2.390625], [-2.84375], [-1.296875], [-2.609375], [-2.5625], [-3.0625], [-2.59375], [-2.390625], [-3.109375], [-0.40234375], [-2.28125], [-3.25], [-2.6875], [-2.875], [-3.625], [-1.7890625], [-2.4375], [-3.34375], [-2.703125], [-2.46875], [-2.34375], [-2.921875], [-2.484375], [-2.578125], [-2.625], [-2.109375], [-2.6875], [-3.015625], [-2.78125], [-2.828125], [-2.75], [-2.5625], [-2.84375], [-2.71875], [-2.390625], [-2.34375], [-2.40625], [-3.0], [-2.84375], [-2.6875], [-2.40625], [-3.140625], [-2.34375], [-2.390625], [-2.765625], [-3.046875], [-1.8984375], [-2.921875], [-2.703125], [-3.171875], [-3.03125], [-2.84375], [-2.390625], [-2.09375], [-3.203125], [-3.015625], [-2.453125], [-1.6328125], [-3.65625], [-2.515625], [-2.625], [-2.25]]}
