{"anthropic-red-team": [[-2.515625], [-5.46875], [-7.40625], [-4.0625], [-2.078125], [-4.15625], [-3.296875], [-6.125], [-3.25], [-2.171875], [-3.9375], [-3.515625], [-4.125], [-6.0625], [-6.40625], [-4.125], [-2.875], [-4.96875], [-1.59375], [-5.53125], [-10.75], [-7.96875], [-8.4375], [-5.15625], [-2.96875], [-5.25], [-1.0234375], [-4.84375], [-2.625], [-2.578125], [-5.21875], [-4.84375], [-3.671875], [-5.375], [-4.0625], [-3.796875], [-2.171875], [-2.921875], [-6.9375], [-3.65625], [-5.5625], [-3.390625], [-1.5234375], [-3.9375], [-2.59375], [-5.34375], [-2.109375], [-2.671875], [-1.1953125], [-5.625], [-4.09375], [-4.5], [-4.375], [-3.875], [-2.984375], [-3.125], [-2.9375], [-4.375], [-1.8671875], [-5.3125], [-1.7578125], [-6.78125], [-3.875], [-3.828125], [-6.34375], [-6.75], [-6.71875], [-4.9375], [-3.015625], [-2.796875], [-5.0625], [-4.65625], [-3.65625], [-4.46875], [-2.765625], [-2.46875], [-3.28125], [-4.9375], [-2.59375], [-4.4375], [-4.9375], [-3.828125], [-4.40625], [-5.0625], [-5.375], [-3.84375], [-2.4375], [-3.53125], [-2.734375], [-5.9375], [-4.78125], [-7.125], [-2.953125], [-4.40625], [-3.484375], [-3.84375], [-2.609375], [-2.390625], [-4.75], [-6.40625], [-9.625], [-2.890625], [-4.09375], [-5.6875], [-4.46875], [-2.390625], [-5.5625], [-3.03125], [-3.09375], [-5.15625], [-4.375], [-3.328125], [-4.21875], [-2.140625], [-2.890625], [-2.78125], [-6.59375], [-4.0625], [-6.125], [-2.015625], [-2.640625], [-4.625], [-1.734375], [-6.9375], [-7.28125], [-3.25], [-5.59375], [-1.7890625]], "anthropic-helpful-base": [[-1.9296875], [-2.609375], [-1.3984375], [-3.5625], [-2.15625], [-2.546875], [-0.9140625], [-1.9296875], [-2.484375], [1.2890625], [-2.484375], [0.04345703125], [-1.609375], [-0.671875], [-2.71875], [1.875], [-2.859375], [0.83984375], [0.25390625], [-2.984375], [0.94921875], [-3.15625], [-2.875], [-2.796875], [-3.796875], [-1.4609375], [-3.15625], [0.2177734375], [0.85546875], [2.203125], [0.103515625], [1.65625], [1.4140625], [-2.265625], [1.765625], [-3.78125], [-2.59375], [1.078125], [-1.1953125], [-3.28125], [-1.8359375], [-1.5390625], [-0.65625], [-1.484375], [-2.640625], [0.38671875], [-2.703125], [-1.4140625], [-0.7578125], [-1.890625], [-3.421875], [-0.8125], [-2.453125], [2.515625], [-3.375], [-2.234375], [-0.90234375], [-2.328125], [-1.3203125], [-3.078125], [-2.1875], [-3.15625], [-2.0625], [-2.265625], [-1.765625], [-1.34375], [-1.125], [-1.0], [-1.421875], [-1.0], [-1.4375], [-2.03125], [-3.125], [-0.5234375], [-1.2890625], [-0.6796875], [-0.96875], [-2.453125], [-2.1875], [-1.9609375], [-1.6640625], [-2.03125], [-0.98828125], [-0.58203125], [-0.62890625], [-1.6796875], [-1.4375], [-5.625], [-0.79296875], [-2.234375], [-1.6171875], [-0.1337890625], [1.2265625], [-1.265625], [0.2333984375], [1.1484375], [-3.609375], [-0.1279296875], [-1.9609375], [-0.83203125], [-2.515625], [-2.390625], [-1.9921875], [-0.09375], [0.73046875], [-2.15625], [-0.6640625], [0.0189208984375], [-2.3125], [-2.203125], [-1.984375], [-1.3203125], [-1.7421875], [2.78125], [-3.5625], [-3.03125], [-2.84375], [0.0006561279296875], [1.5859375], [-1.1171875], [0.56640625], [-1.5], [-6.125], [-1.9921875], [-2.046875], [0.82421875], [-1.609375], [0.53515625]], "anthropic-harmless-base": [[-2.59375], [-4.875], [-4.1875], [-5.40625], [-2.90625], [-4.53125], [-4.3125], [-3.5], [-7.4375], [-2.640625], [-5.09375], [-1.84375], [-4.84375], [-5.0], [-3.234375], [-8.5], [-5.5], [-3.0], [-2.96875], [-4.5625], [-5.71875], [-5.375], [-3.109375], [-2.640625], [-4.28125], [-6.375], [-5.0], [-7.5], [-7.4375], [-5.4375], [-4.34375], [-5.375], [-6.96875], [-2.25], [-5.0], [-3.0625], [-7.84375], [-2.90625], [-3.3125], [-2.15625], [-4.375], [-4.1875], [-2.890625], [-4.1875], [-5.84375], [-6.125], [-4.53125], [-3.90625], [-6.03125], [-5.75], [-5.8125], [-4.8125], [-5.09375], [-4.21875], [-4.4375], [-4.71875], [-4.125], [-7.71875], [-3.046875], [-6.03125], [-5.03125], [-1.4609375], [-5.8125], [-7.0], [-5.125], [-6.25], [-3.3125], [-3.21875], [-6.46875], [-8.375], [-4.78125], [-5.0], [-3.0], [-2.109375], [-2.34375], [-2.65625], [-7.96875], [-2.9375], [-4.65625], [-4.84375], [-4.78125], [-3.59375], [-6.34375], [-3.0625], [-2.78125], [-7.78125], [-4.0], [-6.34375], [-7.5], [-5.53125], [-2.75], [-4.84375], [-5.1875], [-1.9921875], [-6.125], [-2.46875], [-4.75], [-5.5], [-4.625], [-4.25], [-3.109375], [-4.53125], [-4.71875], [-5.09375], [-2.515625], [-5.46875], [-7.15625], [-2.578125], [0.8984375], [-2.71875], [-7.21875], [-4.5], [-5.28125], [-3.3125], [-6.59375], [-7.46875], [-3.84375], [-6.03125], [-2.9375], [-3.96875], [-5.78125], [-3.578125], [-2.46875], [-5.0625], [-3.375], [-2.34375], [-6.15625], [-6.875]], "openai/webgpt_comparisons": [[-2.984375], [-1.8046875], [-2.625], [-2.515625], [-2.765625], [-1.6171875], [-2.25], [-1.046875], [-2.625], [-3.21875], [-3.078125], [-1.984375], [-1.1015625], [-2.671875], [-3.171875], [-3.21875], [-0.3671875], [-2.09375], [-3.25], [-2.484375], [-5.25], [-3.078125], [-2.390625], [0.003326416015625], [-3.390625], [-3.734375], [-2.125], [-3.328125], [-3.046875], [-2.09375], [-1.5859375], [-3.25], [-1.9921875], [-0.99609375], [-3.5], [-3.703125], [-2.453125], [-3.109375], [-2.234375], [-3.078125], [-2.296875], [-2.59375], [-1.546875], [-0.169921875], [-2.875], [-4.375], [-1.53125], [-2.734375], [-2.546875], [-3.1875], [-2.703125], [-1.953125], [-2.765625], [-2.640625], [-4.8125], [-2.015625], [-1.8046875], [-3.234375], [-2.46875], [-1.796875], [-1.6953125], [-2.21875], [-0.55078125], [-2.25], [-1.765625], [-0.87890625], [-1.703125], [-2.90625], [-1.6640625], [-0.515625], [-3.296875], [-1.9296875], [-1.609375], [-1.7421875], [-3.265625], [-2.0625], [-2.53125], [-3.390625], [-2.4375], [-1.921875], [-4.375], [-3.71875], [-0.70703125], [-4.53125], [-2.578125], [-1.9140625], [-2.53125], [-3.921875], [-1.2734375], [-1.75], [-1.140625], [-2.765625], [-1.796875], [-3.28125], [-2.125], [-3.359375], [-2.71875], [-2.453125], [-1.6875], [-2.90625], [-2.609375], [-2.3125], [-1.9296875], [-3.09375], [-3.234375], [-2.625], [-3.171875], [-3.8125], [-3.109375], [-1.9765625], [-0.97265625], [-4.0625], [-0.84375], [-3.6875], [-2.625], [-3.140625], [-2.953125], [-2.984375], [-2.671875], [-3.046875], [-3.328125], [-3.796875], [-2.84375], [-2.703125], [-3.546875], [-2.96875], [-2.078125], [0.84375]]}
