{"anthropic-red-team": [[-2.484375], [-6.21875], [-5.9375], [-3.453125], [-2.96875], [-2.0625], [-4.1875], [-2.09375], [-2.203125], [-6.65625], [-4.46875], [-4.6875], [-1.9765625], [-6.28125], [-5.09375], [-4.25], [-3.15625], [-2.1875], [-1.7109375], [-2.265625], [-3.046875], [-8.5], [-5.0], [-6.0], [-1.390625], [-1.34375], [-0.034423828125], [-10.0625], [-1.8671875], [-2.546875], [-3.75], [-2.859375], [-2.953125], [-4.59375], [-2.359375], [-5.25], [-2.390625], [-4.15625], [-3.390625], [-4.84375], [-4.78125], [-6.15625], [-1.53125], [-3.640625], [-2.765625], [-4.78125], [-2.796875], [-1.5], [-0.8359375], [-4.625], [-3.859375], [-7.78125], [-3.9375], [-1.7890625], [-2.703125], [-3.3125], [-2.90625], [-6.96875], [-5.6875], [-5.875], [-3.953125], [-5.90625], [-3.046875], [-1.9296875], [-3.328125], [-5.9375], [-6.3125], [-5.125], [-3.03125], [-2.484375], [-4.28125], [-2.453125], [-2.53125], [-1.65625], [-3.421875], [-1.8359375], [-2.859375], [-5.71875], [-2.46875], [-4.65625], [-6.625], [-7.75], [-3.015625], [-5.90625], [-8.0625], [-2.59375], [-5.125], [-2.78125], [-2.703125], [-9.125], [-3.125], [-4.4375], [-2.5625], [-2.53125], [-3.828125], [-5.1875], [-2.125], [-3.8125], [-5.9375], [-8.125], [-8.375], [-2.578125], [-3.03125], [-2.90625], [-2.0], [-1.9453125], [-5.625], [-3.03125], [-3.484375], [-8.625], [-2.359375], [-7.9375], [-3.5], [-1.8828125], [-3.0625], [-2.6875], [-7.84375], [-3.96875], [-7.75], [-0.78125], [-2.375], [-5.9375], [-3.40625], [-5.15625], [-8.5625], [-2.59375], [-5.15625], [-1.296875]], "anthropic-helpful-base": [[1.921875], [-1.7734375], [0.78515625], [-4.0625], [-2.453125], [-2.578125], [-0.31640625], [-0.333984375], [-2.09375], [2.5625], [0.458984375], [0.484375], [0.640625], [0.27734375], [-2.5625], [2.234375], [-1.359375], [2.15625], [-1.921875], [-1.0859375], [-2.0], [-0.671875], [0.3125], [-3.296875], [-2.546875], [-0.408203125], [-4.1875], [1.421875], [-0.439453125], [0.033447265625], [3.21875], [-1.8046875], [-2.171875], [0.31640625], [2.796875], [-3.546875], [-1.8671875], [2.59375], [-2.734375], [-2.609375], [2.578125], [0.330078125], [3.34375], [0.1845703125], [1.8671875], [1.1640625], [0.9375], [0.80078125], [3.34375], [1.296875], [-3.78125], [2.90625], [1.3671875], [2.875], [-3.28125], [2.03125], [-2.453125], [-1.3671875], [-0.412109375], [-3.0], [-1.8203125], [-2.734375], [-1.8046875], [1.3359375], [-1.8359375], [1.9296875], [-0.50390625], [0.291015625], [-0.236328125], [1.4609375], [1.2890625], [-1.5234375], [-1.7734375], [-0.048828125], [-2.109375], [-0.03955078125], [1.78125], [-1.8828125], [-1.1171875], [-0.76171875], [0.396484375], [3.140625], [-2.703125], [2.625], [0.8203125], [1.0859375], [2.84375], [-4.09375], [0.61328125], [-2.734375], [-1.90625], [1.078125], [2.09375], [-1.0], [1.34375], [1.8203125], [-2.125], [1.671875], [-0.5859375], [1.3125], [-1.3203125], [-1.34375], [-0.79296875], [1.9140625], [3.609375], [-1.3203125], [-0.1064453125], [-1.3515625], [-1.78125], [1.2734375], [-0.73046875], [-1.4609375], [1.1484375], [3.6875], [-3.28125], [-1.5], [-1.921875], [-2.109375], [2.15625], [-0.203125], [1.71875], [-0.6953125], [-5.53125], [1.1640625], [0.98828125], [2.703125], [0.2578125], [1.8671875]], "anthropic-harmless-base": [[-1.984375], [-3.328125], [-6.21875], [-1.6328125], [-3.171875], [-8.375], [-4.875], [-2.875], [-6.71875], [-1.78125], [-2.9375], [0.66796875], [-3.875], [-7.3125], [-3.59375], [-10.8125], [-5.5625], [-2.671875], [-3.484375], [-5.21875], [-4.875], [-8.5625], [-2.015625], [-5.0625], [-4.9375], [-9.0], [-3.71875], [-5.84375], [-2.640625], [-3.34375], [-2.359375], [-2.796875], [-4.8125], [-4.8125], [-3.921875], [-3.015625], [-7.09375], [-2.0625], [-2.6875], [-2.109375], [-1.9453125], [-5.0625], [-1.8671875], [-8.1875], [-3.375], [-4.0625], [-3.765625], [-1.671875], [-4.9375], [-1.6796875], [-8.6875], [-5.5], [-1.109375], [-5.625], [-3.46875], [-6.28125], [-5.78125], [-2.1875], [-3.078125], [-4.59375], [-4.6875], [-2.015625], [-6.96875], [-1.53125], [-8.75], [-10.0625], [-7.15625], [-1.96875], [-2.234375], [-8.8125], [-3.875], [-4.71875], [-3.234375], [-1.453125], [-5.75], [-3.875], [-7.5625], [-2.734375], [-5.09375], [-4.21875], [-5.71875], [-1.7421875], [-6.0625], [-2.96875], [-2.234375], [-5.59375], [-8.4375], [-3.234375], [-1.046875], [-1.3359375], [-2.15625], [-4.28125], [-7.09375], [-2.03125], [-5.28125], [-2.09375], [-3.109375], [-4.1875], [-2.59375], [-6.96875], [-3.0625], [-3.875], [-10.3125], [-2.390625], [-1.4921875], [-6.625], [-7.15625], [-3.484375], [-2.15625], [-0.97265625], [-4.75], [-7.3125], [-4.71875], [-8.875], [-4.40625], [-8.3125], [-2.90625], [-1.90625], [-4.0625], [-2.25], [-3.84375], [-4.96875], [-2.484375], [-1.84375], [-1.8671875], [-5.71875], [-6.75], [-4.84375]], "openai/webgpt_comparisons": [[-2.546875], [0.123046875], [-2.25], [-1.6640625], [-1.9921875], [-2.078125], [-1.5703125], [0.8359375], [-1.59375], [-3.390625], [-3.28125], [-2.359375], [-1.0390625], [-2.40625], [-2.46875], [-2.34375], [-0.69921875], [-0.337890625], [-3.265625], [-1.8125], [-4.25], [-3.6875], [-0.6875], [-2.125], [-2.90625], [-3.421875], [-2.3125], [-0.98046875], [-2.625], [-1.265625], [-1.484375], [-2.5625], [-2.953125], [-0.44921875], [-3.296875], [-3.0625], [-2.8125], [-2.65625], [-2.96875], [-2.03125], [-2.6875], [-2.53125], [-2.375], [2.203125], [-2.84375], [-5.15625], [-1.234375], [-3.171875], [-2.5], [-3.078125], [-1.53125], [-1.859375], [-2.296875], [-2.75], [-4.4375], [-0.1982421875], [-3.203125], [-2.78125], [-2.625], [-0.380859375], [-2.5], [-1.9921875], [-0.625], [-2.15625], [-3.015625], [-1.3359375], [-2.375], [-2.71875], [-2.328125], [-2.421875], [-1.7265625], [-2.265625], [-1.2421875], [1.078125], [-1.4921875], [-1.1484375], [-1.9609375], [-3.28125], [-1.59375], [0.03125], [-4.15625], [-2.921875], [-0.56640625], [-4.0], [-2.921875], [-0.1357421875], [-2.359375], [-2.4375], [-0.84765625], [-0.95703125], [-0.875], [-2.296875], [-1.1875], [-3.171875], [-3.078125], [-3.296875], [-1.2890625], [-2.375], [-2.53125], [-2.46875], [-1.78125], [-2.28125], [-0.486328125], [-3.0625], [-2.65625], [-2.921875], [-3.1875], [-4.75], [-2.328125], [-2.0625], [0.056396484375], [-4.3125], [-1.765625], [-3.25], [-1.2265625], [-2.71875], [-2.6875], [-1.8515625], [-2.34375], [-1.7578125], [-3.53125], [-2.03125], [-2.859375], [-3.3125], [-3.984375], [-2.828125], [-2.765625], [-1.6328125]]}
