{"anthropic-red-team": [[-2.953125], [-4.03125], [-5.5], [-6.21875], [-2.703125], [-2.3125], [-3.53125], [-4.375], [-3.859375], [-5.09375], [-5.34375], [-3.84375], [-4.0], [-6.21875], [-2.875], [-3.453125], [-3.59375], [-4.53125], [-2.703125], [-5.21875], [-5.375], [-5.15625], [-4.3125], [-3.15625], [-2.4375], [-3.5625], [-2.046875], [-5.375], [-2.984375], [-2.859375], [-3.71875], [-2.1875], [-2.59375], [-3.75], [-4.53125], [-4.21875], [-2.34375], [-4.5], [-7.0625], [-4.90625], [-5.375], [-3.90625], [-1.5546875], [-4.125], [-2.828125], [-4.46875], [-3.078125], [-3.578125], [-2.828125], [-4.34375], [-4.09375], [-4.6875], [-3.796875], [-3.890625], [-4.03125], [-2.84375], [-4.125], [-2.796875], [-3.46875], [-4.28125], [-1.7734375], [-5.03125], [-3.5625], [-3.859375], [-7.5], [-7.0], [-4.25], [-3.53125], [-3.125], [-2.84375], [-4.34375], [-2.53125], [-3.421875], [-3.046875], [-3.28125], [-1.6171875], [-3.140625], [-4.375], [-3.0625], [-4.03125], [-5.5], [-6.5625], [-3.25], [-6.0], [-3.859375], [-3.84375], [-3.359375], [-2.921875], [-6.28125], [-5.90625], [-5.5625], [-6.375], [-2.890625], [-6.875], [-2.40625], [-5.125], [-2.09375], [-2.875], [-4.8125], [-5.84375], [-8.125], [-2.53125], [-2.8125], [-3.59375], [-3.90625], [-2.25], [-4.84375], [-4.28125], [-3.109375], [-5.90625], [-4.125], [-5.0], [-3.390625], [0.45703125], [-2.828125], [-3.296875], [-7.6875], [-3.203125], [-4.0], [-2.1875], [-2.640625], [-2.6875], [-2.578125], [-4.5], [-3.984375], [-3.1875], [-5.0], [-6.4375]], "anthropic-helpful-base": [[-2.640625], [-2.625], [-1.28125], [-3.921875], [-2.40625], [-2.609375], [-1.703125], [-2.046875], [-3.359375], [-1.625], [-2.296875], [0.373046875], [-2.703125], [-1.484375], [-2.640625], [-0.9921875], [-3.0], [1.03125], [-0.6640625], [-2.875], [-1.96875], [-2.6875], [-3.1875], [-3.140625], [-3.03125], [-2.71875], [-4.84375], [-2.71875], [-1.8671875], [-2.28125], [-2.078125], [-0.67578125], [-2.828125], [-2.5625], [-2.40625], [-3.125], [-2.890625], [-1.984375], [-2.828125], [-2.953125], [-0.490234375], [-1.6796875], [-0.61328125], [-2.671875], [-2.625], [-3.03125], [-3.25], [-1.125], [-2.25], [-2.515625], [-2.296875], [-1.203125], [-1.6328125], [-1.6953125], [-3.671875], [-2.703125], [-2.96875], [-2.71875], [-2.4375], [-2.8125], [-2.140625], [-3.140625], [-2.359375], [-1.5546875], [-1.8671875], [-2.375], [-2.625], [-2.484375], [-2.125], [-0.6953125], [-3.03125], [-2.5625], [-4.0625], [-2.75], [-2.78125], [-0.98046875], [-1.4296875], [-2.671875], [-2.96875], [-2.40625], [-1.4296875], [-1.6796875], [-1.640625], [-2.46875], [-1.4140625], [-1.8828125], [-1.9921875], [-3.640625], [-2.359375], [-2.265625], [-2.28125], [-2.40625], [-1.984375], [-2.859375], [-2.078125], [-1.890625], [-3.5], [-2.296875], [-2.171875], [-1.7109375], [-2.828125], [-2.328125], [-4.1875], [-1.84375], [1.453125], [-2.625], [-2.5625], [-1.875], [-2.125], [-0.228515625], [-1.96875], [-2.015625], [-2.21875], [-2.0625], [-4.25], [-3.0625], [-2.859375], [-1.546875], [-0.57421875], [-1.8828125], [-0.73046875], [-1.21875], [-5.5], [-1.390625], [-1.9296875], [-2.90625], [-0.96875], [-1.7421875]], "anthropic-harmless-base": [[-4.1875], [-4.0625], [-4.96875], [-3.15625], [-3.0625], [-4.71875], [-3.6875], [-3.296875], [-2.78125], [-2.375], [-4.0], [0.0625], [-4.875], [-3.5], [-3.390625], [-9.0625], [-4.4375], [-3.296875], [-3.15625], [-3.34375], [-6.90625], [-4.125], [-4.65625], [-3.21875], [-3.53125], [-1.5625], [-4.09375], [-4.59375], [-3.65625], [-2.421875], [-4.25], [-4.71875], [-5.96875], [-3.828125], [-3.109375], [-2.21875], [-5.78125], [-2.875], [-3.203125], [-3.0], [-2.875], [-3.03125], [-2.0], [-9.875], [-4.25], [-5.90625], [-4.0625], [-3.59375], [-2.1875], [-3.421875], [-4.9375], [-2.609375], [-6.6875], [-3.75], [-4.5], [-5.34375], [-4.34375], [-4.46875], [-3.078125], [-6.9375], [-5.0], [-3.75], [-4.53125], [-2.375], [-6.8125], [-5.9375], [-5.90625], [-3.09375], [-6.34375], [-5.46875], [-3.859375], [-4.46875], [-4.25], [-2.890625], [-3.328125], [-2.828125], [-5.3125], [-2.96875], [-2.75], [-3.46875], [-7.125], [-3.40625], [-3.09375], [-4.375], [-2.84375], [-4.21875], [-5.59375], [-3.90625], [-6.28125], [-4.03125], [-2.875], [-4.90625], [-7.59375], [-2.390625], [-4.0625], [-3.0], [-4.25], [-3.3125], [-3.328125], [-3.0], [-3.03125], [-6.4375], [-5.65625], [-4.8125], [-2.65625], [-4.6875], [-3.625], [-2.875], [-2.0], [-2.4375], [-5.25], [-3.609375], [-5.625], [-6.59375], [-6.59375], [-7.46875], [-3.453125], [-3.859375], [-3.390625], [-3.984375], [-2.703125], [-5.5], [-2.359375], [-3.171875], [-2.640625], [-5.53125], [-4.53125], [-7.53125]], "openai/webgpt_comparisons": [[-2.921875], [-0.51953125], [-2.875], [-3.0625], [-2.890625], [-2.4375], [-1.7109375], [-2.703125], [-2.53125], [-3.1875], [-3.015625], [-2.90625], [-2.59375], [-2.15625], [-3.125], [-3.21875], [-0.640625], [-1.9921875], [-3.0], [-2.171875], [-3.78125], [-3.15625], [-2.375], [-2.34375], [-3.3125], [-3.71875], [-1.921875], [-3.125], [-2.875], [-2.25], [-2.203125], [-2.5625], [-3.296875], [-2.21875], [-3.4375], [-2.71875], [-1.9375], [-2.734375], [-2.6875], [-4.0], [-2.890625], [-2.484375], [-2.09375], [-1.765625], [-2.75], [-4.25], [-2.359375], [-2.890625], [-2.71875], [-3.34375], [-2.71875], [-2.46875], [-2.796875], [-2.703125], [-3.703125], [-2.546875], [-3.171875], [-3.453125], [-2.734375], [-3.0625], [-1.2578125], [-2.453125], [-2.875], [-2.359375], [-2.875], [-0.80078125], [-2.453125], [-3.125], [-1.78125], [-2.140625], [-3.234375], [-2.78125], [-2.515625], [-2.328125], [-3.0625], [-2.046875], [-2.828125], [-3.234375], [-2.671875], [-2.515625], [-3.703125], [-2.640625], [-1.59375], [-5.125], [-2.96875], [-2.625], [-2.296875], [-3.328125], [-2.390625], [-2.734375], [-2.09375], [-2.859375], [-2.921875], [-3.4375], [-2.640625], [-3.390625], [-3.0], [-3.078125], [-3.078125], [-3.046875], [-2.171875], [-2.03125], [-2.234375], [-2.96875], [-2.890625], [-3.1875], [-3.265625], [-4.21875], [-2.6875], [-1.859375], [-2.515625], [-3.796875], [-2.171875], [-3.296875], [-3.03125], [-3.40625], [-3.1875], [-2.6875], [-2.6875], [-3.15625], [-4.09375], [-3.296875], [-3.71875], [-2.6875], [-4.28125], [-2.65625], [-1.453125], [-1.9921875]]}
