{"anthropic-red-team": [[-2.890625], [-2.140625], [-4.8125], [-2.296875], [-2.09375], [-2.875], [-4.21875], [-3.25], [-2.515625], [-2.359375], [-3.96875], [-3.3125], [-2.71875], [-3.515625], [-4.6875], [-3.375], [-3.171875], [-4.90625], [-2.28125], [-5.0], [-3.734375], [-3.5], [-3.1875], [-3.40625], [-2.234375], [-4.375], [-2.78125], [-3.28125], [-3.1875], [-2.625], [-3.296875], [-3.375], [-3.109375], [-3.5625], [-4.4375], [-2.65625], [-2.3125], [-3.703125], [-4.6875], [-4.03125], [-1.6640625], [-2.90625], [-1.515625], [-3.8125], [-2.9375], [-3.296875], [-2.21875], [-1.921875], [-2.46875], [-4.53125], [-2.546875], [-3.765625], [-4.25], [-1.4921875], [-2.625], [-2.484375], [-2.34375], [-3.875], [-2.203125], [-4.5625], [-4.375], [-2.6875], [-2.78125], [-2.421875], [-3.71875], [-2.796875], [-7.3125], [-4.34375], [-3.296875], [-2.640625], [-2.625], [-2.5], [-3.59375], [-4.875], [-2.703125], [-1.59375], [-3.0625], [-2.296875], [-2.3125], [-2.609375], [-2.96875], [-3.375], [-3.40625], [-5.0625], [-4.21875], [-3.0], [-3.109375], [-2.828125], [-2.71875], [-1.921875], [-6.46875], [-3.109375], [-2.953125], [-3.171875], [-3.53125], [-3.4375], [-2.390625], [-2.515625], [-6.28125], [-5.8125], [-8.625], [-2.765625], [-2.828125], [-2.5], [-3.546875], [-2.265625], [-2.4375], [-3.4375], [-2.84375], [-6.65625], [-2.8125], [-6.71875], [-3.53125], [-2.375], [-2.65625], [-3.21875], [-2.515625], [-3.84375], [-3.0625], [-2.5], [-2.59375], [-4.5625], [-1.9296875], [-3.921875], [-5.1875], [-2.703125], [-2.59375], [-2.296875]], "anthropic-helpful-base": [[-2.0625], [-3.0], [-2.453125], [-3.859375], [-1.3515625], [-3.015625], [-1.90625], [-2.90625], [-2.859375], [-1.140625], [-2.4375], [-1.28125], [-3.203125], [-2.28125], [-2.53125], [1.5234375], [-2.640625], [-2.46875], [-1.9296875], [-2.84375], [-1.8671875], [-2.21875], [-3.109375], [-2.359375], [-3.171875], [-3.359375], [-3.859375], [-3.59375], [-2.28125], [-0.09326171875], [-0.76953125], [-1.46875], [0.17578125], [-2.5], [-0.158203125], [-4.125], [-2.6875], [-1.109375], [-1.8203125], [-2.890625], [-2.75], [-1.8203125], [-1.984375], [-2.5625], [-2.5625], [-0.61328125], [-2.484375], [-1.3984375], [-2.15625], [-2.859375], [-3.171875], [-2.890625], [-1.703125], [0.52734375], [-3.328125], [-0.90625], [-1.859375], [-2.921875], [-1.921875], [-1.75], [-1.8984375], [-3.125], [-2.015625], [-2.640625], [-1.578125], [-2.625], [-2.171875], [-2.625], [-1.96875], [-1.046875], [-1.6328125], [-1.8359375], [-2.71875], [-1.0078125], [-2.65625], [-0.6875], [-1.953125], [-1.2734375], [-2.78125], [-2.453125], [-2.75], [-3.0], [-1.734375], [-2.34375], [-2.03125], [-1.09375], [0.1728515625], [-2.859375], [-2.859375], [-2.234375], [-2.421875], [-1.3203125], [-2.3125], [-3.015625], [-2.515625], [-1.40625], [-3.5], [-2.90625], [-2.65625], [-1.125], [-2.578125], [-1.28125], [-2.359375], [-0.052978515625], [0.111328125], [-2.15625], [-2.9375], [-2.609375], [-2.109375], [-0.375], [-2.203125], [-2.84375], [0.466796875], [-2.828125], [-3.390625], [-3.0], [-2.140625], [-1.7578125], [-0.04443359375], [-2.875], [-1.15625], [-1.4921875], [-4.90625], [-1.359375], [-1.5234375], [-0.5703125], [-1.078125], [-0.75390625]], "anthropic-harmless-base": [[-4.09375], [-3.4375], [-3.296875], [-2.296875], [-2.59375], [-2.6875], [-2.5625], [-2.46875], [-2.734375], [-1.9375], [-3.453125], [-1.78125], [-3.0625], [-2.75], [-3.203125], [-9.4375], [-4.34375], [-3.125], [-2.765625], [-5.28125], [-3.796875], [-5.84375], [-3.765625], [-2.515625], [-1.5703125], [-4.5], [-4.5], [-6.375], [-5.84375], [-4.59375], [-4.4375], [-5.21875], [-8.6875], [-2.359375], [-3.203125], [-2.921875], [-5.90625], [-3.34375], [-2.984375], [-2.390625], [-3.765625], [-2.890625], [-3.25], [-5.15625], [-5.5625], [-2.59375], [-3.828125], [-1.859375], [-3.046875], [-1.90625], [-3.765625], [-4.0625], [-5.34375], [-4.1875], [-3.734375], [-3.15625], [-2.578125], [-5.46875], [-3.171875], [-4.5], [-5.1875], [-2.5625], [-3.5], [-4.6875], [-6.4375], [-4.03125], [-4.21875], [-3.15625], [-2.9375], [-3.1875], [-3.984375], [-3.734375], [-4.5], [-2.890625], [-5.9375], [-2.578125], [-4.65625], [-3.03125], [-2.28125], [-4.75], [-4.0], [-4.03125], [-2.046875], [-2.484375], [-3.0], [-6.53125], [-2.78125], [-2.96875], [-3.015625], [-6.71875], [-2.71875], [-5.5625], [-4.03125], [-1.328125], [-4.3125], [-2.796875], [-3.140625], [-5.40625], [-3.390625], [-0.85546875], [-2.125], [-3.984375], [-3.015625], [-3.140625], [-2.5625], [-3.203125], [-3.0], [-2.796875], [-0.98046875], [-2.5], [-3.171875], [-2.71875], [-5.25], [-6.59375], [-2.828125], [-6.84375], [-2.6875], [-4.375], [-1.828125], [-3.328125], [-2.8125], [-5.28125], [-2.125], [-3.375], [-2.546875], [-2.328125], [-3.484375], [-3.25]], "openai/webgpt_comparisons": [[-3.125], [-2.625], [-2.8125], [-2.765625], [-3.0], [-2.453125], [-2.859375], [-2.15625], [-2.375], [-1.8828125], [-3.171875], [-3.015625], [-2.90625], [-2.546875], [-2.40625], [-2.8125], [-1.0234375], [-2.6875], [-2.96875], [-3.125], [-4.25], [-3.484375], [-1.96875], [-2.28125], [-2.90625], [-3.09375], [-2.703125], [-3.125], [-2.828125], [-2.203125], [-2.234375], [-2.953125], [-2.921875], [-2.984375], [-4.0625], [-2.890625], [-2.21875], [-3.046875], [-2.21875], [-5.75], [-3.125], [-2.640625], [-1.078125], [-1.0], [-2.96875], [-3.90625], [-1.46875], [-2.65625], [-2.46875], [-1.515625], [-2.703125], [-2.328125], [-3.09375], [-3.328125], [-3.046875], [-0.6796875], [-3.265625], [-2.71875], [-2.765625], [-2.84375], [-1.8828125], [-2.59375], [-3.203125], [-2.78125], [-2.890625], [-1.6171875], [-2.265625], [-4.71875], [-2.765625], [-2.6875], [-3.40625], [-2.671875], [-2.296875], [-2.828125], [-3.109375], [-1.953125], [-2.84375], [-3.203125], [-2.828125], [-2.46875], [-5.03125], [-1.578125], [-2.203125], [-3.625], [-2.734375], [-2.53125], [-2.484375], [-3.984375], [-2.328125], [-2.828125], [-2.75], [-2.859375], [-2.921875], [-3.15625], [-2.96875], [-3.078125], [-2.46875], [-2.625], [-2.40625], [-2.765625], [-2.703125], [-2.8125], [-1.875], [-3.140625], [-2.84375], [-2.671875], [-2.5625], [-3.34375], [-2.765625], [-1.78125], [-2.765625], [-2.265625], [-2.234375], [-3.1875], [-3.203125], [-2.828125], [-3.0], [-3.03125], [-2.90625], [-2.21875], [-3.921875], [-3.859375], [-2.609375], [-2.546875], [-3.703125], [-2.6875], [-2.8125], [-2.171875]]}
