{"anthropic-red-team": [[-2.640625], [-2.84375], [-3.59375], [-2.390625], [-2.5625], [-3.28125], [-2.875], [-6.0], [-4.125], [-3.84375], [-2.8125], [-3.953125], [-4.84375], [-7.46875], [-5.34375], [-5.96875], [-2.546875], [-3.15625], [-2.171875], [-3.5625], [-4.9375], [-6.96875], [-5.0625], [-3.578125], [-1.25], [-3.03125], [-0.9921875], [-6.34375], [-2.96875], [-3.34375], [-4.96875], [-2.15625], [-2.625], [-4.84375], [-4.15625], [-3.75], [-2.0625], [-2.734375], [-2.75], [-4.5], [-6.40625], [-3.640625], [-1.7578125], [-2.859375], [-2.484375], [-4.8125], [-2.6875], [-1.9296875], [-1.4453125], [-3.84375], [-4.34375], [-7.78125], [-4.90625], [-1.5], [-2.875], [-3.5], [-2.671875], [-4.03125], [-3.203125], [-4.625], [-4.21875], [-4.09375], [-2.671875], [-2.734375], [-3.109375], [-5.875], [-7.28125], [-4.09375], [-2.875], [-2.171875], [-4.78125], [-1.9375], [-4.03125], [-2.5], [-2.015625], [-1.5859375], [-2.453125], [-5.125], [-2.4375], [-3.125], [-4.5], [-7.15625], [-4.28125], [-5.6875], [-3.84375], [-2.828125], [-4.375], [-2.3125], [-2.671875], [-2.1875], [-5.3125], [-3.046875], [-2.53125], [-4.78125], [-3.5], [-4.78125], [-2.203125], [-2.25], [-5.21875], [-6.3125], [-6.9375], [-2.46875], [-2.78125], [-5.15625], [-3.90625], [-2.0625], [-4.53125], [-2.984375], [-2.234375], [-2.625], [-3.65625], [-3.5625], [-3.421875], [-2.484375], [-3.03125], [-2.859375], [-8.8125], [-4.21875], [-4.0625], [-1.4140625], [-2.671875], [-5.34375], [-2.984375], [-3.671875], [-5.90625], [-2.375], [-6.5625], [-6.59375]], "anthropic-helpful-base": [[-2.390625], [-3.203125], [-1.1171875], [-3.9375], [-1.234375], [-2.609375], [-1.8359375], [-2.15625], [-2.28125], [2.375], [-2.359375], [1.40625], [-1.03125], [-1.6796875], [-2.46875], [1.8203125], [-2.328125], [1.65625], [-1.0625], [-2.546875], [-1.4453125], [-1.265625], [-1.9453125], [-1.9921875], [-3.203125], [-2.296875], [-3.15625], [-0.80078125], [-0.640625], [2.296875], [-2.21875], [0.1396484375], [-0.6015625], [-0.58984375], [2.78125], [-3.734375], [-1.90625], [-2.328125], [-1.078125], [-3.09375], [-0.2373046875], [-2.046875], [-0.78515625], [-2.09375], [-1.2265625], [0.2353515625], [-1.0703125], [0.81640625], [2.390625], [0.484375], [-3.875], [0.9765625], [-2.453125], [2.8125], [-4.84375], [-1.6484375], [0.12255859375], [-2.484375], [-1.3984375], [-3.328125], [-2.515625], [-3.25], [-3.859375], [0.107421875], [-2.296875], [-0.51953125], [-1.6015625], [-2.671875], [-0.98046875], [-3.015625], [-1.5546875], [-1.25], [-2.625], [-3.046875], [-4.75], [-0.45703125], [1.921875], [-1.1171875], [-2.921875], [-1.5234375], [-1.03125], [1.390625], [-1.8515625], [-0.07568359375], [-1.09375], [-2.90625], [1.4609375], [-3.734375], [0.58203125], [-1.0703125], [-1.9921875], [-2.390625], [-1.7109375], [-2.828125], [0.41796875], [-2.375], [-2.296875], [-0.5625], [-1.3984375], [-3.171875], [-2.34375], [-0.412109375], [-2.03125], [-2.671875], [2.15625], [-1.9921875], [-0.65234375], [1.7578125], [-1.6796875], [-1.15625], [-1.6171875], [-2.5], [-0.796875], [2.4375], [-3.09375], [-2.25], [-2.625], [1.890625], [-2.265625], [-1.171875], [-0.203125], [-1.65625], [-3.359375], [-2.171875], [-0.59375], [1.1640625], [-0.4453125], [1.296875]], "anthropic-harmless-base": [[-4.625], [-2.40625], [-4.375], [-3.796875], [-5.8125], [-8.1875], [-5.78125], [-3.140625], [-6.9375], [-1.2265625], [-4.5625], [-2.453125], [-1.9609375], [-3.4375], [-3.09375], [-8.75], [-6.75], [-2.953125], [-2.734375], [-4.5], [-3.359375], [-6.8125], [-3.921875], [-5.03125], [-1.6953125], [-6.90625], [-2.5625], [-6.5], [-5.96875], [-6.15625], [-3.828125], [-4.8125], [-7.75], [-4.3125], [-3.625], [-4.15625], [-6.5625], [-2.453125], [-3.234375], [-2.4375], [-2.234375], [-3.765625], [-2.1875], [-9.4375], [-4.1875], [-5.375], [-3.53125], [-2.40625], [-6.1875], [-1.125], [-4.28125], [-1.90625], [-6.65625], [-5.25], [-3.234375], [-4.25], [-2.359375], [-4.5], [-3.609375], [-6.4375], [-7.375], [-1.7421875], [-3.75], [-8.4375], [-6.40625], [-8.25], [-6.0], [-3.6875], [-4.65625], [-9.75], [-3.796875], [-4.34375], [-5.0625], [-2.296875], [-5.75], [-2.96875], [-7.375], [-2.921875], [-5.25], [-4.34375], [-7.84375], [-5.09375], [-7.40625], [-3.046875], [-3.09375], [-5.96875], [-4.40625], [-4.375], [-2.765625], [-10.5], [-3.515625], [-6.6875], [-6.875], [-2.640625], [-3.953125], [-2.78125], [-2.546875], [-2.640625], [-4.0], [-4.03125], [-3.109375], [-5.5], [-8.5], [-4.8125], [-2.59375], [-4.75], [-4.53125], [-2.765625], [-1.2265625], [-2.546875], [-2.359375], [-4.09375], [-4.84375], [-3.640625], [-4.34375], [-5.9375], [-0.498046875], [-4.8125], [-1.6484375], [-2.34375], [-3.40625], [-4.65625], [-2.484375], [-2.171875], [-3.046875], [-2.125], [-2.3125], [-2.359375]], "openai/webgpt_comparisons": [[-3.171875], [-1.0703125], [-2.765625], [-2.65625], [-2.515625], [-1.84375], [-2.484375], [-1.859375], [-2.65625], [-2.046875], [-2.71875], [-1.546875], [-2.90625], [-2.828125], [-2.796875], [-2.921875], [-1.0625], [-1.7890625], [-3.203125], [-0.470703125], [-5.09375], [-3.078125], [-1.2578125], [-0.60546875], [-3.390625], [-4.46875], [-1.9921875], [-3.328125], [-2.65625], [-2.3125], [-1.6875], [-3.078125], [-3.484375], [-2.3125], [-3.1875], [-2.640625], [-2.078125], [-2.5625], [-2.359375], [-2.890625], [-2.734375], [-2.515625], [-1.6015625], [-2.890625], [-2.484375], [-5.125], [0.005706787109375], [-2.625], [-2.6875], [-3.421875], [-2.640625], [-2.453125], [-2.890625], [-3.765625], [-5.25], [-0.58984375], [-2.765625], [-3.28125], [-3.203125], [-2.1875], [-0.984375], [-2.296875], [-1.2890625], [-2.34375], [-2.53125], [-0.625], [-2.046875], [-2.84375], [-1.9375], [-1.265625], [-2.734375], [-1.96875], [-2.5625], [-3.265625], [-2.421875], [-1.515625], [-2.625], [-3.3125], [-2.28125], [-0.5703125], [-4.09375], [-4.8125], [-2.640625], [-3.671875], [-3.03125], [-1.6640625], [-2.515625], [-3.34375], [-2.0625], [-2.59375], [-1.1875], [-2.015625], [-1.7890625], [-3.28125], [-2.671875], [-3.25], [-2.703125], [-2.75], [-1.7265625], [-3.40625], [-2.140625], [-2.125], [-1.921875], [-3.109375], [-3.265625], [-3.203125], [-3.0625], [-3.984375], [-2.421875], [-1.828125], [-0.9921875], [-4.34375], [-1.484375], [-3.5], [-2.15625], [-2.984375], [-2.96875], [-1.8828125], [-2.640625], [-2.71875], [-3.34375], [-3.40625], [-2.96875], [-2.671875], [-3.5625], [-2.734375], [-1.890625], [-0.08447265625]]}
