{"anthropic-red-team": [[-2.0], [-2.375], [-3.078125], [-2.6875], [-1.921875], [-2.6875], [-2.046875], [-2.171875], [-2.234375], [-2.234375], [-2.34375], [-1.953125], [-2.234375], [-3.078125], [-2.25], [-2.4375], [-1.953125], [-3.171875], [-1.5546875], [-2.21875], [-2.96875], [-4.1875], [-2.921875], [-2.125], [-1.5546875], [-2.1875], [-2.203125], [-2.953125], [-2.125], [-1.8828125], [-2.125], [-2.171875], [-2.34375], [-3.0625], [-2.625], [-2.3125], [-1.890625], [-2.359375], [-2.5], [-2.421875], [-1.6796875], [-2.375], [-1.4140625], [-2.6875], [-2.234375], [-2.28125], [-1.9609375], [-1.78125], [-1.8125], [-3.1875], [-2.140625], [-2.84375], [-2.3125], [-1.7734375], [-2.390625], [-2.0625], [-2.21875], [-2.34375], [-1.9375], [-2.4375], [-2.125], [-2.828125], [-2.03125], [-1.9609375], [-2.734375], [-2.625], [-3.53125], [-2.15625], [-2.53125], [-2.078125], [-3.28125], [-2.359375], [-2.359375], [-2.34375], [-1.9921875], [-1.5546875], [-2.3125], [-2.0], [-1.9921875], [-2.453125], [-3.171875], [-3.203125], [-2.578125], [-2.375], [-2.015625], [-2.203125], [-1.953125], [-2.265625], [-2.5], [-2.453125], [-2.359375], [-3.578125], [-2.234375], [-2.59375], [-2.328125], [-2.296875], [-1.4140625], [-2.140625], [-2.375], [-3.34375], [-2.609375], [-2.1875], [-1.8828125], [-2.296875], [-2.0625], [-1.75], [-2.59375], [-2.0], [-2.421875], [-2.234375], [-2.171875], [-2.75], [-2.3125], [-1.5546875], [-2.140625], [-2.015625], [-3.453125], [-2.609375], [-3.15625], [-1.9140625], [-2.03125], [-2.203125], [-2.015625], [-2.375], [-2.71875], [-2.015625], [-3.46875], [-2.4375]], "anthropic-helpful-base": [[-2.578125], [-2.578125], [-2.03125], [-2.921875], [-1.9765625], [-2.546875], [-2.03125], [-2.765625], [-2.140625], [-1.96875], [-2.140625], [-1.3515625], [-2.671875], [-1.890625], [-2.375], [-1.9765625], [-2.515625], [-1.875], [-2.421875], [-2.4375], [-2.296875], [-2.40625], [-2.671875], [-3.03125], [-2.40625], [-2.84375], [-2.703125], [-2.609375], [-1.953125], [-2.1875], [-2.390625], [-2.078125], [-2.3125], [-2.40625], [-1.40625], [-2.53125], [-2.4375], [-2.453125], [-2.5], [-2.625], [-2.3125], [-2.390625], [-2.453125], [-2.28125], [-2.34375], [-2.0], [-2.546875], [-2.28125], [-1.8203125], [-2.734375], [-2.40625], [-2.21875], [-2.71875], [-2.03125], [-2.4375], [-2.46875], [-2.296875], [-2.4375], [-2.203125], [-2.09375], [-2.265625], [-2.6875], [-2.515625], [-2.234375], [-1.78125], [-2.5], [-2.28125], [-2.4375], [-2.28125], [-1.9921875], [-2.265625], [-2.21875], [-2.515625], [-2.625], [-2.09375], [-1.8828125], [-2.25], [-2.546875], [-2.546875], [-2.09375], [-2.453125], [-2.484375], [-1.9921875], [-2.0625], [-2.015625], [-1.9765625], [-2.125], [-2.65625], [-2.546875], [-2.46875], [-2.46875], [-2.40625], [-2.03125], [-2.578125], [-2.125], [-1.609375], [-2.359375], [-2.15625], [-2.34375], [-2.515625], [-2.34375], [-2.0], [-2.3125], [-2.15625], [-1.5546875], [-2.171875], [-2.53125], [-2.40625], [-2.171875], [-1.8984375], [-2.15625], [-2.4375], [-2.09375], [-2.390625], [-2.484375], [-2.78125], [-1.734375], [-1.578125], [-1.4609375], [-2.53125], [-1.5234375], [-2.140625], [-2.546875], [-1.984375], [-2.296875], [-2.578125], [-2.484375], [-1.8359375]], "anthropic-harmless-base": [[-2.15625], [-2.53125], [-1.8671875], [-1.8359375], [-2.5], [-2.9375], [-2.28125], [-2.546875], [-2.796875], [-1.75], [-2.25], [-2.28125], [-2.4375], [-2.171875], [-2.53125], [-3.4375], [-2.015625], [-2.421875], [-2.328125], [-1.984375], [-3.40625], [-2.796875], [-2.578125], [-2.3125], [-2.03125], [-2.40625], [-2.296875], [-2.953125], [-2.625], [-2.453125], [-2.84375], [-3.09375], [-3.6875], [-1.9140625], [-2.5625], [-2.03125], [-3.25], [-2.421875], [-2.546875], [-2.125], [-2.703125], [-2.3125], [-2.609375], [-4.1875], [-2.875], [-2.515625], [-2.421875], [-2.046875], [-2.96875], [-1.8515625], [-2.609375], [-2.5], [-2.15625], [-2.28125], [-2.0], [-3.203125], [-2.328125], [-3.453125], [-2.75], [-3.75], [-2.6875], [-2.1875], [-2.34375], [-2.75], [-3.8125], [-3.46875], [-2.828125], [-1.7109375], [-2.890625], [-2.703125], [-2.84375], [-2.421875], [-2.71875], [-2.34375], [-2.15625], [-2.25], [-2.8125], [-2.671875], [-2.140625], [-3.515625], [-3.046875], [-2.71875], [-2.0], [-2.359375], [-2.265625], [-2.03125], [-2.6875], [-2.390625], [-2.140625], [-3.0], [-2.3125], [-2.46875], [-3.0625], [-1.796875], [-2.375], [-2.34375], [-2.609375], [-2.890625], [-2.421875], [-1.2734375], [-2.0], [-3.078125], [-3.390625], [-2.25], [-2.359375], [-2.765625], [-2.75], [-2.109375], [-1.7265625], [-1.859375], [-2.21875], [-2.28125], [-2.359375], [-3.265625], [-2.453125], [-2.953125], [-1.25], [-2.359375], [-2.15625], [-2.046875], [-2.015625], [-3.46875], [-2.21875], [-2.328125], [-2.265625], [-2.265625], [-2.421875], [-3.09375]], "openai/webgpt_comparisons": [[-3.296875], [-3.078125], [-3.15625], [-2.78125], [-2.921875], [-2.140625], [-2.859375], [-3.234375], [-2.4375], [-3.390625], [-3.265625], [-3.171875], [-2.890625], [-2.6875], [-3.15625], [-2.78125], [-1.8828125], [-2.609375], [-3.21875], [-2.953125], [-3.59375], [-3.078125], [-2.9375], [-2.890625], [-3.640625], [-3.0625], [-2.671875], [-3.3125], [-2.796875], [-2.453125], [-2.078125], [-2.71875], [-3.421875], [-2.8125], [-3.109375], [-2.8125], [-2.84375], [-3.140625], [-3.0625], [-2.28125], [-3.15625], [-2.65625], [-2.15625], [-3.34375], [-2.90625], [-3.546875], [-2.71875], [-2.859375], [-2.453125], [-1.59375], [-2.6875], [-2.546875], [-3.03125], [-2.53125], [-2.578125], [-2.734375], [-3.28125], [-2.765625], [-2.90625], [-3.0625], [-2.859375], [-2.390625], [-3.34375], [-2.3125], [-3.109375], [-1.265625], [-2.171875], [-3.15625], [-2.5625], [-2.515625], [-2.734375], [-3.40625], [-2.9375], [-3.09375], [-2.96875], [-3.46875], [-2.96875], [-3.265625], [-3.0625], [-2.875], [-4.09375], [-2.015625], [-2.625], [-3.640625], [-3.015625], [-2.78125], [-2.53125], [-3.375], [-2.828125], [-2.59375], [-2.546875], [-2.40625], [-2.953125], [-3.28125], [-3.046875], [-3.328125], [-2.921875], [-2.890625], [-3.171875], [-3.0], [-2.59375], [-2.265625], [-2.09375], [-3.234375], [-3.171875], [-2.828125], [-2.78125], [-3.40625], [-2.609375], [-2.015625], [-3.125], [-2.953125], [-2.140625], [-3.21875], [-2.90625], [-3.09375], [-3.09375], [-3.21875], [-2.65625], [-2.328125], [-2.65625], [-3.421875], [-2.71875], [-2.765625], [-3.828125], [-2.8125], [-2.890625], [-2.296875]]}
