{"anthropic-red-team": [[-2.296875], [-6.0625], [-4.78125], [-3.71875], [-3.046875], [-5.0], [-3.734375], [-2.359375], [-4.5625], [-6.40625], [-4.9375], [-2.34375], [-4.34375], [-3.71875], [-5.125], [-4.71875], [-2.15625], [-3.46875], [-1.8828125], [-3.515625], [-4.03125], [-3.359375], [-2.75], [-6.28125], [-2.984375], [-2.59375], [-0.337890625], [-9.9375], [-2.859375], [-3.828125], [-2.015625], [-5.65625], [-2.6875], [-4.125], [-3.71875], [-5.375], [-2.421875], [-4.03125], [-4.5625], [-4.59375], [-7.53125], [-4.5625], [-1.4765625], [-4.5625], [-2.8125], [-5.15625], [-2.9375], [-2.875], [-0.921875], [-2.984375], [-2.203125], [-7.84375], [-2.53125], [-4.59375], [-2.9375], [-3.171875], [-2.84375], [-6.75], [-5.75], [-5.9375], [-3.5625], [-6.15625], [-1.8203125], [-1.734375], [-3.34375], [-7.71875], [-3.46875], [-4.28125], [-2.296875], [-1.640625], [-6.21875], [-5.59375], [-2.421875], [-1.671875], [-1.5859375], [-2.0625], [-2.671875], [-4.84375], [-2.484375], [-1.5390625], [-6.9375], [-3.234375], [-4.625], [-5.375], [-7.8125], [-3.0625], [-2.1875], [-2.859375], [-5.96875], [-9.375], [-4.1875], [-7.59375], [-2.609375], [-4.75], [-3.921875], [-5.21875], [-2.21875], [-4.21875], [-7.625], [-3.0625], [-2.59375], [-2.640625], [-3.703125], [-2.59375], [-5.4375], [-1.9375], [-7.03125], [-3.046875], [-3.4375], [-8.3125], [-2.46875], [-7.625], [-2.84375], [-1.8125], [-3.234375], [-2.4375], [-8.5], [-4.125], [-6.28125], [-2.0625], [-2.40625], [-6.375], [-3.421875], [-5.15625], [-7.375], [-4.78125], [-5.53125], [-1.5703125]], "anthropic-helpful-base": [[2.71875], [-1.625], [1.3203125], [-3.25], [-2.4375], [-2.046875], [-0.2216796875], [-0.044921875], [-1.6953125], [2.640625], [-0.48828125], [0.0595703125], [1.9921875], [-0.00677490234375], [-2.453125], [2.828125], [-1.4765625], [3.328125], [0.11181640625], [-0.154296875], [1.046875], [-0.66015625], [-2.5625], [-2.09375], [-2.171875], [-0.0849609375], [-2.703125], [0.48046875], [-1.5], [1.296875], [3.28125], [-1.7890625], [1.2421875], [-0.625], [2.84375], [-3.828125], [-1.8203125], [1.2578125], [-2.640625], [-2.859375], [2.09375], [1.2265625], [-0.55078125], [0.37109375], [1.6328125], [1.109375], [0.7109375], [0.79296875], [0.154296875], [1.0546875], [-3.21875], [2.625], [1.328125], [2.84375], [-5.53125], [1.6953125], [-0.061767578125], [-1.3671875], [1.3515625], [-3.09375], [0.6171875], [-3.0625], [-1.3359375], [2.34375], [0.138671875], [1.546875], [-0.546875], [-1.4765625], [-0.171875], [-0.369140625], [-0.173828125], [-1.046875], [-2.109375], [-1.8203125], [-1.8828125], [-1.296875], [-0.45703125], [-0.490234375], [-1.3984375], [-1.0390625], [1.1484375], [2.734375], [0.003662109375], [-1.15625], [0.6796875], [1.75], [2.484375], [-3.859375], [0.5], [-2.328125], [-1.9296875], [0.68359375], [2.125], [-0.10888671875], [-1.0078125], [1.6796875], [-1.4921875], [1.8046875], [-0.6875], [1.0], [-1.4453125], [-1.3359375], [-0.703125], [2.28125], [3.625], [-0.87890625], [-1.46875], [-1.8671875], [1.9609375], [1.046875], [-0.8203125], [-2.421875], [0.63671875], [2.484375], [-3.25], [-1.53125], [-1.6953125], [2.578125], [2.328125], [-0.427734375], [-0.50390625], [-0.16796875], [-5.5], [1.1328125], [1.7578125], [2.84375], [-1.4765625], [-1.1171875]], "anthropic-harmless-base": [[-3.78125], [-2.265625], [-6.46875], [-0.99609375], [-2.96875], [-7.78125], [-5.96875], [-3.25], [-3.828125], [-1.109375], [-2.359375], [1.6953125], [-3.9375], [-7.59375], [-3.5625], [-10.875], [-6.4375], [-2.71875], [-3.5], [-5.3125], [-5.5], [-8.5], [-7.65625], [-1.5234375], [-1.2890625], [-7.8125], [-3.828125], [-6.09375], [-2.1875], [-3.359375], [-2.34375], [-3.296875], [-3.78125], [-2.03125], [-3.9375], [-2.28125], [-7.21875], [-2.484375], [-2.734375], [-2.296875], [-4.53125], [-5.625], [-1.8203125], [-7.59375], [-4.0625], [-2.046875], [-2.453125], [-1.9609375], [-2.453125], [-8.8125], [-9.375], [-6.53125], [-7.6875], [-4.03125], [-3.46875], [-3.453125], [-5.90625], [-2.890625], [-3.25], [-6.90625], [-6.9375], [-1.6328125], [-6.34375], [-8.375], [-7.5625], [-10.75], [-5.21875], [-1.9765625], [-3.1875], [-9.6875], [-3.140625], [-4.75], [-4.53125], [-1.7109375], [-6.65625], [-5.03125], [-8.9375], [-6.65625], [-6.4375], [-3.25], [-5.71875], [-2.546875], [-6.34375], [-2.953125], [-2.28125], [-7.34375], [-8.0625], [-4.25], [-8.4375], [-1.796875], [-2.65625], [-5.53125], [-7.21875], [-2.140625], [-3.421875], [-1.1484375], [-2.28125], [-6.625], [-4.5625], [-4.84375], [-3.609375], [-5.8125], [-11.0625], [-3.921875], [-0.419921875], [-4.34375], [-2.609375], [-3.078125], [0.42578125], [-0.61328125], [-4.65625], [-6.09375], [-3.609375], [-8.8125], [-5.5], [-4.59375], [-3.421875], [-2.265625], [-3.484375], [-1.9453125], [-3.796875], [-3.015625], [-3.125], [-2.296875], [-2.078125], [-3.0], [-7.28125], [-5.625]], "openai/webgpt_comparisons": [[-1.828125], [-1.6484375], [-2.09375], [-2.75], [-1.25], [-2.4375], [-2.5], [0.52734375], [-1.8125], [-0.9609375], [-2.8125], [-2.640625], [1.375], [-2.453125], [-2.59375], [-2.765625], [0.82421875], [-0.392578125], [-2.15625], [-0.66015625], [-3.84375], [-3.84375], [-2.03125], [-0.953125], [-0.1650390625], [-1.875], [-2.75], [-0.5078125], [-1.7265625], [-2.453125], [-1.96875], [-1.90625], [-2.078125], [-0.4921875], [-3.328125], [-2.03125], [-2.6875], [-2.90625], [-2.828125], [-2.59375], [-2.5625], [-2.1875], [-2.1875], [-0.0986328125], [-2.484375], [-4.78125], [-1.625], [-2.765625], [-2.84375], [-2.328125], [-2.640625], [-1.625], [-2.28125], [-2.4375], [-4.625], [-2.421875], [-3.0], [-2.15625], [-2.515625], [-0.80078125], [1.84375], [-1.578125], [-1.9609375], [-1.3984375], [-2.640625], [-1.3515625], [-1.1796875], [-1.515625], [-0.94921875], [0.279296875], [-1.5234375], [-1.71875], [-0.7109375], [1.0625], [-2.078125], [-0.3046875], [-1.3046875], [-2.296875], [-0.75], [0.59765625], [-4.28125], [-2.1875], [-2.640625], [-3.046875], [-2.71875], [0.1474609375], [-2.484375], [-0.67578125], [-0.29296875], [-2.5], [-0.54296875], [-2.109375], [-0.8828125], [-2.96875], [-1.59375], [-3.109375], [-1.5703125], [-2.125], [-2.90625], [-2.78125], [-1.65625], [-2.15625], [-1.171875], [-3.109375], [-2.6875], [-2.421875], [-4.0], [-3.71875], [-2.125], [-2.21875], [0.55859375], [-4.0], [-1.4609375], [-3.0], [-2.625], [-2.703125], [-3.0625], [-1.859375], [-2.46875], [-1.640625], [-4.5625], [-3.234375], [-3.40625], [-2.078125], [-3.734375], [-2.65625], [-2.78125], [-1.4453125]]}
