{"anthropic-red-team": [[-2.28125], [-6.53125], [-4.75], [-5.5], [-2.859375], [-2.625], [-2.859375], [-2.96875], [-4.75], [-6.09375], [-1.6328125], [-5.15625], [-1.9453125], [-8.625], [-5.03125], [-1.8359375], [-3.40625], [-4.53125], [-1.84375], [-3.515625], [-4.875], [-9.1875], [-7.75], [-3.78125], [-4.71875], [-2.609375], [0.71875], [-9.625], [-2.0], [-3.21875], [-1.96875], [-4.21875], [-3.4375], [-3.96875], [-3.296875], [-4.75], [-2.34375], [-4.03125], [-6.375], [-3.25], [-8.4375], [-6.40625], [0.90625], [-3.203125], [-2.8125], [-5.0], [-3.265625], [-3.4375], [-1.6015625], [-4.625], [-2.28125], [-8.5], [-4.1875], [-3.6875], [-3.546875], [-2.734375], [-2.984375], [-6.96875], [-1.6796875], [-5.84375], [-3.71875], [-6.09375], [-2.171875], [-2.515625], [-4.59375], [-5.78125], [-7.65625], [-4.78125], [-3.1875], [-2.75], [-2.765625], [-5.3125], [-3.234375], [-1.671875], [-3.875], [-1.9609375], [-3.0], [-1.8515625], [-2.265625], [-2.734375], [-6.78125], [-3.34375], [-4.96875], [-3.859375], [-2.921875], [-2.265625], [-5.375], [-2.53125], [-1.484375], [-9.0], [-4.15625], [-4.84375], [-1.7109375], [-5.21875], [-3.328125], [-4.8125], [-1.9296875], [-1.59375], [-2.03125], [-2.6875], [-1.5859375], [-2.46875], [-4.625], [-2.6875], [-6.40625], [-1.8671875], [-5.78125], [-2.140625], [-2.5], [-8.1875], [-2.40625], [-7.75], [-3.6875], [-2.046875], [-2.859375], [-2.46875], [-9.0], [-4.0], [-3.53125], [-1.1171875], [-2.375], [-5.96875], [-5.375], [-5.1875], [-2.90625], [-6.21875], [-4.90625], [-3.109375]], "anthropic-helpful-base": [[2.984375], [-1.5], [1.03125], [-3.5], [-2.453125], [0.36328125], [0.91015625], [-0.283203125], [-1.1484375], [2.625], [-0.34765625], [0.546875], [0.87109375], [-0.36328125], [-2.28125], [2.234375], [-1.4140625], [2.921875], [0.4375], [-0.84765625], [-0.181640625], [-1.1015625], [-2.5625], [-0.79296875], [-3.25], [0.416015625], [-4.0625], [-2.3125], [-0.7265625], [-1.9765625], [3.40625], [-1.796875], [1.3828125], [0.50390625], [2.84375], [-3.4375], [-1.828125], [1.90625], [-2.828125], [-2.5625], [2.40625], [2.359375], [-1.796875], [0.60546875], [1.8203125], [1.2265625], [0.421875], [0.4765625], [-0.462890625], [0.9921875], [-2.84375], [2.828125], [1.4375], [2.5], [-3.796875], [1.9296875], [0.474609375], [-1.5546875], [2.21875], [-2.828125], [0.48046875], [-3.0625], [-2.296875], [2.59375], [0.302734375], [1.859375], [-1.53125], [0.515625], [1.40625], [1.2421875], [1.8828125], [-1.046875], [-3.578125], [3.4375], [-2.109375], [-1.3515625], [-1.984375], [-2.71875], [-1.09375], [-0.828125], [0.86328125], [3.1875], [0.466796875], [-1.1640625], [0.431640625], [1.140625], [2.515625], [-3.796875], [0.32421875], [-2.609375], [-2.0625], [0.73828125], [1.578125], [-0.453125], [1.359375], [2.03125], [-2.484375], [1.7578125], [1.6953125], [1.5], [-1.4921875], [-1.3828125], [-0.328125], [1.5], [2.6875], [-0.9296875], [-0.396484375], [-1.0703125], [-1.671875], [0.96875], [-1.09375], [-2.640625], [0.765625], [2.953125], [-2.078125], [-2.421875], [-1.4609375], [-2.171875], [2.25], [0.0257568359375], [1.3828125], [-1.3359375], [-5.5], [1.140625], [0.765625], [3.328125], [-2.578125], [0.255859375]], "anthropic-harmless-base": [[-3.640625], [-3.859375], [-5.25], [-9.375], [-2.875], [-8.75], [-5.71875], [-2.734375], [-7.90625], [-1.578125], [-2.359375], [-0.06640625], [-3.984375], [-6.75], [-3.09375], [-11.0625], [-6.5625], [-2.6875], [-2.359375], [-5.15625], [-3.703125], [-8.5], [-3.546875], [-2.203125], [-1.2890625], [-7.34375], [-3.78125], [-5.5625], [-7.1875], [-3.375], [-2.53125], [-3.1875], [-2.671875], [-2.03125], [-3.1875], [-2.96875], [-7.84375], [-2.515625], [-2.640625], [-2.3125], [-3.390625], [-5.3125], [-4.875], [-8.75], [-4.21875], [-7.1875], [-4.15625], [-1.078125], [-4.3125], [-8.875], [-9.5625], [-5.53125], [-8.375], [-4.78125], [-2.828125], [-7.53125], [-6.25], [-4.875], [-3.09375], [-4.25], [-2.671875], [-2.609375], [-2.828125], [-9.4375], [-7.1875], [-11.0], [-2.484375], [-2.71875], [-3.578125], [-10.0], [-3.453125], [-4.78125], [-3.25], [-2.265625], [-5.3125], [-3.640625], [-8.9375], [-2.625], [-2.359375], [-2.734375], [-6.3125], [-1.875], [-4.53125], [-2.296875], [-2.828125], [-5.90625], [-8.375], [-4.625], [-5.34375], [-1.796875], [-2.65625], [-4.84375], [-6.84375], [-0.88671875], [-3.421875], [-1.703125], [-3.515625], [-3.265625], [-4.25], [-5.84375], [-1.8046875], [-5.875], [-10.125], [-3.28125], [-0.7109375], [-6.53125], [-2.0], [-2.921875], [2.359375], [-0.1318359375], [-4.875], [-2.578125], [-3.78125], [-7.3125], [-2.640625], [-4.375], [-4.5625], [-8.25], [-4.21875], [-1.84375], [-4.75], [-2.9375], [-3.75], [-1.984375], [-2.484375], [-2.796875], [-5.75], [-5.34375]], "openai/webgpt_comparisons": [[-1.8671875], [-1.1796875], [-2.578125], [-1.703125], [-2.75], [-1.953125], [-1.4765625], [0.13671875], [-1.90625], [-0.875], [-2.9375], [-2.46875], [-2.09375], [-2.5], [-2.6875], [-3.359375], [-0.98828125], [-0.177734375], [-3.234375], [-0.435546875], [-5.71875], [-3.640625], [-2.421875], [-1.6875], [-2.953125], [-1.984375], [-2.375], [-3.328125], [-2.671875], [-1.8984375], [-1.765625], [-2.703125], [-2.0625], [-2.671875], [-3.21875], [-2.53125], [-2.65625], [-2.90625], [-2.53125], [-2.75], [-1.2734375], [-2.421875], [-2.21875], [2.875], [-2.453125], [-4.96875], [-1.375], [-2.875], [-2.328125], [-2.5625], [-1.53125], [-0.89453125], [-2.59375], [-2.828125], [-2.15625], [-0.38671875], [-2.96875], [-2.859375], [-2.609375], [-0.357421875], [-2.0], [-2.4375], [-0.1142578125], [-2.359375], [-2.765625], [-1.34375], [-1.8671875], [-1.3984375], [-1.8046875], [-1.6328125], [-1.7734375], [-2.09375], [-0.8984375], [1.4140625], [-1.734375], [-2.140625], [-3.0], [-2.390625], [-0.703125], [-2.6875], [-4.28125], [-1.6484375], [-0.95703125], [-2.4375], [-2.921875], [-3.15625], [-2.515625], [-1.4375], [-1.0546875], [-0.73828125], [-0.4609375], [-1.140625], [-2.609375], [-2.796875], [-3.0625], [-3.25], [-2.875], [-1.890625], [-2.3125], [-2.78125], [-2.484375], [-2.4375], [-0.9921875], [-2.015625], [-2.78125], [-2.828125], [-2.578125], [-3.8125], [-2.46875], [-1.921875], [-0.0908203125], [-3.890625], [-1.0703125], [-2.953125], [-1.1796875], [-2.6875], [-2.828125], [-3.21875], [-2.671875], [-1.8046875], [-3.25], [-3.421875], [-3.328125], [-1.9296875], [-4.90625], [-2.765625], [-2.84375], [1.84375]]}
