{"anthropic-red-team": [[-2.265625], [-6.09375], [-2.15625], [-3.875], [-2.9375], [-2.046875], [-3.640625], [-3.875], [-4.53125], [-6.46875], [-4.3125], [-2.90625], [-1.84375], [-2.546875], [-5.40625], [-2.84375], [-1.984375], [-2.6875], [-1.953125], [-3.78125], [-5.6875], [-3.828125], [-2.4375], [-3.015625], [-2.828125], [-1.65625], [0.201171875], [-9.8125], [-1.6484375], [-3.796875], [-4.53125], [-2.328125], [-2.6875], [-4.59375], [-3.453125], [-5.59375], [-2.40625], [-3.9375], [-2.53125], [-4.25], [-7.65625], [-2.734375], [1.359375], [-3.265625], [-2.796875], [-4.53125], [-2.0], [-1.4765625], [-0.5625], [-3.5625], [-3.53125], [-3.03125], [-2.65625], [-6.625], [-3.015625], [-2.984375], [-2.71875], [-5.65625], [-4.875], [-5.625], [-1.9921875], [-6.21875], [-2.515625], [-3.3125], [-2.921875], [-6.03125], [-2.484375], [-6.09375], [-3.09375], [-2.640625], [-2.3125], [-2.6875], [-2.640625], [-3.8125], [-3.59375], [-1.7734375], [-3.0625], [-4.78125], [-2.453125], [-3.921875], [-6.25], [-3.28125], [-4.375], [-4.9375], [-7.75], [-3.390625], [-3.8125], [-2.296875], [-5.0625], [-9.1875], [-4.84375], [-4.34375], [-2.6875], [-4.4375], [-3.84375], [-3.921875], [-2.046875], [-1.578125], [-1.765625], [-2.453125], [-1.578125], [-2.78125], [-4.0], [-2.6875], [-6.53125], [-1.890625], [-1.9375], [-2.8125], [-3.4375], [-7.84375], [-2.265625], [-7.84375], [-2.828125], [-1.78125], [-2.9375], [-2.5625], [-8.5], [-4.03125], [-2.265625], [-0.98828125], [-2.40625], [-6.6875], [-3.390625], [-5.0625], [-8.9375], [-2.671875], [-5.1875], [-2.03125]], "anthropic-helpful-base": [[2.859375], [-2.484375], [1.015625], [-2.890625], [0.419921875], [-3.0625], [0.255859375], [-0.302734375], [-2.4375], [2.5], [-2.078125], [-0.054443359375], [0.95703125], [0.55078125], [-2.171875], [3.0], [-1.796875], [3.4375], [-1.734375], [-1.1015625], [1.2578125], [-0.5859375], [-1.671875], [-1.953125], [-2.75], [-0.21484375], [-3.515625], [-2.15625], [-1.5078125], [1.8671875], [3.0], [-1.796875], [1.5859375], [0.48046875], [0.87890625], [-3.71875], [-1.390625], [2.5625], [-0.4921875], [-2.953125], [2.546875], [-0.8828125], [2.65625], [1.015625], [1.2578125], [1.1875], [0.609375], [0.064453125], [3.46875], [1.109375], [-2.671875], [2.859375], [1.40625], [2.875], [-3.40625], [1.5234375], [0.76953125], [-1.71875], [-0.42578125], [-3.109375], [0.498046875], [-2.734375], [-2.203125], [1.1875], [0.61328125], [1.6015625], [-1.15625], [0.12109375], [-2.21875], [0.33203125], [0.134765625], [-1.0546875], [-3.421875], [-2.328125], [-3.0625], [1.359375], [-1.84375], [-1.40625], [-1.421875], [-1.0703125], [1.0078125], [3.578125], [-2.6875], [-1.265625], [0.419921875], [2.0625], [2.78125], [-2.375], [0.35546875], [-2.328125], [-0.4765625], [0.875], [2.078125], [-0.75390625], [1.4453125], [0.53515625], [-2.015625], [1.4453125], [-2.078125], [1.140625], [-1.3203125], [-0.90625], [-2.515625], [1.9453125], [3.625], [-1.6875], [-0.123046875], [-1.4296875], [1.9296875], [1.3828125], [-0.796875], [-1.6484375], [0.64453125], [3.265625], [-2.921875], [-2.125], [-1.390625], [-1.7890625], [2.171875], [-0.2041015625], [-0.55078125], [-1.96875], [-5.53125], [1.25], [-1.0], [2.578125], [0.236328125], [-1.1171875]], "anthropic-harmless-base": [[-2.109375], [-2.25], [-6.6875], [-3.640625], [-2.34375], [-3.375], [-4.8125], [-2.734375], [-6.625], [-0.98828125], [-2.34375], [1.1171875], [-3.953125], [-6.59375], [-3.609375], [-10.5625], [-6.3125], [-2.671875], [-3.359375], [-4.59375], [-3.03125], [-6.71875], [-7.0], [-5.9375], [-1.3046875], [-8.25], [-3.734375], [-5.71875], [-2.25], [-3.359375], [-2.359375], [-2.984375], [-3.59375], [-1.40625], [-2.171875], [-2.84375], [-6.75], [-2.046875], [-2.90625], [-2.53125], [-1.7578125], [-5.40625], [-2.46875], [-8.5625], [-3.328125], [-7.75], [-2.25], [-2.921875], [-6.875], [-1.0546875], [-3.90625], [-4.5625], [-1.7578125], [-4.0625], [-3.59375], [-7.5], [-5.9375], [-5.15625], [-3.078125], [-2.78125], [-6.375], [-2.46875], [-2.796875], [-1.5234375], [-5.0625], [-9.5], [-4.84375], [-1.8515625], [-2.859375], [-9.125], [-3.625], [-4.90625], [-3.234375], [-1.203125], [-4.625], [-3.328125], [-9.25], [-3.34375], [-4.53125], [-2.984375], [-3.875], [-1.6796875], [-3.15625], [-2.515625], [-2.375], [-6.9375], [-6.0], [-3.8125], [-2.234375], [-4.3125], [-2.625], [-3.875], [-7.125], [-2.015625], [-6.96875], [-1.59375], [-2.15625], [-2.15625], [-3.484375], [-5.90625], [-3.0625], [-5.6875], [-4.21875], [-2.53125], [-2.25], [-5.875], [-6.5625], [-2.875], [2.484375], [-0.68359375], [-4.46875], [-6.875], [-3.09375], [-8.5625], [-2.734375], [-3.984375], [-4.90625], [-1.125], [-2.203125], [-1.84375], [-5.46875], [-6.59375], [-1.8984375], [-2.296875], [-2.109375], [-6.15625], [-7.34375], [-4.28125]], "openai/webgpt_comparisons": [[-1.96875], [-0.2119140625], [-2.3125], [-2.46875], [-1.1953125], [-0.36328125], [-2.75], [0.55859375], [-1.6875], [-0.96484375], [-3.015625], [-2.828125], [-0.79296875], [-2.5], [-3.015625], [-2.359375], [0.2890625], [-0.578125], [-2.734375], [-2.578125], [-4.09375], [-2.90625], [-2.421875], [-0.181640625], [-3.453125], [-1.9765625], [-2.0], [-1.109375], [-2.65625], [-2.40625], [-1.6796875], [-2.65625], [-2.609375], [-2.609375], [-3.28125], [-2.75], [-1.625], [-2.734375], [-3.0], [-2.890625], [-2.53125], [-2.421875], [-2.0], [2.5625], [-2.8125], [-4.4375], [-1.375], [-2.546875], [-2.6875], [-1.3984375], [-2.90625], [-1.4609375], [-1.7421875], [-2.28125], [-2.828125], [0.2265625], [-3.109375], [-2.671875], [-2.75], [-2.6875], [0.30078125], [-1.8515625], [-0.1796875], [-2.109375], [-2.75], [-1.2265625], [-1.4375], [0.51953125], [-1.1171875], [-2.34375], [-2.59375], [-1.3515625], [-1.359375], [1.359375], [-2.984375], [-1.0234375], [-1.578125], [-3.203125], [-0.60546875], [0.318359375], [-4.28125], [-1.2890625], [-0.55859375], [-3.0], [-3.21875], [-2.703125], [-2.484375], [-1.265625], [-0.671875], [-2.375], [-0.28515625], [-2.40625], [-1.4375], [-3.59375], [-2.765625], [-3.28125], [-1.71875], [-2.421875], [-3.453125], [-2.46875], [-3.015625], [-2.265625], [-1.625], [-3.140625], [-2.875], [-1.71875], [-4.125], [-4.875], [-2.109375], [-1.703125], [0.44921875], [-3.296875], [-1.625], [-2.84375], [-2.578125], [-2.796875], [-2.421875], [-2.859375], [-2.640625], [-1.7421875], [-4.6875], [-2.8125], [-2.796875], [-1.7578125], [-3.90625], [-2.796875], [-2.703125], [-1.4765625]]}
