{"anthropic-red-team": [[-2.5625], [-6.1875], [-7.84375], [-3.5], [-2.796875], [-2.84375], [-4.1875], [-5.5625], [-6.125], [-6.0], [-5.65625], [-5.03125], [-4.125], [-8.8125], [-5.71875], [-4.03125], [-2.875], [-2.71875], [-1.9765625], [-5.4375], [-5.90625], [-3.4375], [-6.59375], [-5.3125], [-1.8671875], [-4.4375], [0.67578125], [-3.265625], [-2.046875], [-4.125], [-4.75], [-3.328125], [-3.578125], [-6.40625], [-4.375], [-3.5625], [-2.109375], [-3.703125], [-2.0625], [-3.296875], [-3.765625], [-4.0625], [-1.5234375], [-3.328125], [-2.609375], [-4.40625], [-2.53125], [-1.5625], [-0.62109375], [-6.96875], [-2.578125], [-7.09375], [-4.90625], [-2.359375], [-4.4375], [-4.3125], [-2.84375], [-6.03125], [-7.09375], [-6.25], [-4.3125], [-7.34375], [-2.6875], [-2.859375], [-4.5625], [-2.4375], [-8.0625], [-4.5], [-3.21875], [-2.46875], [-5.3125], [-5.4375], [-3.328125], [-5.90625], [-2.359375], [-2.09375], [-2.8125], [-6.59375], [-2.46875], [-4.46875], [-5.75], [-3.03125], [-3.1875], [-6.90625], [-6.8125], [-4.25], [-4.65625], [-6.125], [-6.28125], [-8.25], [-6.84375], [-6.8125], [-2.78125], [-7.125], [-2.453125], [-7.5], [-1.8203125], [-2.9375], [-4.34375], [-2.890625], [-6.8125], [-2.515625], [-2.5625], [-3.171875], [-4.4375], [-2.171875], [-3.09375], [-1.4765625], [-3.96875], [-7.625], [-4.96875], [-4.71875], [-5.15625], [-2.90625], [-4.625], [-2.6875], [-8.3125], [-4.3125], [-8.625], [-2.40625], [-2.671875], [-4.375], [-3.078125], [-2.578125], [-4.375], [-1.484375], [-6.125], [-6.96875]], "anthropic-helpful-base": [[-2.515625], [-2.25], [-1.03125], [-3.5], [-1.6953125], [-3.09375], [-0.09912109375], [-1.78125], [-2.25], [2.46875], [-0.5234375], [0.9765625], [-0.7890625], [-1.7109375], [-1.6640625], [2.296875], [-2.296875], [2.5], [-0.44921875], [-2.15625], [0.1953125], [-0.734375], [-3.1875], [-2.1875], [-2.4375], [-1.453125], [-4.625], [-1.640625], [-2.328125], [-1.5625], [-2.1875], [1.265625], [1.25], [-2.5], [1.0859375], [-2.9375], [-1.96875], [-1.2734375], [-2.140625], [-3.890625], [-0.51171875], [-2.09375], [-2.890625], [-2.234375], [-0.71484375], [-0.28515625], [-3.0625], [0.220703125], [1.9609375], [-0.765625], [-2.75], [0.5078125], [-2.59375], [2.8125], [-6.125], [-2.90625], [-0.53125], [-1.4609375], [-2.03125], [-3.578125], [-2.390625], [-2.6875], [-1.03125], [-1.6875], [-2.40625], [-2.9375], [-2.6875], [-2.25], [-0.734375], [-0.030029296875], [-2.96875], [-1.5234375], [-3.0625], [2.96875], [-2.515625], [-0.5], [-1.0078125], [-1.1171875], [-3.078125], [-1.03125], [-0.0267333984375], [-0.033447265625], [-2.03125], [-1.9140625], [-0.60546875], [0.1181640625], [-0.255859375], [-5.65625], [-2.328125], [-1.8203125], [-1.859375], [-1.4296875], [-1.1171875], [-1.34375], [-1.3515625], [1.125], [-2.8125], [-0.87109375], [-1.28125], [0.287109375], [-2.453125], [-0.85546875], [-2.09375], [1.8359375], [1.9609375], [-2.203125], [-0.58203125], [-0.96484375], [-1.4921875], [-1.2421875], [-1.71875], [-2.546875], [-0.26953125], [1.921875], [-3.8125], [-2.796875], [-3.0], [1.46875], [0.50390625], [-0.66796875], [0.16796875], [-1.390625], [-2.953125], [-0.1796875], [-1.9453125], [-1.578125], [-0.55859375], [-1.546875]], "anthropic-harmless-base": [[-3.78125], [-4.59375], [-2.03125], [-4.65625], [-3.25], [-7.15625], [-4.09375], [-3.234375], [-6.78125], [-1.7265625], [-4.75], [-0.00030517578125], [-5.03125], [-3.328125], [-3.15625], [-11.5625], [-4.40625], [-2.453125], [-2.984375], [-5.09375], [-5.46875], [-6.75], [-3.21875], [-2.96875], [-2.46875], [-6.8125], [-3.125], [-7.375], [-5.78125], [-3.71875], [-5.25], [-4.84375], [-5.0625], [-6.8125], [-3.75], [-2.796875], [-6.0], [-2.765625], [-2.765625], [-2.4375], [-4.9375], [-3.0625], [-3.09375], [-8.4375], [-4.78125], [-3.078125], [-4.0625], [-4.65625], [-5.8125], [-5.71875], [-2.734375], [-3.359375], [-6.125], [-4.875], [-1.75], [-6.75], [-2.578125], [-5.25], [-3.515625], [-6.25], [-3.53125], [-3.078125], [-5.96875], [-6.15625], [-9.1875], [-9.4375], [-4.65625], [-3.28125], [-4.0], [-9.75], [-4.625], [-4.46875], [-3.359375], [-1.875], [-4.5625], [-3.140625], [-9.1875], [-3.046875], [-5.5], [-4.0625], [-4.75], [-4.65625], [-3.03125], [-2.9375], [-3.015625], [-6.375], [-3.84375], [-2.671875], [-6.15625], [-4.03125], [-2.8125], [-5.6875], [-6.875], [-2.171875], [-7.28125], [-2.96875], [-5.125], [-2.9375], [-3.796875], [-2.4375], [-2.765625], [-4.875], [-8.3125], [-5.40625], [-2.6875], [-4.125], [-4.90625], [-2.953125], [-2.296875], [-1.5078125], [-6.0], [-2.109375], [-5.03125], [-3.5], [-5.34375], [-5.75], [-4.65625], [-4.96875], [-2.296875], [-2.859375], [-5.65625], [-5.03125], [-2.1875], [-6.0625], [-3.171875], [-5.6875], [-6.9375], [-7.3125]], "openai/webgpt_comparisons": [[-3.015625], [-0.388671875], [-2.734375], [-2.671875], [-2.71875], [-2.328125], [-1.859375], [-0.2333984375], [-3.78125], [-2.609375], [-2.890625], [-0.90234375], [0.96484375], [-2.28125], [-3.15625], [-3.546875], [-0.193359375], [-2.234375], [-3.203125], [-0.67578125], [-4.0625], [-4.03125], [-2.5625], [-2.546875], [-1.5078125], [-2.921875], [-2.484375], [-3.359375], [-2.6875], [-1.6640625], [-0.2119140625], [-3.21875], [-1.421875], [-2.921875], [-3.328125], [-3.921875], [-2.875], [-2.828125], [-2.625], [-4.28125], [-3.0], [-2.578125], [-1.2265625], [2.046875], [-2.109375], [-3.84375], [0.435546875], [-3.28125], [-2.5625], [-3.71875], [-2.765625], [-2.3125], [-2.078125], [-2.859375], [-4.09375], [-0.55859375], [-3.34375], [-2.78125], [-1.8515625], [-2.4375], [-1.0], [-2.140625], [-0.5390625], [-2.328125], [-2.09375], [-0.9296875], [-1.796875], [-3.375], [-1.265625], [-2.171875], [-3.265625], [-1.34375], [-1.8359375], [-1.28125], [-3.140625], [-1.2421875], [-2.8125], [-2.546875], [-2.59375], [-2.96875], [-4.1875], [-3.8125], [-2.265625], [-4.0625], [-3.234375], [-0.89453125], [-2.15625], [-2.046875], [-1.921875], [-1.9921875], [-1.40625], [-2.5625], [-2.5], [-3.78125], [-2.796875], [-3.671875], [-2.640625], [-2.9375], [-2.015625], [-3.390625], [-2.328125], [-2.546875], [-1.265625], [-2.1875], [-2.4375], [-2.484375], [-3.234375], [-5.375], [-2.328125], [-2.0625], [-0.53125], [-5.3125], [-1.109375], [-3.34375], [-2.765625], [-3.34375], [-3.21875], [-2.6875], [-2.734375], [-2.28125], [-4.1875], [-3.40625], [-2.71875], [-1.5546875], [-4.03125], [-2.921875], [-2.84375], [1.328125]]}
