{"anthropic-red-team": [[-2.4375], [-6.09375], [-9.3125], [-4.09375], [-3.0], [-1.828125], [-3.8125], [-5.46875], [-4.9375], [-6.84375], [-4.5625], [-5.09375], [-4.125], [-3.0625], [-5.1875], [-4.71875], [-2.796875], [-4.59375], [-1.765625], [-2.25], [-3.625], [-8.375], [-7.46875], [-6.28125], [-1.4140625], [-5.03125], [0.65234375], [-10.1875], [-1.0390625], [-2.21875], [-2.015625], [-3.890625], [-2.90625], [-3.6875], [-3.140625], [-5.0625], [-2.359375], [-4.03125], [-5.90625], [-3.40625], [-7.28125], [-6.0625], [-1.46875], [-3.34375], [-2.671875], [-5.15625], [-2.890625], [-2.90625], [-0.9375], [-4.5], [-4.625], [-6.46875], [-4.0625], [-4.3125], [-3.21875], [-3.140625], [-2.84375], [-5.34375], [-2.3125], [-3.796875], [-3.3125], [-6.25], [-4.1875], [-1.6328125], [-3.34375], [-6.03125], [-4.5625], [-4.59375], [-3.078125], [-2.625], [-4.96875], [-3.484375], [-2.421875], [-7.03125], [-3.46875], [-1.890625], [-2.625], [-2.359375], [-2.5], [-3.421875], [-7.125], [-6.0], [-4.71875], [-5.125], [-5.90625], [-4.15625], [-5.34375], [-2.875], [-6.46875], [-9.4375], [-4.40625], [-7.625], [-2.78125], [-4.40625], [-3.125], [-5.25], [-2.203125], [-2.296875], [-6.75], [-6.4375], [-2.3125], [-2.734375], [-2.828125], [-3.21875], [-5.75], [-1.921875], [-5.1875], [-1.953125], [-3.46875], [-8.625], [-2.34375], [-8.125], [-2.90625], [-1.828125], [-2.859375], [-1.953125], [-8.625], [-4.09375], [-2.234375], [-1.1953125], [-2.859375], [-7.5], [-3.421875], [-5.21875], [-3.8125], [-6.53125], [-4.6875], [-1.796875]], "anthropic-helpful-base": [[1.8515625], [-2.40625], [1.15625], [-3.3125], [-2.453125], [-1.6796875], [-0.162109375], [-0.373046875], [-2.015625], [2.453125], [0.10400390625], [0.65234375], [1.2109375], [0.57421875], [-2.5625], [2.859375], [-1.265625], [3.328125], [-0.4921875], [-0.84375], [2.046875], [-0.1787109375], [-1.796875], [-2.203125], [-3.21875], [-1.0390625], [-2.328125], [0.65625], [0.91015625], [2.640625], [3.140625], [-0.59375], [1.9140625], [0.2255859375], [2.78125], [-3.171875], [-1.8203125], [2.96875], [-0.3125], [-2.734375], [-0.84765625], [2.25], [2.46875], [0.953125], [2.09375], [1.2578125], [0.8203125], [0.6484375], [3.359375], [1.734375], [-2.796875], [2.859375], [1.2578125], [2.5625], [-5.46875], [2.0625], [0.251953125], [-2.578125], [0.67578125], [-2.984375], [-0.08642578125], [-2.09375], [0.69921875], [2.625], [0.86328125], [1.4375], [-2.46875], [-0.1689453125], [-0.26171875], [1.0625], [0.671875], [-1.046875], [-1.1796875], [3.6875], [-1.8125], [-0.5078125], [2.140625], [0.08740234375], [-1.296875], [-0.91796875], [1.203125], [1.9375], [0.388671875], [-0.359375], [0.8984375], [-0.6953125], [2.8125], [-4.28125], [0.65234375], [-2.703125], [-0.55078125], [0.7265625], [2.25], [-0.37890625], [0.10400390625], [2.09375], [-2.453125], [-1.1796875], [-1.1171875], [1.234375], [-1.2421875], [-1.34375], [-2.609375], [1.8984375], [3.421875], [-0.31640625], [0.53515625], [3.390625], [-1.2421875], [1.65625], [-0.65234375], [-2.109375], [1.1484375], [3.3125], [-3.265625], [-1.2890625], [-1.84375], [-1.21875], [0.1943359375], [-0.451171875], [-0.4765625], [-1.0078125], [-5.5], [1.140625], [1.0703125], [2.28125], [-2.5625], [2.390625]], "anthropic-harmless-base": [[-4.875], [-3.5625], [-6.78125], [-8.6875], [-3.921875], [-9.375], [-6.71875], [-3.0625], [-8.5625], [-1.15625], [-6.15625], [0.5546875], [-5.5625], [-7.5], [-3.40625], [-11.75], [-5.59375], [-1.8125], [-3.359375], [-4.875], [-5.71875], [-8.3125], [-5.5], [-6.3125], [-2.40625], [-8.1875], [-6.21875], [-6.65625], [-6.90625], [-7.96875], [-4.03125], [-4.8125], [-9.0625], [-4.71875], [-3.1875], [-2.90625], [-6.15625], [-2.28125], [-2.3125], [-2.296875], [-4.0], [-5.5], [-1.3671875], [-8.875], [-4.78125], [-8.0625], [-3.5625], [-7.3125], [-3.984375], [-0.78125], [-9.625], [-4.90625], [-1.75], [-4.9375], [-3.1875], [-6.84375], [-3.078125], [-5.1875], [-2.921875], [-4.21875], [-6.5], [-1.765625], [-7.03125], [-9.25], [-6.15625], [-10.5625], [-2.40625], [-2.71875], [-3.109375], [-9.625], [-4.21875], [-4.84375], [-4.21875], [-0.65234375], [-4.15625], [-4.59375], [-9.5625], [-3.21875], [-5.25], [-4.1875], [-7.5], [-2.03125], [-5.0625], [-2.171875], [-2.859375], [-8.5625], [-8.3125], [-3.203125], [-8.4375], [-5.0], [-2.34375], [-5.4375], [-7.0625], [-2.546875], [-6.8125], [-1.0859375], [-2.890625], [-5.0], [-3.328125], [-7.9375], [-3.296875], [-5.875], [-10.8125], [-2.5625], [-1.28125], [-5.75], [-4.5], [-1.9921875], [3.140625], [-0.435546875], [-4.46875], [-6.875], [-5.0], [-8.75], [-4.71875], [-4.59375], [-5.0], [-5.96875], [-4.21875], [-2.875], [-5.15625], [-5.34375], [-3.90625], [-2.46875], [-2.484375], [-5.875], [-7.3125], [-8.4375]], "openai/webgpt_comparisons": [[-1.765625], [-0.0732421875], [-1.578125], [-2.640625], [-3.0], [-1.9375], [-2.703125], [0.73828125], [-1.9921875], [-3.234375], [-3.03125], [-2.734375], [0.5703125], [-2.71875], [-2.625], [-2.484375], [-0.7578125], [-0.31640625], [-2.625], [0.462890625], [-5.59375], [-2.484375], [-2.453125], [-2.8125], [-3.0625], [-3.84375], [-2.21875], [-1.0859375], [-3.125], [-1.046875], [-1.8203125], [-2.96875], [-1.2890625], [-2.5625], [-3.359375], [-3.015625], [-1.3125], [-3.046875], [-2.21875], [-1.8125], [-3.109375], [-2.453125], [-2.046875], [2.78125], [-2.859375], [-5.09375], [1.359375], [-2.59375], [-2.53125], [-3.4375], [-1.859375], [-1.140625], [-2.109375], [-3.25], [-2.578125], [-0.2216796875], [-3.265625], [-2.359375], [-2.75], [-0.26953125], [-2.5], [-1.625], [-0.328125], [-2.34375], [-2.359375], [-0.43359375], [-2.171875], [-3.171875], [-1.0390625], [-1.625], [-1.421875], [-1.3984375], [-1.546875], [0.8046875], [-2.6875], [-0.71484375], [-2.15625], [-1.6328125], [-2.40625], [-0.2158203125], [-4.40625], [-1.4375], [-0.9140625], [-3.03125], [-2.9375], [-1.4296875], [-2.59375], [-1.3828125], [0.30859375], [-2.6875], [-1.3515625], [-2.296875], [-1.375], [-3.625], [-1.90625], [-3.40625], [-2.5], [-2.453125], [-2.96875], [-2.546875], [-2.625], [-1.453125], [-0.76171875], [-2.984375], [-2.78125], [-2.328125], [-3.53125], [-4.25], [-2.046875], [-2.0], [0.216796875], [-4.875], [-1.203125], [-2.59375], [-1.046875], [-3.234375], [-2.546875], [-1.03125], [-2.5], [-1.6796875], [-3.28125], [-3.140625], [-2.90625], [-2.46875], [-5.03125], [-2.84375], [-2.859375], [1.8515625]]}
