{"anthropic-red-team": [[-2.234375], [-6.40625], [-3.375], [-4.71875], [-2.09375], [-1.828125], [-3.765625], [-2.96875], [-4.78125], [-7.03125], [-2.0], [-2.34375], [-1.7734375], [-1.984375], [-1.28125], [-2.25], [-2.046875], [-3.125], [-2.078125], [-2.390625], [-5.03125], [-2.546875], [-1.84375], [-4.34375], [-2.0625], [-4.6875], [0.48828125], [-10.0], [-3.09375], [-1.9609375], [-2.015625], [-3.234375], [-2.953125], [-4.75], [-2.484375], [-5.46875], [-2.15625], [-4.0], [-3.1875], [-3.171875], [-8.0625], [-6.21875], [-1.4453125], [-2.734375], [-2.84375], [-4.84375], [-2.421875], [-1.734375], [-0.0191650390625], [-3.671875], [-1.3359375], [-2.90625], [-3.796875], [-1.3515625], [-2.15625], [-2.90625], [-2.796875], [-6.625], [-5.40625], [-1.15625], [-1.0234375], [-4.125], [-2.078125], [-1.859375], [-2.59375], [-4.96875], [-3.015625], [-2.265625], [-3.265625], [-2.9375], [-2.890625], [-4.75], [-2.328125], [-2.8125], [-2.5625], [-1.7578125], [-3.1875], [-4.75], [-2.28125], [-2.0625], [-6.28125], [-3.09375], [-4.3125], [-8.5], [-7.84375], [-2.546875], [-1.5390625], [-1.203125], [-3.453125], [-9.0], [-4.1875], [-4.53125], [-2.578125], [-1.8125], [-2.25], [-1.8125], [-2.171875], [-4.4375], [-1.25], [-1.875], [-1.6015625], [-2.640625], [-2.453125], [-2.9375], [-1.828125], [-1.9296875], [-1.40625], [-1.7109375], [-3.453125], [-8.6875], [-2.390625], [-7.90625], [-2.96875], [-1.7578125], [-2.625], [-2.390625], [-11.0], [-3.953125], [-1.609375], [-0.0849609375], [-2.84375], [-3.765625], [-3.421875], [-3.34375], [-2.015625], [-1.46875], [-5.03125], [-3.109375]], "anthropic-helpful-base": [[2.703125], [-2.1875], [1.7734375], [-3.453125], [0.435546875], [-1.6796875], [-0.296875], [-0.375], [-1.9375], [2.453125], [0.283203125], [1.0], [1.25], [0.51171875], [-2.171875], [2.875], [-1.3984375], [3.078125], [0.44140625], [-1.390625], [1.1484375], [-1.3046875], [0.51953125], [-3.65625], [-2.609375], [-1.125], [-1.7578125], [1.6796875], [2.75], [-0.51171875], [2.703125], [2.34375], [1.7734375], [-0.81640625], [2.796875], [-3.296875], [-1.3359375], [2.78125], [-0.578125], [-2.703125], [2.515625], [-0.28125], [-2.0625], [0.76953125], [1.953125], [1.4921875], [0.71875], [0.97265625], [3.28125], [1.703125], [-2.46875], [2.625], [1.3125], [3.015625], [-4.84375], [1.8125], [0.107421875], [-1.4453125], [1.2578125], [-2.921875], [0.70703125], [-1.9140625], [-2.21875], [-2.140625], [0.48046875], [2.53125], [-0.36328125], [0.54296875], [1.65625], [0.86328125], [0.59375], [-1.046875], [-2.203125], [3.78125], [-1.34375], [1.421875], [2.34375], [-2.9375], [-1.2734375], [-1.21875], [0.609375], [2.796875], [-2.0625], [2.265625], [1.25], [2.578125], [2.359375], [-1.7265625], [0.515625], [-2.625], [-0.19140625], [1.0390625], [2.21875], [-0.53515625], [0.69921875], [1.96875], [-1.8046875], [0.94921875], [-0.64453125], [-2.59375], [-1.3203125], [-1.4921875], [-0.251953125], [2.234375], [3.53125], [-0.6171875], [1.4765625], [3.71875], [0.7109375], [2.46875], [-0.51171875], [-2.015625], [1.1015625], [3.359375], [-2.5625], [-1.25], [-1.875], [-1.1953125], [1.515625], [-0.2451171875], [1.3984375], [-1.34375], [-5.5], [1.3515625], [1.734375], [2.640625], [-2.5625], [2.359375]], "anthropic-harmless-base": [[-2.125], [-8.375], [-2.484375], [-0.7890625], [-1.1015625], [-1.6953125], [-6.0625], [-2.859375], [-8.875], [-1.0], [-2.546875], [1.5546875], [-4.96875], [-7.875], [-2.140625], [-2.125], [-1.9375], [-1.9453125], [-2.953125], [-5.28125], [-1.515625], [-1.40625], [-1.7421875], [-3.09375], [-1.09375], [-8.1875], [-5.75], [-6.0625], [-2.015625], [-3.0625], [-3.359375], [-5.21875], [-3.828125], [-2.453125], [-2.40625], [-3.140625], [-6.9375], [-2.1875], [-2.90625], [-2.296875], [-1.765625], [-5.375], [-2.09375], [-7.375], [-4.28125], [-5.5], [-2.8125], [-1.0625], [-1.84375], [-1.0078125], [-0.9921875], [-4.46875], [-1.890625], [-4.4375], [-4.53125], [-7.59375], [-1.8125], [-4.25], [-2.796875], [-3.96875], [-1.984375], [-1.2265625], [-4.21875], [-2.5625], [-5.375], [-2.734375], [-2.6875], [-1.9609375], [-2.71875], [-9.3125], [-4.59375], [-4.84375], [-2.53125], [-1.0546875], [-6.03125], [-5.1875], [-9.625], [-2.46875], [-2.40625], [-2.609375], [-2.703125], [-1.765625], [-2.40625], [-1.40625], [-2.21875], [-9.0625], [-8.5], [-2.390625], [-1.2890625], [-4.21875], [-2.6875], [-4.8125], [-4.1875], [-2.03125], [-3.75], [-0.625], [-3.390625], [-5.46875], [-3.109375], [-0.5625], [-2.015625], [-5.1875], [-11.1875], [-2.796875], [-0.83984375], [-4.5], [-7.28125], [-1.9921875], [2.5625], [-0.0986328125], [-4.3125], [-1.6640625], [-2.8125], [-8.5], [-2.53125], [-4.5625], [-4.5625], [-1.21875], [-3.671875], [-1.8046875], [-3.078125], [-3.1875], [-1.9140625], [-1.9453125], [-1.6171875], [-5.40625], [-8.6875], [-1.21875]], "openai/webgpt_comparisons": [[-1.8125], [-1.9375], [-2.34375], [-2.734375], [-2.515625], [-2.234375], [-2.203125], [-2.984375], [-1.59375], [-3.03125], [-2.84375], [-2.859375], [0.71875], [-2.40625], [-2.609375], [-1.859375], [-1.484375], [-2.046875], [-2.921875], [-2.484375], [-5.53125], [-2.359375], [0.1162109375], [-2.015625], [-3.078125], [-4.0], [-1.8984375], [-0.82421875], [-2.703125], [-1.0], [-1.765625], [-1.9375], [-3.5625], [-2.484375], [-3.25], [-2.90625], [-2.203125], [-2.640625], [-0.515625], [-1.609375], [-1.7734375], [-2.296875], [-1.9140625], [-2.953125], [-2.46875], [-5.125], [0.55859375], [-2.46875], [-2.5], [-2.890625], [-2.5625], [-1.2265625], [-3.046875], [-1.9453125], [-2.34375], [-0.5546875], [-2.984375], [-3.28125], [-1.203125], [-2.875], [-2.515625], [-2.09375], [-0.451171875], [-2.0625], [-2.65625], [-0.78125], [-1.9921875], [-2.78125], [-1.171875], [-1.7734375], [-1.9140625], [-1.1640625], [-2.578125], [0.875], [-1.3203125], [-0.83984375], [-2.34375], [-2.546875], [-1.2109375], [0.0252685546875], [-4.1875], [-1.4765625], [0.059814453125], [-2.921875], [-2.875], [-2.328125], [-1.8203125], [-1.9375], [-2.3125], [-2.546875], [-0.322265625], [-2.140625], [-0.98828125], [-1.6875], [-1.7578125], [-3.3125], [-2.40625], [-2.421875], [-2.765625], [-2.390625], [-2.515625], [-2.46875], [-2.015625], [-2.203125], [-2.78125], [-1.7265625], [-3.15625], [-3.78125], [-1.2109375], [-1.8984375], [0.48046875], [-2.375], [-1.671875], [-2.640625], [-2.28125], [-2.640625], [-2.75], [-2.859375], [-2.671875], [-1.6953125], [-3.25], [-3.25], [-2.84375], [-1.6171875], [-3.0625], [-2.875], [-2.578125], [-1.46875]]}
