{"anthropic-red-team": [[-2.296875], [-6.625], [-2.390625], [-1.4765625], [-2.171875], [-1.828125], [-3.28125], [-3.296875], [-4.25], [-6.9375], [-2.359375], [-2.359375], [-2.921875], [-2.34375], [-8.3125], [-3.796875], [-2.171875], [-4.8125], [-1.9921875], [-2.515625], [-3.609375], [-8.1875], [-2.5625], [-1.671875], [-1.2890625], [-3.5], [0.5546875], [-9.75], [-3.203125], [-3.0625], [-5.09375], [-4.125], [-3.03125], [-2.875], [-2.484375], [-3.953125], [-2.1875], [-2.171875], [-1.3359375], [-4.6875], [-8.375], [-3.0625], [0.8046875], [-2.703125], [-2.796875], [-5.3125], [-2.265625], [-1.2734375], [-0.302734375], [-4.375], [-5.0625], [-3.84375], [-3.875], [-1.2890625], [-2.609375], [-2.59375], [-2.703125], [-7.125], [-5.65625], [-1.6953125], [-1.5234375], [-2.0], [-5.71875], [-2.046875], [-2.078125], [-7.90625], [-3.8125], [-2.171875], [-2.96875], [-1.734375], [-2.734375], [-2.921875], [-2.328125], [-8.25], [-2.5], [-2.265625], [-2.609375], [-5.0], [-2.5], [-2.953125], [-7.90625], [-3.171875], [-5.1875], [-6.53125], [-8.4375], [-1.5], [-1.203125], [-0.173828125], [-2.265625], [-9.625], [-3.296875], [-8.25], [-2.4375], [-1.6328125], [-2.4375], [-3.109375], [-2.1875], [-4.65625], [-2.3125], [-2.78125], [-2.703125], [-2.328125], [-4.0], [-1.4921875], [-2.5625], [-1.84375], [-2.5625], [-1.625], [-3.328125], [-8.875], [-2.421875], [-7.40625], [-1.46875], [-1.9921875], [-3.046875], [-0.95703125], [-6.71875], [-4.28125], [-9.0625], [-0.359375], [-2.859375], [-3.640625], [-3.421875], [-2.9375], [-10.625], [-1.5546875], [-4.40625], [-2.65625]], "anthropic-helpful-base": [[2.90625], [1.0234375], [1.125], [-3.03125], [-0.0103759765625], [-2.328125], [0.03759765625], [0.130859375], [-2.15625], [2.53125], [0.365234375], [0.99609375], [0.7890625], [0.310546875], [-2.171875], [2.8125], [-1.0390625], [2.484375], [0.390625], [-0.79296875], [2.046875], [-0.9296875], [0.53515625], [-1.40625], [-1.890625], [-0.3359375], [-1.9921875], [0.9296875], [2.765625], [2.546875], [3.21875], [1.8671875], [1.7265625], [0.9453125], [3.328125], [-3.21875], [0.07958984375], [2.421875], [0.185546875], [-2.921875], [2.703125], [0.93359375], [3.703125], [0.234375], [1.671875], [1.78125], [1.234375], [1.265625], [3.265625], [1.7421875], [-2.875], [2.859375], [1.375], [2.875], [-5.875], [1.8359375], [0.29296875], [-1.4296875], [2.25], [0.3203125], [0.279296875], [-2.53125], [0.470703125], [1.5703125], [0.0751953125], [1.9453125], [-0.482421875], [0.314453125], [0.74609375], [-2.421875], [-0.34375], [-1.0546875], [-2.4375], [3.375], [-1.265625], [1.8046875], [2.609375], [0.004119873046875], [-1.4453125], [-0.8984375], [0.8125], [2.703125], [0.76953125], [3.1875], [0.78515625], [1.2421875], [2.5], [-2.46875], [0.67578125], [0.16015625], [-0.40234375], [0.8515625], [2.046875], [-0.062255859375], [0.6640625], [1.6953125], [-1.5390625], [2.125], [-0.75390625], [1.546875], [-0.94921875], [0.40234375], [-0.6953125], [1.8671875], [3.59375], [-0.6484375], [1.484375], [1.4375], [-0.7109375], [2.265625], [-0.84375], [-2.796875], [0.99609375], [3.390625], [-2.65625], [-2.609375], [-1.421875], [2.140625], [1.7890625], [-0.80078125], [1.9140625], [2.140625], [-6.09375], [1.296875], [1.515625], [2.765625], [0.16796875], [2.453125]], "anthropic-harmless-base": [[-2.84375], [-4.1875], [-6.28125], [-0.4375], [-3.6875], [-9.5], [-4.625], [-2.203125], [-2.40625], [-1.4609375], [-4.75], [1.421875], [-3.9375], [-8.0625], [-2.796875], [-12.1875], [-1.5703125], [-0.796875], [-0.703125], [-2.4375], [-1.828125], [-2.625], [-1.6640625], [-1.8359375], [-1.6953125], [-8.5625], [-2.90625], [-6.03125], [-1.9296875], [-3.59375], [-3.59375], [-5.375], [-3.46875], [-2.265625], [-2.515625], [-3.078125], [-6.15625], [-5.84375], [-1.1328125], [-2.4375], [-1.5390625], [-5.46875], [-2.6875], [-3.90625], [-3.953125], [-2.859375], [-1.4140625], [-1.2890625], [-4.9375], [-8.9375], [-4.34375], [-4.09375], [-2.109375], [-3.515625], [-1.34375], [-7.15625], [-5.96875], [-3.84375], [-3.125], [-2.171875], [-7.3125], [-3.0], [-4.1875], [-8.3125], [-5.125], [-2.765625], [-3.015625], [-1.921875], [-3.390625], [-9.0625], [-2.765625], [-5.3125], [-3.109375], [-2.703125], [-6.1875], [-2.6875], [-9.8125], [-3.0625], [-1.9921875], [-2.515625], [-4.1875], [-1.6171875], [-1.8046875], [-1.96875], [-2.0625], [-8.0], [-9.1875], [-2.46875], [-5.0], [-3.921875], [-2.15625], [-5.9375], [-7.21875], [-1.46875], [-6.59375], [-1.671875], [-3.171875], [-2.75], [-2.015625], [-0.5703125], [-3.53125], [-3.703125], [-11.5], [-2.625], [-1.9375], [-2.359375], [-6.875], [-2.703125], [3.4375], [-0.1611328125], [-1.3515625], [-2.328125], [-2.859375], [-4.53125], [-1.640625], [-4.46875], [-4.84375], [-1.296875], [-1.46875], [-3.75], [-1.859375], [-2.8125], [-1.6171875], [-7.59375], [-2.765625], [-2.1875], [-7.40625], [-5.84375]], "openai/webgpt_comparisons": [[-1.109375], [-0.59375], [-1.390625], [-2.75], [-2.875], [-2.3125], [-0.8671875], [1.0078125], [-1.9609375], [-0.48046875], [-2.859375], [-2.796875], [1.046875], [-2.5625], [-2.34375], [-1.984375], [-0.2734375], [-2.484375], [-2.375], [-0.419921875], [-3.984375], [-3.6875], [-2.84375], [-2.5], [-3.609375], [-4.1875], [-0.5703125], [-1.046875], [-2.28125], [-0.75390625], [-1.359375], [-2.53125], [-1.2734375], [-2.625], [-3.25], [-2.234375], [-2.40625], [-2.65625], [-0.306640625], [-1.6953125], [-3.15625], [-2.21875], [-0.52734375], [3.125], [-2.59375], [-4.71875], [-2.421875], [-1.96875], [-2.21875], [-2.671875], [-2.171875], [-0.9765625], [-1.9140625], [-3.484375], [-2.890625], [-0.427734375], [-3.125], [-1.890625], [-2.78125], [-1.015625], [1.4140625], [-2.328125], [0.1171875], [-2.25], [-2.765625], [-1.25], [-1.0234375], [-2.640625], [-0.42578125], [-1.7265625], [-1.390625], [-1.40625], [-0.40234375], [1.7109375], [-2.78125], [-2.640625], [-1.3828125], [-3.171875], [-0.59765625], [-0.43359375], [-4.375], [-2.078125], [-0.77734375], [-2.453125], [-2.9375], [-2.75], [-2.359375], [-2.625], [-0.359375], [-2.515625], [-2.390625], [-1.5859375], [-2.625], [-2.453125], [-2.484375], [-3.265625], [-2.546875], [-0.5546875], [-1.296875], [-2.75], [-1.375], [-2.3125], [-0.80078125], [-1.8828125], [-2.734375], [-2.140625], [-1.9765625], [-2.109375], [-2.28125], [-2.015625], [0.1298828125], [-5.0], [-1.4765625], [-3.21875], [-0.37890625], [-2.78125], [-2.140625], [-3.28125], [-2.65625], [-1.421875], [-3.265625], [-3.34375], [-2.875], [-1.8828125], [-3.859375], [-2.796875], [-1.5703125], [1.59375]]}
