{"anthropic-red-team": [[-2.28125], [-6.96875], [-2.171875], [-4.125], [-2.0], [-1.578125], [-2.875], [-4.28125], [-4.78125], [-6.1875], [-1.609375], [-3.859375], [-2.046875], [-1.828125], [-1.484375], [-2.171875], [-2.171875], [-3.71875], [-1.9921875], [-2.515625], [-3.890625], [-8.9375], [-2.859375], [-2.671875], [-1.8125], [-3.671875], [-2.96875], [-1.796875], [-2.921875], [-0.42578125], [-2.59375], [-2.625], [-2.421875], [-3.6875], [-3.234375], [-5.78125], [-2.3125], [-2.625], [-3.515625], [-2.703125], [-1.1796875], [-2.625], [-1.5625], [-2.09375], [-2.859375], [-5.5625], [-1.9375], [-1.8125], [0.48828125], [-4.15625], [-1.484375], [-3.84375], [-3.921875], [-3.53125], [-1.203125], [-2.625], [-2.8125], [-6.0], [-1.28125], [-2.703125], [-3.4375], [-2.734375], [-2.671875], [-1.859375], [-2.953125], [-0.9375], [-3.25], [-2.8125], [-3.109375], [-1.9921875], [-2.21875], [-3.1875], [-3.359375], [-6.46875], [-2.5], [-1.8203125], [-4.59375], [-1.78125], [-2.5], [-3.203125], [-6.96875], [-3.15625], [-4.84375], [-4.9375], [-8.0], [-2.28125], [-2.234375], [0.890625], [-2.015625], [-9.875], [-3.203125], [-5.5625], [-2.578125], [-2.203125], [-1.890625], [-2.234375], [-1.3046875], [-4.21875], [-1.2734375], [-1.9609375], [-2.84375], [-2.28125], [-2.34375], [-2.4375], [-3.671875], [-1.9609375], [-1.3828125], [-1.921875], [-1.90625], [-9.3125], [-2.21875], [-7.875], [-2.578125], [-2.578125], [-2.421875], [-1.625], [-11.0], [-4.28125], [-2.9375], [-0.6796875], [-2.046875], [-4.65625], [-2.59375], [-1.640625], [-2.984375], [-1.4921875], [-5.625], [-0.94921875]], "anthropic-helpful-base": [[2.71875], [-2.46875], [1.578125], [-3.421875], [0.486328125], [-2.359375], [0.25390625], [-0.009765625], [-1.953125], [2.578125], [0.7734375], [1.203125], [1.3671875], [0.90625], [-2.28125], [2.859375], [-0.9765625], [2.828125], [-0.48046875], [-0.83984375], [0.49609375], [0.83984375], [0.9375], [-0.408203125], [-2.6875], [-1.25], [-2.421875], [0.83203125], [2.71875], [2.609375], [2.0625], [2.734375], [1.5859375], [1.125], [3.1875], [-3.546875], [-1.59375], [2.796875], [-3.171875], [-3.59375], [2.171875], [2.078125], [3.375], [1.109375], [1.3046875], [1.5859375], [1.2265625], [0.97265625], [3.234375], [1.7890625], [-2.828125], [2.65625], [1.4765625], [3.0], [-4.59375], [2.203125], [0.5078125], [-1.3046875], [0.83203125], [-1.578125], [0.048583984375], [-2.640625], [0.73046875], [2.109375], [0.8984375], [1.1640625], [-0.27734375], [1.0859375], [1.4921875], [-2.671875], [0.42578125], [-1.046875], [-2.921875], [3.546875], [-2.5625], [2.828125], [2.34375], [-2.828125], [-1.03125], [-0.8125], [1.265625], [2.96875], [0.2421875], [2.625], [1.2734375], [2.953125], [2.5625], [-1.4921875], [1.0390625], [-2.640625], [-0.330078125], [1.328125], [2.21875], [-0.1826171875], [1.8671875], [2.09375], [-1.8359375], [1.625], [1.515625], [1.5625], [-0.1943359375], [0.27734375], [0.87890625], [2.0625], [3.890625], [-0.08740234375], [1.9140625], [3.578125], [1.875], [2.109375], [-1.109375], [1.140625], [1.2109375], [3.703125], [-1.890625], [-2.59375], [-1.4375], [-2.203125], [2.28125], [-0.306640625], [-0.353515625], [2.78125], [-5.5625], [1.1875], [1.5078125], [3.5625], [-3.046875], [0.8515625]], "anthropic-harmless-base": [[-3.78125], [-2.578125], [-6.46875], [-0.5390625], [-4.03125], [-8.5625], [-6.0625], [-2.171875], [-8.6875], [-1.4609375], [-2.359375], [1.2109375], [-2.609375], [-9.125], [-2.171875], [-1.5859375], [-1.578125], [-1.03125], [-1.8515625], [-1.125], [-1.859375], [-2.625], [-1.5859375], [-3.46875], [-1.109375], [-6.59375], [-2.59375], [-5.71875], [-3.5625], [-3.53125], [-2.390625], [-4.65625], [-3.5], [-1.890625], [-3.453125], [-2.3125], [-6.6875], [-2.03125], [-2.359375], [-2.296875], [-1.8984375], [-3.59375], [-1.9765625], [-2.015625], [-1.578125], [-1.9140625], [-1.90625], [-1.828125], [-4.71875], [-1.0], [-1.125], [-4.59375], [-1.4375], [-2.828125], [-2.5], [-7.8125], [-4.0], [-4.1875], [-2.828125], [-2.25], [-2.546875], [-1.265625], [-5.84375], [-9.75], [-5.125], [-1.765625], [-2.40625], [-1.390625], [-3.1875], [-8.8125], [-3.453125], [-5.15625], [-3.296875], [-2.703125], [-1.8203125], [-2.265625], [-3.09375], [-2.03125], [-1.609375], [-3.765625], [-2.515625], [-2.125], [-2.265625], [-2.421875], [-2.171875], [-8.375], [-3.171875], [-2.1875], [-1.0546875], [-2.859375], [-2.40625], [-4.34375], [-7.21875], [-1.1484375], [-1.65625], [-1.5], [-3.453125], [-4.28125], [-1.8359375], [-0.69140625], [-2.484375], [-5.75], [-5.375], [-3.34375], [-2.359375], [-1.8671875], [-4.03125], [-1.8515625], [-1.796875], [-0.36328125], [-1.375], [-1.5], [-1.9296875], [-8.1875], [-1.2421875], [-2.375], [-4.65625], [-1.3046875], [-1.7890625], [-1.40625], [-2.859375], [-2.78125], [-1.984375], [-1.4765625], [-1.6796875], [-3.046875], [-7.53125], [-1.9375]], "openai/webgpt_comparisons": [[-2.1875], [-2.390625], [-0.5234375], [-1.671875], [-2.703125], [-0.52734375], [-0.515625], [-0.298828125], [-1.78125], [-0.65625], [-2.875], [-0.376953125], [1.140625], [-2.5625], [-2.875], [-2.21875], [-0.7265625], [-0.291015625], [-1.8203125], [-2.015625], [-4.28125], [-2.59375], [-1.8984375], [-2.21875], [-3.078125], [-3.96875], [-2.453125], [-1.734375], [-2.71875], [-2.28125], [-1.71875], [-2.53125], [-1.2890625], [-2.375], [-3.234375], [-2.9375], [-0.41796875], [-3.046875], [-1.6484375], [-2.390625], [-2.546875], [-2.5625], [-1.78125], [1.484375], [-2.234375], [-4.875], [1.1953125], [-2.765625], [-1.578125], [-1.6875], [-2.65625], [-1.6328125], [-2.8125], [-2.625], [-2.171875], [-0.298828125], [-3.015625], [-2.921875], [-2.75], [-0.75390625], [-2.53125], [-1.7421875], [0.01190185546875], [-2.078125], [-2.78125], [-0.984375], [-1.1640625], [-2.46875], [-0.125], [-2.078125], [-1.2421875], [-1.3984375], [-0.78515625], [1.3984375], [-2.9375], [-2.390625], [-0.058349609375], [-3.0], [-2.78125], [-0.0458984375], [-3.8125], [-0.89453125], [-2.53125], [-2.421875], [-2.9375], [-2.703125], [-0.57421875], [-1.34375], [-2.21875], [-2.359375], [-0.056884765625], [-2.25], [-2.8125], [-1.9453125], [-1.8203125], [-3.3125], [-1.03125], [-0.89453125], [-2.984375], [-2.34375], [-2.390625], [-1.5703125], [-0.6875], [-3.0625], [-3.078125], [-2.53125], [-3.265625], [-4.09375], [-1.265625], [-1.953125], [0.77734375], [-3.125], [-1.5859375], [-2.21875], [-0.54296875], [-2.09375], [-3.0], [-2.84375], [-2.5], [-1.7734375], [-3.265625], [-3.40625], [-2.8125], [-0.86328125], [-3.09375], [-2.71875], [-2.828125], [-1.921875]]}
