{"anthropic-red-team": [[-2.421875], [-6.5625], [-2.1875], [-1.296875], [-2.171875], [-1.59375], [-2.359375], [-2.921875], [-4.5625], [-6.65625], [-2.0], [-2.34375], [-1.71875], [-1.8515625], [-1.4296875], [-1.96875], [-2.109375], [-2.890625], [-2.140625], [-3.203125], [-4.0], [-5.25], [-2.0], [-5.21875], [-1.3125], [-3.421875], [-2.953125], [-1.9609375], [-3.046875], [-2.078125], [-3.6875], [-2.828125], [-3.625], [-3.859375], [-3.171875], [-4.28125], [-2.3125], [-2.125], [-1.8125], [-3.34375], [-8.5625], [-2.21875], [-1.5625], [-2.234375], [-2.0], [-4.84375], [-1.9296875], [-1.4296875], [-0.022705078125], [-4.6875], [-3.609375], [-4.53125], [-4.625], [-1.2421875], [-2.8125], [-2.90625], [-2.6875], [-6.46875], [-1.4140625], [-2.265625], [-1.2734375], [-2.109375], [-3.796875], [-1.8515625], [-2.234375], [-5.875], [-3.359375], [-3.078125], [-3.109375], [-2.328125], [-2.234375], [-3.1875], [-3.25], [-2.796875], [-2.640625], [-1.984375], [-2.21875], [-1.4453125], [-2.40625], [-4.28125], [-7.4375], [-3.25], [-5.15625], [-6.0], [-1.7578125], [-2.9375], [-1.2109375], [0.17578125], [-2.515625], [-8.3125], [-4.84375], [-2.1875], [-0.359375], [-1.703125], [-1.8984375], [-1.796875], [-1.4609375], [-2.390625], [-1.5859375], [-8.1875], [-2.21875], [-2.640625], [-1.9453125], [-1.6328125], [-1.5703125], [-1.953125], [-2.203125], [-3.34375], [-2.1875], [-8.8125], [-2.328125], [-7.0], [-2.84375], [-1.984375], [-2.390625], [-2.625], [-10.3125], [-3.71875], [-2.234375], [-1.265625], [-2.21875], [-6.75], [-3.40625], [-3.484375], [-6.9375], [-1.5546875], [-4.5], [-1.0546875]], "anthropic-helpful-base": [[3.09375], [2.3125], [1.359375], [-2.765625], [-0.033447265625], [-0.984375], [0.1728515625], [0.625], [-1.6796875], [2.828125], [0.2236328125], [1.171875], [1.5859375], [1.7109375], [-0.8828125], [2.96875], [-1.0546875], [3.3125], [-1.8515625], [-1.8671875], [1.5234375], [-0.1767578125], [0.306640625], [-3.734375], [-2.578125], [-0.287109375], [-2.234375], [1.359375], [2.6875], [2.9375], [3.15625], [2.921875], [2.015625], [0.6484375], [3.015625], [-3.9375], [0.11962890625], [2.765625], [-0.1943359375], [-2.671875], [2.84375], [2.671875], [3.0], [0.96875], [0.984375], [1.484375], [1.1171875], [0.84765625], [3.171875], [1.640625], [-2.78125], [3.0625], [1.2109375], [3.0], [-5.03125], [2.421875], [0.361328125], [-2.65625], [2.34375], [-1.21875], [1.2109375], [-2.046875], [0.875], [0.921875], [-1.828125], [1.7890625], [-0.65234375], [0.50390625], [1.375], [-2.4375], [-0.462890625], [-1.046875], [-0.859375], [4.0], [-0.97265625], [2.671875], [2.390625], [0.486328125], [-0.609375], [-0.75390625], [0.8046875], [2.6875], [0.046630859375], [1.7890625], [0.035888671875], [2.046875], [2.546875], [-1.5078125], [-2.515625], [-2.640625], [0.0006256103515625], [0.201171875], [2.109375], [-0.1708984375], [1.0546875], [1.9609375], [-1.1484375], [1.4140625], [-0.828125], [1.078125], [-0.5078125], [0.25390625], [-0.8203125], [2.21875], [3.5], [-0.4609375], [1.3828125], [2.71875], [2.03125], [2.046875], [-0.5703125], [-2.046875], [1.234375], [3.125], [-2.84375], [-1.34375], [-2.78125], [2.3125], [2.15625], [-0.443359375], [-0.1455078125], [1.90625], [-6.0625], [1.1484375], [0.458984375], [2.890625], [-1.484375], [2.46875]], "anthropic-harmless-base": [[-1.90625], [-2.078125], [-6.6875], [-0.60546875], [-1.953125], [-8.5625], [-5.59375], [-2.15625], [-8.9375], [-1.234375], [-2.859375], [1.28125], [-2.609375], [-7.8125], [-3.109375], [-2.65625], [-2.5], [-0.9765625], [-1.9765625], [-1.109375], [-2.75], [-1.8359375], [-1.8671875], [-1.796875], [-2.046875], [-7.9375], [-2.609375], [-5.84375], [-1.9375], [-1.3203125], [-2.234375], [-4.8125], [-2.75], [-2.328125], [-2.46875], [-2.421875], [-6.28125], [-6.40625], [-2.203125], [-2.5625], [-1.5078125], [-2.859375], [-2.671875], [-2.203125], [-4.8125], [-3.3125], [-3.84375], [-1.03125], [-1.6328125], [-1.6484375], [-1.5546875], [-3.046875], [-0.91796875], [-3.734375], [-3.0], [-5.90625], [-1.9296875], [-3.765625], [-3.3125], [-5.09375], [-1.6328125], [-1.3203125], [-4.40625], [-9.625], [-4.8125], [-1.7734375], [-3.0625], [-1.09375], [-2.90625], [-11.375], [-2.359375], [-5.3125], [-2.671875], [-2.6875], [-1.6953125], [-2.59375], [-2.3125], [-4.75], [-1.5234375], [-2.296875], [-3.75], [-1.78125], [-3.09375], [-2.546875], [-2.25], [-8.875], [-9.1875], [-1.421875], [-1.0390625], [-4.0625], [-2.890625], [-3.984375], [-6.90625], [-1.171875], [-2.46875], [-1.7265625], [-2.796875], [-7.09375], [-2.203125], [-0.76171875], [-3.4375], [-3.125], [-9.875], [-2.484375], [-0.59375], [-1.5], [-2.25], [-2.921875], [3.640625], [-0.05078125], [-2.5625], [-1.578125], [-1.84375], [-2.8125], [-1.6171875], [-4.875], [-4.25], [-2.71875], [-3.359375], [-1.6953125], [-1.8125], [-2.125], [-1.4140625], [-7.4375], [-1.3984375], [-3.578125], [-7.5], [-5.8125]], "openai/webgpt_comparisons": [[-1.71875], [-2.4375], [-3.03125], [-1.421875], [-1.2578125], [0.134765625], [-2.40625], [0.1357421875], [-2.109375], [-3.328125], [-3.1875], [-0.115234375], [0.6953125], [-2.609375], [-2.609375], [-1.921875], [0.83203125], [-0.75], [-2.359375], [-0.310546875], [-3.484375], [-2.609375], [-2.171875], [-2.390625], [-3.078125], [-4.3125], [-2.484375], [-0.5703125], [-2.484375], [-1.4765625], [-1.4765625], [-2.703125], [-1.5625], [-0.251953125], [-3.203125], [-2.453125], [-2.640625], [-2.90625], [-1.671875], [-2.4375], [-1.0078125], [-2.546875], [-1.8984375], [2.484375], [-2.671875], [-5.03125], [-2.59375], [-2.796875], [-2.625], [-1.1328125], [-2.546875], [-2.296875], [-2.046875], [-2.796875], [-2.171875], [0.158203125], [-3.125], [-2.34375], [-2.40625], [-0.5703125], [-2.3125], [-2.140625], [-0.09423828125], [-2.296875], [-2.8125], [-0.2158203125], [-2.1875], [-2.671875], [-2.5], [-1.703125], [-2.171875], [-1.3046875], [-2.34375], [1.578125], [-2.890625], [-0.796875], [-2.703125], [-3.140625], [-1.34375], [0.1806640625], [-4.53125], [-0.91015625], [-0.65625], [-1.53125], [-2.9375], [-2.703125], [-2.484375], [-1.953125], [-1.3125], [-2.578125], [-2.296875], [-2.375], [-1.0234375], [-2.53125], [-2.53125], [-2.859375], [-1.203125], [-2.390625], [-3.125], [-2.859375], [-2.09375], [-1.359375], [-0.92578125], [-2.734375], [-2.84375], [-2.296875], [-2.484375], [-4.59375], [-1.9296875], [-1.9296875], [0.63671875], [-4.625], [-0.7890625], [-3.140625], [-2.578125], [-2.859375], [-2.78125], [-2.859375], [-2.625], [-1.3828125], [-4.40625], [-3.09375], [-2.875], [-2.53125], [-2.484375], [-2.9375], [-2.5], [1.8125]]}
