{"anthropic-red-team": [[-2.296875], [-7.125], [-1.8359375], [-3.90625], [-2.75], [-2.5625], [-3.140625], [-1.90625], [-4.5625], [-6.03125], [-2.0], [-2.28125], [-2.046875], [-1.7578125], [-7.3125], [-2.25], [-2.171875], [-3.84375], [-2.21875], [-3.328125], [-3.734375], [-3.5], [-1.9140625], [-4.625], [-1.296875], [-3.421875], [-2.96875], [-1.796875], [-2.9375], [-3.015625], [-2.59375], [-2.5625], [-2.84375], [-3.796875], [-3.03125], [-6.8125], [-2.375], [-1.921875], [-2.3125], [-6.625], [-8.75], [-3.0625], [1.078125], [-2.90625], [-2.875], [-4.75], [-2.1875], [-1.296875], [-0.392578125], [-3.40625], [-3.5625], [-4.0625], [-4.09375], [-1.3515625], [-1.9765625], [-2.390625], [-2.65625], [-5.71875], [-2.015625], [-2.046875], [-1.65625], [-6.46875], [-3.8125], [-2.046875], [-2.390625], [-5.71875], [-3.25], [-5.75], [-3.109375], [-2.515625], [-2.734375], [-2.921875], [-3.359375], [-7.09375], [-2.5], [-1.9921875], [-2.171875], [-4.375], [-2.5], [-4.21875], [-7.8125], [-2.84375], [-4.78125], [-5.5625], [-7.78125], [-2.609375], [-1.2578125], [0.306640625], [-3.0], [-9.5625], [-2.65625], [-2.78125], [-1.46875], [-1.921875], [-1.953125], [-3.375], [-1.4609375], [-2.390625], [-1.578125], [-5.53125], [-1.4296875], [-2.96875], [-4.8125], [-1.5390625], [-1.6484375], [-2.046875], [-1.609375], [-3.421875], [-2.375], [-8.5], [-2.703125], [-8.375], [-2.6875], [-1.9921875], [-3.15625], [-2.109375], [-2.890625], [-4.125], [-3.859375], [-2.40625], [-2.28125], [-4.40625], [-3.421875], [-1.859375], [-2.125], [-1.4921875], [-4.78125], [-0.953125]], "anthropic-helpful-base": [[2.296875], [1.0], [1.5625], [-2.96875], [-2.453125], [0.0255126953125], [-0.15625], [0.671875], [-1.875], [2.40625], [0.376953125], [1.265625], [0.68359375], [1.15625], [-1.3515625], [2.78125], [-1.2578125], [3.3125], [0.2294921875], [-0.99609375], [0.7578125], [-0.32421875], [0.373046875], [-0.7109375], [-2.515625], [-1.1015625], [-2.3125], [1.46875], [2.046875], [3.328125], [2.6875], [2.78125], [1.8828125], [0.671875], [2.828125], [-3.3125], [-0.6328125], [2.75], [-0.55859375], [-2.96875], [1.703125], [2.125], [3.015625], [0.703125], [2.125], [1.4609375], [1.109375], [0.1767578125], [3.046875], [1.71875], [-2.828125], [2.828125], [1.265625], [2.78125], [-5.03125], [1.2890625], [0.53515625], [-1.3359375], [2.703125], [-1.1484375], [0.515625], [-2.421875], [-0.474609375], [1.890625], [-0.16796875], [2.046875], [-0.7265625], [-0.66796875], [1.8359375], [-2.484375], [-0.466796875], [-1.046875], [-1.2265625], [3.765625], [-1.453125], [2.65625], [2.328125], [-0.51171875], [-0.76953125], [-1.2578125], [0.51171875], [3.8125], [-2.5625], [1.5625], [0.64453125], [2.390625], [2.671875], [-2.671875], [-2.515625], [-2.703125], [-0.5], [0.89453125], [2.78125], [-0.48046875], [1.3515625], [0.8671875], [-1.3515625], [1.3984375], [-0.64453125], [1.7109375], [-0.77734375], [-1.3359375], [-1.46875], [2.40625], [3.875], [0.0322265625], [1.5859375], [3.421875], [1.734375], [2.046875], [-1.2109375], [-2.796875], [0.9375], [3.984375], [-2.34375], [-1.2421875], [-2.609375], [-2.078125], [2.203125], [-0.244140625], [-0.443359375], [1.40625], [-5.5], [1.15625], [1.296875], [2.59375], [0.72265625], [2.28125]], "anthropic-harmless-base": [[-3.4375], [-2.0625], [-6.59375], [-0.458984375], [-2.046875], [-1.5390625], [-4.53125], [-2.171875], [-9.1875], [-0.9375], [-2.3125], [0.7109375], [-2.328125], [-7.84375], [-3.515625], [-2.6875], [-2.609375], [-0.4453125], [-1.7109375], [-3.5625], [-2.375], [-1.765625], [-1.4296875], [-1.96875], [-1.5], [-6.875], [-2.578125], [-6.09375], [-2.984375], [-1.453125], [-3.515625], [-4.84375], [-2.9375], [-3.625], [-3.0], [-2.5], [-1.3984375], [-3.140625], [-2.46875], [-2.28125], [-5.5625], [-5.15625], [-2.6875], [-9.4375], [-3.8125], [-1.203125], [-3.59375], [-0.8515625], [-2.09375], [-1.65625], [-1.6171875], [-1.40625], [-0.92578125], [-3.140625], [-2.84375], [-6.625], [-6.03125], [-5.0625], [-2.828125], [-2.46875], [-5.4375], [-1.3203125], [-3.859375], [-8.625], [-6.4375], [-1.734375], [-3.03125], [-1.6015625], [-3.015625], [-9.0], [-3.453125], [-5.375], [-3.375], [-2.578125], [-4.8125], [-3.59375], [-2.3125], [-3.578125], [-2.1875], [-3.0625], [-2.796875], [-1.9609375], [-2.421875], [-2.53125], [-2.203125], [-8.5], [-2.875], [-1.7421875], [-3.875], [-2.859375], [-2.59375], [-5.125], [-1.890625], [-1.734375], [-6.40625], [-1.78125], [-2.78125], [-3.9375], [-1.8515625], [-0.56640625], [-3.921875], [-5.40625], [-6.4375], [-2.53125], [-0.07763671875], [-2.6875], [-2.328125], [-2.40625], [2.28125], [-0.5625], [-2.09375], [-1.734375], [-2.953125], [-2.796875], [-4.53125], [-3.75], [-0.1826171875], [-1.21875], [-3.71875], [-1.4375], [-1.84375], [-2.484375], [-3.015625], [-7.09375], [-2.5625], [-1.9453125], [-7.15625], [-5.375]], "openai/webgpt_comparisons": [[-2.078125], [-2.390625], [-2.90625], [-1.9609375], [-1.8125], [-1.90625], [-2.453125], [0.462890625], [-1.5], [-0.8359375], [-3.046875], [-2.5625], [1.28125], [-2.578125], [-2.59375], [-2.421875], [0.703125], [-0.197265625], [-3.09375], [-2.546875], [-3.953125], [-2.578125], [0.0174560546875], [-2.5], [-3.4375], [-3.859375], [-1.84375], [-2.375], [-2.4375], [-2.359375], [-1.7734375], [-2.109375], [-1.046875], [-2.75], [-3.15625], [-2.46875], [-2.34375], [-2.890625], [-2.234375], [-1.78125], [-3.125], [-2.359375], [-2.21875], [3.03125], [-2.734375], [-5.09375], [-2.4375], [-2.75], [-2.390625], [-1.21875], [-2.546875], [-0.98828125], [-1.9375], [-2.6875], [-2.140625], [-0.130859375], [-3.1875], [-2.765625], [-2.390625], [-0.53125], [1.8203125], [-1.4765625], [-0.0400390625], [-2.25], [-2.765625], [-1.203125], [-1.265625], [-2.859375], [-0.2333984375], [0.0751953125], [-1.3359375], [-1.3125], [-2.828125], [1.7421875], [-2.78125], [-1.1328125], [-2.65625], [-3.03125], [-0.5625], [0.125], [-3.671875], [-2.5], [-0.625], [-2.1875], [-3.078125], [-0.75], [-2.359375], [-3.390625], [-0.27734375], [-2.609375], [-0.072265625], [-1.7734375], [-1.359375], [-3.28125], [-1.3984375], [-3.3125], [-1.6953125], [-2.625], [-3.078125], [-2.765625], [-2.703125], [-1.3828125], [-0.494140625], [-2.78125], [-2.09375], [-2.40625], [-3.09375], [-3.921875], [-2.21875], [-2.015625], [-0.1494140625], [-2.078125], [-1.4140625], [-2.609375], [-2.671875], [-2.828125], [-1.8203125], [-2.25], [-2.609375], [-1.3125], [-3.515625], [-2.84375], [-3.3125], [-2.375], [-2.8125], [-2.8125], [-2.5], [-1.453125]]}
