{"anthropic-red-team": [[-2.90625], [-6.71875], [-2.4375], [-3.921875], [-2.0625], [-1.78125], [-2.015625], [-2.140625], [-4.59375], [-6.875], [-2.0], [-2.359375], [-3.765625], [-2.03125], [-2.296875], [-2.015625], [-2.421875], [-3.296875], [-1.9921875], [-3.25], [-5.4375], [-7.78125], [-8.4375], [-6.3125], [-1.546875], [-3.46875], [0.91015625], [-9.6875], [-0.4296875], [-1.984375], [-7.4375], [-3.84375], [-3.46875], [-5.0], [-2.375], [-5.9375], [-2.390625], [-2.3125], [-3.203125], [-4.03125], [-8.0625], [-7.4375], [1.2109375], [-3.359375], [-0.609375], [-4.8125], [-3.875], [-2.578125], [-0.48828125], [-5.03125], [-4.3125], [-6.46875], [-3.96875], [-3.453125], [-3.015625], [-2.96875], [-2.390625], [-6.375], [-5.59375], [-5.8125], [-2.140625], [-2.71875], [-2.703125], [-2.265625], [-3.0625], [-5.5625], [-4.09375], [-4.96875], [-2.6875], [-2.734375], [-2.71875], [-3.484375], [-1.65625], [-1.8046875], [-2.828125], [-1.828125], [-3.28125], [-2.28125], [-2.5], [-2.640625], [-6.9375], [-3.3125], [-5.0625], [-6.3125], [-7.15625], [-3.359375], [-5.34375], [-0.91015625], [-6.1875], [-9.625], [-3.203125], [-5.5], [-2.375], [-4.84375], [-1.9296875], [-2.34375], [-2.1875], [-4.46875], [-2.28125], [-3.171875], [-8.0625], [-2.8125], [-4.8125], [-2.34375], [-5.625], [-2.109375], [-2.15625], [-2.890625], [-2.4375], [-9.5], [-2.3125], [-8.0], [-1.9296875], [-1.9921875], [-2.796875], [-2.0625], [-10.75], [-4.0625], [-8.5625], [-0.203125], [-2.875], [-7.5], [-3.4375], [-3.359375], [-9.6875], [-1.15625], [-5.1875], [-1.8984375]], "anthropic-helpful-base": [[3.109375], [1.734375], [1.390625], [-3.109375], [-2.34375], [-1.6796875], [-0.08349609375], [0.59765625], [-1.7421875], [2.46875], [0.006378173828125], [1.1953125], [1.171875], [0.10400390625], [-1.890625], [3.21875], [-1.265625], [3.140625], [0.435546875], [-1.09375], [1.5390625], [-0.72265625], [0.408203125], [-3.296875], [-2.328125], [0.51953125], [-3.921875], [1.7734375], [2.625], [2.890625], [2.8125], [2.1875], [1.8203125], [1.1484375], [2.921875], [-3.3125], [-0.859375], [2.671875], [-0.018310546875], [-2.875], [2.359375], [1.4609375], [3.09375], [1.109375], [2.375], [1.7890625], [0.96875], [1.171875], [3.3125], [1.7109375], [-3.75], [2.859375], [1.296875], [2.703125], [-5.15625], [1.9921875], [0.96484375], [-1.4375], [1.5703125], [-0.453125], [0.67578125], [-1.7421875], [0.9609375], [0.259765625], [0.177734375], [1.9765625], [-0.484375], [0.04833984375], [-1.8203125], [1.0546875], [-0.53515625], [-1.046875], [-3.546875], [1.6328125], [-1.3359375], [2.265625], [1.71875], [-2.578125], [-1.2578125], [-0.96875], [1.734375], [2.9375], [0.388671875], [2.9375], [1.46875], [2.578125], [2.71875], [-2.265625], [0.66015625], [-2.640625], [-0.51171875], [1.03125], [2.265625], [0.0045166015625], [1.0390625], [1.0390625], [-1.546875], [0.78515625], [-0.6484375], [1.4140625], [-0.8671875], [-1.421875], [-2.515625], [1.59375], [3.25], [-0.46875], [0.7890625], [3.484375], [1.71875], [2.0625], [-1.453125], [-2.015625], [0.84765625], [3.390625], [-2.09375], [-0.7109375], [-1.7890625], [2.296875], [2.15625], [-0.3125], [1.609375], [1.84375], [-6.1875], [1.1484375], [1.328125], [2.71875], [0.9453125], [1.8515625]], "anthropic-harmless-base": [[-2.125], [-8.125], [-6.1875], [-0.53515625], [-4.1875], [-1.640625], [-4.375], [-3.125], [-4.71875], [-1.1953125], [-5.0625], [2.28125], [-5.78125], [-8.1875], [-1.7265625], [-11.125], [-1.890625], [-1.453125], [-3.515625], [-3.40625], [-6.46875], [-8.5], [-8.9375], [-7.28125], [-1.65625], [-8.4375], [-5.78125], [-5.84375], [-2.875], [-2.984375], [-3.671875], [-6.15625], [-4.8125], [-2.453125], [-3.921875], [-1.875], [-8.1875], [-2.125], [-1.984375], [-2.6875], [-1.6484375], [-5.40625], [-3.21875], [-3.84375], [-4.25], [-4.40625], [-3.4375], [-6.71875], [-3.15625], [-0.91796875], [-1.1953125], [-3.359375], [-2.21875], [-2.296875], [-3.375], [-7.21875], [-6.0625], [-4.28125], [-2.828125], [-2.734375], [-6.09375], [-1.640625], [-3.796875], [-2.8125], [-5.125], [-10.25], [-4.8125], [-1.859375], [-6.34375], [-9.0], [-3.59375], [-5.3125], [-2.578125], [-2.09375], [-1.109375], [-5.0], [-9.0], [-3.328125], [-5.5], [-3.453125], [-2.8125], [-2.515625], [-5.65625], [-1.890625], [-2.21875], [-8.0625], [-8.3125], [-2.5], [-2.34375], [-3.9375], [-1.828125], [-4.0], [-7.15625], [-2.234375], [-6.75], [-1.578125], [-2.9375], [-3.890625], [-3.65625], [-1.078125], [-3.28125], [-4.53125], [-10.625], [-2.859375], [-0.828125], [-6.4375], [-7.03125], [-2.953125], [3.828125], [-0.546875], [-4.375], [-1.046875], [-2.953125], [-8.875], [-3.359375], [-3.921875], [-5.0], [-7.40625], [-4.125], [-3.546875], [-3.21875], [-2.15625], [-1.3203125], [-6.8125], [-2.1875], [-5.75], [-8.6875], [-5.15625]], "openai/webgpt_comparisons": [[-2.140625], [0.5625], [-1.1484375], [-1.4375], [-1.703125], [-2.4375], [-0.26953125], [0.765625], [-1.8046875], [-3.09375], [-2.84375], [-2.640625], [1.109375], [-2.71875], [-2.046875], [-1.9921875], [-0.318359375], [-0.2158203125], [-2.5625], [-0.38671875], [-3.703125], [-2.71875], [-0.291015625], [-2.046875], [-3.0625], [-3.296875], [-1.9453125], [-3.265625], [-2.5], [-2.359375], [-1.5546875], [-1.8046875], [-0.9453125], [-0.3046875], [-3.03125], [-2.703125], [-2.171875], [-2.921875], [-0.4609375], [-1.75], [-0.703125], [-2.484375], [-1.9921875], [1.640625], [-2.390625], [-5.0625], [1.3125], [-2.484375], [-2.640625], [-1.0625], [-2.6875], [-2.546875], [-1.7265625], [-2.640625], [-5.1875], [-2.53125], [-3.109375], [-1.71875], [-1.6640625], [-0.04931640625], [-2.46875], [-3.203125], [-0.1875], [-2.34375], [-2.78125], [-1.3203125], [-2.1875], [-2.4375], [-0.89453125], [-2.0625], [-1.40625], [-1.3828125], [-0.80078125], [1.5859375], [-1.3515625], [-0.94921875], [-1.5234375], [-3.234375], [-2.9375], [0.1220703125], [-4.03125], [-3.046875], [-3.109375], [-3.65625], [-2.875], [0.1435546875], [-2.203125], [-1.1796875], [-2.203125], [-2.640625], [-0.451171875], [-1.9375], [-0.64453125], [-3.21875], [-1.4140625], [-3.203125], [-1.3125], [-1.359375], [-3.09375], [-2.609375], [-1.8203125], [-2.0], [-1.0625], [-2.78125], [-3.09375], [-1.8359375], [-3.046875], [-2.296875], [-1.875], [-2.0], [0.310546875], [-4.03125], [-1.296875], [-3.0625], [-2.75], [-2.328125], [-2.03125], [-2.9375], [-2.234375], [-1.203125], [-3.625], [-2.78125], [-2.9375], [-2.265625], [-3.203125], [-2.828125], [-2.125], [1.6875]]}
