{"anthropic-red-team": [[-2.328125], [-6.34375], [-1.203125], [-2.34375], [-1.3046875], [-0.341796875], [-0.16015625], [-1.2265625], [-5.25], [-4.59375], [-5.0625], [-0.6796875], [-0.0947265625], [-0.44140625], [1.0625], [0.376953125], [0.111328125], [-0.11962890625], [-0.796875], [-0.09228515625], [0.1513671875], [-1.0859375], [-1.546875], [-0.197265625], [-0.451171875], [-0.57421875], [1.203125], [-10.125], [1.1015625], [0.57421875], [0.5078125], [0.2421875], [-0.201171875], [-1.3203125], [-0.447265625], [-0.9296875], [-0.16796875], [-1.6875], [-0.353515625], [0.61328125], [0.08349609375], [-1.7265625], [-0.02197265625], [0.83984375], [-0.296875], [-5.5], [-1.1171875], [0.271484375], [-0.171875], [0.828125], [-1.2109375], [-2.828125], [-3.453125], [1.8984375], [1.9140625], [-2.734375], [-2.015625], [1.6796875], [-0.181640625], [0.11279296875], [0.162109375], [-6.3125], [0.00860595703125], [-0.0380859375], [-0.4375], [-0.314453125], [-0.97265625], [0.1435546875], [-3.0], [1.3046875], [-0.59765625], [0.5859375], [-0.345703125], [0.640625], [0.013671875], [1.265625], [-0.10888671875], [-0.640625], [-2.53125], [0.88671875], [-0.91796875], [-1.90625], [-5.5], [-1.9140625], [-8.625], [-2.15625], [-0.330078125], [-0.373046875], [1.1015625], [0.71484375], [-4.375], [0.1162109375], [1.0546875], [1.8515625], [-0.80078125], [-1.296875], [-1.7265625], [-0.5], [0.1708984375], [-0.9765625], [0.98046875], [-2.75], [-1.2734375], [-1.6640625], [1.2109375], [0.10302734375], [-0.431640625], [0.66796875], [-3.296875], [1.71875], [-0.84375], [-4.84375], [0.296875], [1.1484375], [-0.7734375], [-2.515625], [-0.73828125], [-4.28125], [-0.455078125], [1.328125], [-0.482421875], [-1.046875], [-3.515625], [-0.5], [-1.90625], [0.1689453125], [-0.04248046875], [-0.67578125]], "anthropic-helpful-base": [[3.25], [-0.76953125], [0.15234375], [-3.15625], [-1.640625], [1.5], [0.6171875], [1.0078125], [-1.765625], [2.53125], [-0.1708984375], [0.84765625], [1.421875], [0.86328125], [-2.296875], [2.21875], [-1.1015625], [3.234375], [-0.18359375], [0.37890625], [1.671875], [-0.4921875], [0.10107421875], [-0.87109375], [-2.84375], [-0.6171875], [-0.1435546875], [1.296875], [0.373046875], [2.15625], [3.359375], [2.296875], [1.4375], [0.53515625], [1.9765625], [-3.0], [-0.322265625], [2.21875], [-0.1240234375], [-3.03125], [2.734375], [0.76171875], [2.078125], [0.1787109375], [0.49609375], [1.5], [1.15625], [1.0390625], [2.8125], [1.5390625], [-3.75], [0.65625], [1.015625], [3.328125], [-5.09375], [1.6640625], [0.47265625], [-0.318359375], [-0.21484375], [-1.234375], [0.392578125], [-1.390625], [-0.050537109375], [0.419921875], [-0.451171875], [1.4140625], [-0.703125], [0.59375], [1.140625], [-0.05078125], [-1.015625], [-1.0], [0.00994873046875], [0.6796875], [0.796875], [2.28125], [2.234375], [0.482421875], [0.046875], [-0.12060546875], [0.703125], [0.11474609375], [0.091796875], [1.28125], [1.6015625], [1.140625], [2.359375], [0.263671875], [0.361328125], [-1.671875], [-0.09326171875], [0.92578125], [1.8359375], [-0.1611328125], [1.734375], [-0.2734375], [0.53125], [0.73828125], [-0.03662109375], [1.09375], [-1.25], [0.3828125], [0.259765625], [2.078125], [3.046875], [-0.95703125], [0.328125], [3.1875], [-0.73046875], [0.9375], [-0.8203125], [-1.8125], [1.0390625], [3.8125], [0.34375], [-0.62890625], [-0.65234375], [0.427734375], [1.9375], [-0.0086669921875], [1.875], [0.9296875], [-4.34375], [-0.025390625], [1.2890625], [3.125], [0.423828125], [1.796875]], "anthropic-harmless-base": [[-1.2421875], [-0.9140625], [-7.625], [0.294921875], [-0.7734375], [-1.609375], [-2.0], [-0.8125], [-0.79296875], [0.9375], [1.25], [0.94921875], [0.375], [-7.53125], [0.07861328125], [-11.0625], [0.71484375], [0.6328125], [-1.6484375], [0.007568359375], [-1.90625], [0.384765625], [-0.515625], [1.2265625], [0.01806640625], [-7.59375], [-2.625], [-5.3125], [-0.9140625], [-1.65625], [-3.09375], [-4.03125], [0.478515625], [0.49609375], [-0.0191650390625], [1.3515625], [-6.28125], [0.482421875], [-0.83984375], [-1.9296875], [-0.39453125], [-2.3125], [-2.6875], [-0.87890625], [-4.0625], [-1.6328125], [-1.3984375], [-0.61328125], [1.25], [0.1669921875], [0.7890625], [-0.2578125], [-0.1123046875], [-2.84375], [0.9296875], [-0.27734375], [-0.279296875], [-0.5703125], [-0.232421875], [-0.72265625], [1.5390625], [0.279296875], [-3.171875], [-0.9609375], [-7.5625], [-0.74609375], [0.462890625], [-0.28125], [0.60546875], [-10.375], [-1.171875], [-5.34375], [-0.41015625], [-0.037109375], [-0.466796875], [-0.76953125], [-9.75], [0.578125], [-0.140625], [-1.4296875], [0.8359375], [-0.74609375], [0.5625], [-0.68359375], [-1.765625], [-7.75], [0.78125], [-3.359375], [-0.310546875], [-0.2216796875], [-1.953125], [-2.625], [-0.451171875], [-1.796875], [-0.10107421875], [-2.625], [-1.1484375], [1.265625], [-1.765625], [0.333984375], [-0.41796875], [-4.71875], [-2.1875], [0.53515625], [-0.76171875], [-4.5625], [-0.625], [-2.328125], [1.7421875], [0.244140625], [0.87109375], [-0.2314453125], [-0.7421875], [-1.4140625], [1.03125], [-2.09375], [-3.1875], [-0.453125], [-1.0625], [-0.98828125], [-0.30078125], [0.6796875], [-1.5859375], [1.4765625], [-1.171875], [-1.0546875], [-4.90625], [-2.453125]], "openai/webgpt_comparisons": [[-0.6953125], [-0.7265625], [-2.296875], [-0.859375], [-1.203125], [-0.173828125], [-1.0], [-0.115234375], [0.2275390625], [-0.026123046875], [-1.453125], [-1.1875], [1.3515625], [-0.3359375], [-1.6796875], [-0.765625], [-0.54296875], [-0.89453125], [-1.359375], [-0.73828125], [-1.984375], [-0.255859375], [-0.376953125], [-1.15625], [-0.921875], [-3.546875], [-0.65234375], [-0.66015625], [-0.515625], [-1.984375], [0.185546875], [-1.8515625], [-2.828125], [-0.83203125], [-0.7890625], [-1.09375], [-0.671875], [-1.078125], [-0.98046875], [0.44921875], [-0.59375], [-2.296875], [-0.79296875], [-0.8203125], [-0.2314453125], [-2.3125], [-0.85546875], [-2.453125], [-2.234375], [-0.1513671875], [-1.015625], [-1.984375], [-0.9453125], [-1.8046875], [-0.435546875], [-1.4453125], [-2.6875], [-0.408203125], [0.271484375], [-0.365234375], [-0.796875], [-0.69921875], [-0.78125], [-2.4375], [-0.004974365234375], [0.330078125], [-0.0888671875], [-0.103515625], [-2.25], [-1.2890625], [-1.3984375], [-1.4140625], [-1.265625], [-0.75390625], [-0.8125], [-2.171875], [-0.384765625], [-1.125], [-0.83984375], [-0.6796875], [-2.984375], [-0.45703125], [-2.453125], [-1.2265625], [-0.63671875], [-1.640625], [0.546875], [-0.65625], [-0.75390625], [-0.5703125], [-0.546875], [-0.07666015625], [-1.59375], [-0.28125], [-0.6328125], [-1.4609375], [-0.22265625], [-0.3671875], [-0.96875], [-1.2890625], [-1.375], [-0.84765625], [-0.318359375], [-0.8671875], [-2.21875], [-0.68359375], [-1.0546875], [-1.75], [-1.703125], [-0.6796875], [0.42578125], [-1.640625], [-0.0322265625], [-0.80859375], [-0.484375], [-0.92578125], [-1.359375], [-1.484375], [-1.7109375], [-0.21875], [-3.328125], [-0.74609375], [-2.171875], [-0.8125], [-2.15625], [-1.2734375], [-0.1943359375], [-0.80078125]]}
