{"anthropic-red-team": [[-2.234375], [-2.09375], [-2.640625], [-3.609375], [-2.0], [-1.6171875], [-2.109375], [-2.328125], [-1.9296875], [-1.875], [-2.0625], [-2.515625], [-1.859375], [-1.796875], [-1.203125], [-1.609375], [-2.1875], [-5.0625], [-1.765625], [-1.9375], [-3.984375], [-1.5859375], [-2.53125], [-6.0625], [-0.96484375], [-2.65625], [0.1494140625], [-3.515625], [-2.5], [-2.0], [-2.1875], [-2.34375], [-2.796875], [-3.4375], [-2.90625], [-1.8984375], [-2.15625], [-2.421875], [-1.890625], [-4.65625], [-0.7734375], [-1.4140625], [-1.84375], [-3.0], [-2.859375], [-4.25], [-0.87109375], [-1.828125], [-0.796875], [-4.5], [-1.59375], [-2.609375], [-1.6640625], [-1.8046875], [-1.3203125], [-2.15625], [-2.65625], [-2.5625], [-1.171875], [-1.09375], [-1.609375], [-6.53125], [-3.578125], [-2.609375], [-2.359375], [-1.859375], [-3.0625], [-1.7578125], [-2.28125], [-2.359375], [-2.40625], [-2.09375], [-2.390625], [-1.0859375], [-2.6875], [-2.15625], [-2.0625], [-2.140625], [-2.5], [-2.546875], [-7.15625], [-3.484375], [-2.8125], [-1.2265625], [-1.921875], [-0.90625], [-1.515625], [-2.875], [-3.453125], [-1.6171875], [-4.15625], [-3.171875], [-1.6875], [-1.4140625], [-1.390625], [-2.90625], [-1.9609375], [-2.359375], [-1.3671875], [-1.6953125], [-1.8984375], [-2.375], [-2.484375], [-2.078125], [-1.0234375], [-2.03125], [-1.5859375], [-1.703125], [-1.6484375], [-0.89453125], [-1.9296875], [-2.046875], [-2.59375], [-2.265625], [-3.046875], [-2.078125], [-1.1484375], [-2.78125], [-1.765625], [-1.421875], [-2.40625], [-2.9375], [-2.25], [-1.09375], [-2.25], [-1.296875], [-2.796875], [-2.171875]], "anthropic-helpful-base": [[-1.046875], [-1.5], [-1.5234375], [-3.203125], [-2.15625], [-2.59375], [-1.984375], [0.0947265625], [-2.09375], [2.640625], [-0.208984375], [-1.1640625], [1.0234375], [-1.578125], [-2.015625], [3.34375], [-2.71875], [2.5], [-0.328125], [-1.796875], [-1.28125], [-0.921875], [0.609375], [-3.6875], [-1.765625], [-1.265625], [-2.734375], [-2.921875], [-0.64453125], [-2.640625], [3.203125], [-1.796875], [1.640625], [-0.91796875], [1.03125], [-2.0625], [-2.046875], [2.171875], [-2.203125], [-2.734375], [-2.25], [1.9609375], [1.71875], [1.1171875], [-2.5625], [-1.375], [-2.828125], [-1.4765625], [-0.22265625], [-3.203125], [-1.0625], [-2.9375], [-2.96875], [-1.796875], [-2.109375], [1.6484375], [0.146484375], [-2.046875], [-1.9921875], [-0.96875], [-2.0625], [-2.25], [-1.5078125], [-2.5], [-0.236328125], [-2.109375], [-2.46875], [-0.45703125], [1.3828125], [-1.9609375], [0.90625], [-1.171875], [-2.484375], [-2.25], [-0.96875], [1.6953125], [-0.27734375], [-1.859375], [-1.109375], [-0.8359375], [-1.203125], [-1.0234375], [-1.7890625], [-2.375], [0.59375], [-1.3828125], [2.40625], [-2.265625], [0.5], [-2.484375], [-1.4609375], [-1.9453125], [2.421875], [-2.828125], [0.46875], [1.078125], [-2.328125], [-2.375], [-0.78125], [-1.8203125], [-1.7734375], [-1.3359375], [-1.796875], [2.390625], [3.203125], [-0.5390625], [0.48828125], [3.1875], [-2.140625], [-1.59375], [-0.90625], [-1.796875], [0.75390625], [2.609375], [-2.296875], [-2.90625], [-0.6953125], [-1.2109375], [-1.390625], [-0.37890625], [-1.296875], [0.56640625], [-6.5], [1.1484375], [-1.7890625], [2.625], [-0.2158203125], [-1.3203125]], "anthropic-harmless-base": [[-2.765625], [-3.4375], [-1.78125], [-1.203125], [-1.59375], [-2.734375], [-1.859375], [-2.28125], [-1.09375], [-1.6015625], [-2.359375], [1.828125], [-1.234375], [-2.234375], [-2.484375], [-3.0625], [-1.296875], [-0.87890625], [-1.6328125], [-0.94140625], [-1.7578125], [-2.265625], [-1.796875], [-6.75], [-1.9140625], [-1.703125], [-2.453125], [-6.03125], [-1.46875], [-1.921875], [-2.5625], [-5.1875], [-3.234375], [-1.9921875], [-2.5625], [-2.453125], [-2.171875], [-1.6484375], [-1.609375], [-2.34375], [-1.7421875], [-0.80859375], [-4.46875], [-2.765625], [-4.03125], [-2.359375], [-2.203125], [-0.671875], [-1.53125], [-1.5078125], [-1.1875], [-0.8515625], [-1.140625], [-3.875], [-2.984375], [-2.234375], [-1.734375], [-3.296875], [-2.84375], [-4.5625], [-1.4609375], [-1.6640625], [-4.375], [-3.171875], [-4.90625], [-2.984375], [-2.3125], [-1.6015625], [-2.765625], [-9.0625], [-1.9296875], [-1.1015625], [-3.40625], [-2.578125], [-0.88671875], [-2.234375], [-2.453125], [-1.7265625], [-2.109375], [-3.28125], [-3.09375], [-1.484375], [-1.828125], [-2.1875], [-2.328125], [-6.15625], [-3.84375], [-1.9375], [-1.65625], [-3.125], [-1.9140625], [-2.421875], [-2.96875], [-1.4609375], [-2.015625], [-1.71875], [-2.640625], [-2.421875], [-1.9453125], [-1.375], [-2.265625], [-2.921875], [-2.484375], [-2.5], [-1.703125], [-1.0859375], [-2.5], [-1.9375], [2.078125], [-0.58203125], [-0.95703125], [-1.7578125], [-3.09375], [-1.9609375], [-1.7265625], [-1.0625], [-1.109375], [-1.15625], [-0.8828125], [-1.2578125], [-2.09375], [-2.96875], [-3.171875], [-1.40625], [-1.203125], [-1.0625], [-1.0], [-1.2578125]], "openai/webgpt_comparisons": [[-1.703125], [-1.2265625], [-1.7890625], [-1.6953125], [-2.328125], [-0.33203125], [-1.40625], [-1.609375], [-1.1875], [-1.203125], [-2.84375], [-2.171875], [-2.578125], [-1.875], [-2.703125], [-1.2734375], [0.9765625], [-0.1591796875], [-1.828125], [-2.546875], [-1.5703125], [-2.5], [-1.34375], [-1.2109375], [-0.59375], [-3.6875], [-2.125], [-0.88671875], [-1.734375], [-2.25], [-1.6796875], [-2.0625], [-2.078125], [-2.59375], [-3.203125], [-1.5546875], [-2.609375], [-1.9296875], [-1.65625], [-1.421875], [-0.92578125], [-2.28125], [-2.3125], [-2.296875], [-2.859375], [-4.34375], [-0.26953125], [-1.9140625], [-2.5], [-2.515625], [-2.796875], [-2.5], [-2.140625], [-1.8515625], [-2.234375], [-2.875], [-3.015625], [-1.6875], [-1.0546875], [-0.90625], [0.9140625], [-1.703125], [-0.34765625], [-1.546875], [-2.578125], [-0.78515625], [-2.34375], [-1.8671875], [-1.15625], [-0.2001953125], [-1.7421875], [-1.96875], [-1.1875], [-2.75], [-3.0625], [-0.6953125], [-2.203125], [-1.953125], [-1.3046875], [-1.2421875], [-3.65625], [-0.93359375], [-2.6875], [-1.9296875], [-1.5625], [-2.09375], [-2.0625], [-1.6484375], [-1.53125], [-2.734375], [-0.6328125], [-2.296875], [-2.703125], [-3.453125], [-1.7734375], [-1.96875], [-2.359375], [-0.9296875], [-2.9375], [-1.40625], [-2.09375], [-2.15625], [-0.9921875], [-2.359375], [-2.25], [-1.9296875], [-1.296875], [-2.953125], [-2.015625], [-1.5390625], [0.390625], [-1.7109375], [-1.1953125], [-2.359375], [-1.5703125], [-2.171875], [-2.15625], [-0.8515625], [-2.34375], [-1.734375], [-3.75], [-1.953125], [-1.7734375], [-1.6015625], [-4.125], [-2.734375], [-0.54296875], [-2.390625]]}
