{"anthropic-red-team": [[-2.296875], [-7.09375], [-3.28125], [-4.0625], [-2.171875], [-1.9453125], [-3.046875], [-2.140625], [-4.5625], [-6.65625], [-2.015625], [-5.09375], [-1.7578125], [-2.90625], [-5.59375], [-2.40625], [-2.28125], [-3.0625], [-2.25], [-3.515625], [-3.609375], [-2.546875], [-2.078125], [-1.6796875], [-1.546875], [-1.6328125], [0.33984375], [-2.875], [-2.96875], [-2.109375], [-2.015625], [-3.9375], [-3.4375], [-3.125], [-2.53125], [-6.0], [-2.40625], [-2.375], [-2.96875], [-3.4375], [-8.125], [-2.609375], [0.53515625], [-2.578125], [-2.8125], [-4.71875], [-2.0625], [-2.5], [-0.408203125], [-3.59375], [-1.671875], [-2.984375], [-3.828125], [-1.609375], [-1.1640625], [-3.34375], [-2.375], [-5.9375], [-5.15625], [-2.015625], [-1.2734375], [-6.53125], [-2.140625], [-2.5625], [-3.875], [-6.34375], [-4.34375], [-4.46875], [-1.96875], [-2.21875], [-2.671875], [-1.8046875], [-2.265625], [-5.03125], [-2.5], [-2.0625], [-2.984375], [-3.484375], [-2.5], [-2.703125], [-6.9375], [-3.21875], [-5.15625], [-6.90625], [-7.25], [-3.46875], [-1.3515625], [-2.34375], [-3.46875], [-9.875], [-3.1875], [-3.984375], [-1.578125], [-2.53125], [-3.234375], [-2.625], [-0.9375], [-2.640625], [-1.7109375], [-3.0], [-2.3125], [-2.640625], [-3.71875], [-2.578125], [-1.828125], [-1.921875], [-2.234375], [-1.9609375], [-2.375], [-7.15625], [-2.46875], [-7.90625], [-3.078125], [-1.8828125], [-2.53125], [-2.34375], [-11.5625], [-4.0625], [-1.7421875], [-2.171875], [-2.859375], [-5.5], [-3.421875], [-1.75], [-2.625], [-2.25], [-5.0625], [-3.4375]], "anthropic-helpful-base": [[2.59375], [-2.875], [1.0625], [-3.53125], [-0.1044921875], [-2.125], [0.2333984375], [-0.0859375], [-1.8671875], [2.421875], [0.2001953125], [-1.375], [1.359375], [1.0859375], [-2.15625], [2.859375], [-1.3203125], [3.171875], [-1.828125], [-1.09375], [1.484375], [0.1259765625], [0.185546875], [-3.3125], [-2.46875], [-0.7265625], [-2.09375], [0.94921875], [3.125], [1.609375], [2.921875], [2.015625], [1.4296875], [0.66796875], [2.75], [-3.265625], [-1.828125], [2.65625], [-0.478515625], [-2.921875], [2.625], [1.3359375], [3.203125], [1.2890625], [-0.6171875], [1.21875], [0.62109375], [0.7421875], [3.15625], [1.3515625], [-3.546875], [2.875], [2.03125], [3.046875], [-5.1875], [2.21875], [0.7109375], [-1.3984375], [0.6875], [-2.375], [0.21484375], [-3.0625], [0.068359375], [-2.25], [0.1171875], [1.9765625], [-0.3046875], [0.93359375], [0.87890625], [0.98828125], [-0.09375], [-1.046875], [-4.6875], [3.859375], [-2.921875], [1.75], [2.359375], [-0.33984375], [-1.09375], [-0.875], [1.1015625], [2.296875], [0.59765625], [-2.3125], [1.25], [2.046875], [2.484375], [-1.96875], [0.337890625], [-2.53125], [-0.490234375], [0.8359375], [1.9375], [-0.04296875], [0.73046875], [0.99609375], [-1.3359375], [1.2578125], [-0.68359375], [1.453125], [-1.3671875], [0.5234375], [-1.640625], [1.8828125], [3.453125], [-0.447265625], [1.0078125], [3.578125], [-1.8125], [2.265625], [-0.60546875], [-2.5625], [1.0546875], [2.96875], [-2.6875], [-1.640625], [-1.75], [-0.54296875], [-2.078125], [-0.189453125], [0.73828125], [-0.80859375], [-5.5], [1.0859375], [-0.54296875], [2.734375], [-2.5625], [2.1875]], "anthropic-harmless-base": [[-1.921875], [-2.3125], [-6.9375], [-1.1875], [-1.8671875], [-9.375], [-5.375], [-2.796875], [-6.59375], [-1.125], [-6.125], [1.0390625], [-5.03125], [-9.1875], [-2.3125], [-10.6875], [-1.671875], [-2.0625], [-2.359375], [-2.78125], [-4.5625], [-2.140625], [-2.015625], [-5.96875], [-1.6640625], [-8.125], [-2.578125], [-5.875], [-2.25], [-2.03125], [-3.96875], [-4.53125], [-3.984375], [-2.4375], [-3.1875], [-1.96875], [-7.34375], [-2.28125], [-2.234375], [-2.359375], [-2.375], [-5.6875], [-3.71875], [-10.125], [-4.03125], [-1.3359375], [-3.078125], [-3.8125], [-3.953125], [-0.83203125], [-9.375], [-4.5], [-3.015625], [-3.140625], [-1.2265625], [-7.34375], [-6.34375], [-4.46875], [-2.921875], [-2.859375], [-1.6796875], [-1.65625], [-5.875], [-9.4375], [-4.9375], [-2.34375], [-2.40625], [-2.375], [-4.8125], [-8.8125], [-2.484375], [-5.84375], [-2.578125], [-1.953125], [-1.640625], [-5.03125], [-9.3125], [-2.609375], [-5.09375], [-2.78125], [-2.671875], [-2.09375], [-3.078125], [-2.53125], [-2.21875], [-7.90625], [-2.65625], [-1.609375], [-4.5625], [-3.3125], [-2.6875], [-4.625], [-7.09375], [-2.28125], [-2.578125], [-1.8203125], [-3.21875], [-2.484375], [-3.4375], [-0.875], [-1.9921875], [-5.28125], [-10.5625], [-2.625], [-1.1640625], [-6.1875], [-2.71875], [-2.9375], [0.66796875], [-0.6875], [-3.890625], [-1.71875], [-2.984375], [-2.3125], [-4.1875], [-4.71875], [-4.6875], [-2.03125], [-3.78125], [-1.7421875], [-2.015625], [-3.1875], [-1.4375], [-1.9296875], [-2.046875], [-2.484375], [-7.0], [-1.875]], "openai/webgpt_comparisons": [[-2.390625], [0.341796875], [-1.4296875], [-2.6875], [-1.296875], [-2.265625], [-0.046142578125], [-2.859375], [-1.796875], [-2.984375], [-3.015625], [-2.859375], [0.984375], [-2.265625], [-2.5625], [-2.421875], [0.322265625], [-0.51171875], [-2.75], [-2.578125], [-6.1875], [-2.4375], [-2.421875], [-2.453125], [-3.125], [-3.984375], [-2.15625], [-1.375], [-2.28125], [-1.140625], [-1.5], [-2.453125], [-0.76171875], [-0.31640625], [-3.265625], [-2.9375], [-2.53125], [-2.71875], [-2.8125], [-1.84375], [-2.671875], [-2.328125], [-1.8359375], [2.828125], [-1.7734375], [-5.3125], [1.2421875], [-2.671875], [-2.328125], [-1.34375], [-2.640625], [-0.65625], [-2.65625], [-2.09375], [-2.0625], [-0.76953125], [-3.109375], [-2.125], [-2.484375], [-0.6875], [-2.515625], [-1.3671875], [0.2236328125], [-2.1875], [-2.625], [-0.56640625], [-2.234375], [-2.703125], [-0.921875], [-1.6796875], [-1.328125], [-1.3359375], [-2.5], [-2.71875], [-2.75], [-1.03125], [-2.625], [-1.921875], [-0.63671875], [-2.46875], [-4.125], [-2.703125], [-0.50390625], [-2.46875], [-2.9375], [-2.40625], [-1.9765625], [-2.734375], [-2.203125], [-2.546875], [-0.26953125], [-1.1875], [-0.9921875], [-2.640625], [-2.515625], [-3.15625], [-2.109375], [-1.8203125], [-3.109375], [-2.421875], [-2.234375], [-1.75], [-0.9921875], [-3.015625], [-2.703125], [-2.359375], [-2.140625], [-4.46875], [-2.109375], [-1.9140625], [0.453125], [-4.6875], [-1.8203125], [-2.640625], [-0.83203125], [-2.765625], [-2.703125], [-3.15625], [-2.625], [-1.59375], [-3.46875], [-2.90625], [-2.890625], [-1.40625], [-4.375], [-2.890625], [-2.5], [-1.4765625]]}
