{"anthropic-red-team": [[-2.53125], [-2.421875], [-2.265625], [-4.40625], [-1.8515625], [-2.140625], [-2.421875], [-2.125], [-3.109375], [-6.21875], [-2.359375], [-2.359375], [-1.7421875], [-1.828125], [-1.7421875], [-1.9765625], [-2.40625], [-2.703125], [-1.9921875], [-2.71875], [-3.609375], [-8.1875], [-8.1875], [-4.53125], [-1.2265625], [-3.625], [-2.921875], [-4.96875], [-3.0625], [-2.109375], [-2.59375], [-2.828125], [-3.46875], [-3.0625], [-3.234375], [-5.84375], [-2.171875], [-3.578125], [-1.15625], [-2.984375], [-8.5], [-3.0625], [-1.5859375], [-2.625], [-2.859375], [-4.6875], [-1.96875], [-1.5859375], [-0.609375], [-3.828125], [-5.5], [-2.71875], [-3.875], [-1.265625], [-1.7421875], [-3.296875], [-2.5625], [-6.21875], [-4.8125], [-1.7578125], [-1.8359375], [-5.1875], [-2.171875], [-1.6171875], [-3.0625], [-7.8125], [-3.671875], [-2.96875], [-3.125], [-3.140625], [-5.53125], [-1.7890625], [-2.96875], [-5.25], [-2.5625], [-1.9921875], [-2.34375], [-1.8984375], [-2.5], [-4.125], [-7.3125], [-3.59375], [-5.09375], [-5.625], [-8.0], [-2.78125], [-3.953125], [-2.359375], [-6.4375], [-1.4375], [-3.984375], [-2.46875], [-2.15625], [-0.189453125], [-2.03125], [-2.78125], [-1.4609375], [-2.34375], [-1.578125], [-7.625], [-1.34375], [-2.671875], [-2.625], [-1.578125], [-1.578125], [-2.125], [-1.4453125], [-1.7578125], [-2.40625], [-8.9375], [-2.53125], [-7.21875], [-2.453125], [-2.0625], [-2.703125], [-2.09375], [-10.5625], [-4.09375], [-1.6484375], [-0.05517578125], [-2.40625], [-7.0625], [-3.4375], [-1.921875], [-7.90625], [-1.5546875], [-5.5625], [-0.83984375]], "anthropic-helpful-base": [[2.671875], [-2.40625], [1.6796875], [-2.71875], [-2.453125], [-1.1796875], [-0.2001953125], [0.06494140625], [-1.4453125], [2.40625], [-0.484375], [0.88671875], [0.6796875], [0.271484375], [-2.28125], [2.875], [-1.0625], [2.484375], [-0.458984375], [-0.84375], [1.5], [0.279296875], [-2.578125], [-1.453125], [-2.75], [0.51953125], [-3.5], [1.3828125], [3.265625], [2.546875], [3.140625], [2.390625], [1.8359375], [1.1796875], [3.25], [-3.25], [0.326171875], [3.0], [-0.330078125], [-2.859375], [2.84375], [1.0859375], [2.53125], [1.171875], [1.3203125], [1.609375], [0.79296875], [1.4140625], [3.765625], [1.6640625], [-2.59375], [2.828125], [1.328125], [2.671875], [-5.0], [2.328125], [0.609375], [-2.078125], [0.98828125], [0.0091552734375], [0.58203125], [-2.859375], [0.6640625], [3.0625], [-1.8359375], [2.3125], [-0.255859375], [0.314453125], [0.92578125], [1.3984375], [-0.32421875], [-1.0625], [-1.1796875], [1.5703125], [-1.578125], [3.046875], [1.515625], [-2.84375], [-0.9609375], [-0.86328125], [1.1640625], [2.046875], [-2.40625], [3.03125], [0.65234375], [2.828125], [1.75], [-2.46875], [0.78515625], [-2.640625], [-0.41796875], [1.5546875], [2.109375], [-0.22265625], [1.0078125], [2.109375], [-2.0], [-1.0625], [-0.62890625], [1.6328125], [-1.5078125], [0.765625], [-2.46875], [1.515625], [2.828125], [-0.40234375], [0.28515625], [3.828125], [1.9296875], [1.296875], [-1.3203125], [-1.9453125], [0.7734375], [3.3125], [-2.265625], [-1.453125], [-1.640625], [2.390625], [0.30859375], [0.166015625], [1.6796875], [1.921875], [-6.1875], [-0.96484375], [2.0625], [3.296875], [0.185546875], [3.140625]], "anthropic-harmless-base": [[-1.8828125], [-3.28125], [-6.28125], [-1.0], [-0.9765625], [-2.4375], [-6.96875], [-2.90625], [-9.3125], [-0.55859375], [-2.25], [1.203125], [-2.3125], [-8.25], [-2.328125], [-9.75], [-2.515625], [-1.2109375], [-2.578125], [-1.828125], [-4.90625], [-7.90625], [-1.4140625], [-2.453125], [-1.6640625], [-6.59375], [-2.9375], [-5.9375], [-5.90625], [-3.25], [-3.796875], [-5.09375], [-4.09375], [-1.8203125], [-3.96875], [-2.015625], [-6.0], [-2.1875], [-2.203125], [-2.375], [-1.5546875], [-2.515625], [-2.640625], [-2.03125], [-3.6875], [-1.0390625], [-1.578125], [-1.078125], [-5.21875], [-1.1640625], [-1.5625], [-3.59375], [-1.9296875], [-3.71875], [-2.703125], [-6.75], [-6.15625], [-4.3125], [-2.96875], [-2.578125], [-5.96875], [-1.0546875], [-3.828125], [-2.578125], [-8.25], [-8.0], [-4.125], [-1.859375], [-3.078125], [-2.828125], [-3.640625], [-5.40625], [-2.671875], [-2.71875], [-4.46875], [-2.328125], [-1.328125], [-2.96875], [-1.484375], [-2.84375], [-4.25], [-1.5078125], [-2.265625], [-2.515625], [-2.28125], [-7.8125], [-2.203125], [-3.265625], [-1.1875], [-4.03125], [-2.359375], [-4.28125], [-2.0], [-1.6953125], [-2.28125], [-1.7578125], [-2.1875], [-6.46875], [-3.3125], [-0.58203125], [-1.5234375], [-6.0625], [-10.4375], [-2.59375], [-1.53125], [-2.1875], [-7.0], [-2.40625], [2.453125], [-0.6640625], [-2.4375], [-1.59375], [-2.421875], [-3.21875], [-2.28125], [-1.8125], [-5.375], [-1.2890625], [-2.203125], [-1.09375], [-1.859375], [-1.6015625], [-3.5625], [-1.8203125], [-2.015625], [-1.53125], [-7.78125], [-7.5]], "openai/webgpt_comparisons": [[-1.875], [-2.21875], [-2.296875], [-1.953125], [-2.34375], [-0.2041015625], [-2.265625], [1.03125], [-1.4765625], [-0.91015625], [-2.75], [-2.109375], [1.1484375], [-2.25], [-2.40625], [-2.234375], [-0.7734375], [-0.5859375], [-2.71875], [-1.7890625], [-4.03125], [-2.453125], [-2.4375], [-2.109375], [-2.6875], [-4.1875], [-0.96484375], [-1.3203125], [-2.21875], [-2.25], [-1.828125], [-1.8671875], [-0.75390625], [-0.08447265625], [-3.203125], [-2.6875], [-2.609375], [-2.640625], [-1.1640625], [-1.609375], [-1.1640625], [-2.515625], [-2.234375], [3.40625], [-2.390625], [-5.25], [1.484375], [-2.234375], [-1.9609375], [-1.09375], [-2.625], [-0.9609375], [-2.625], [-2.40625], [-1.9765625], [-0.55859375], [-2.921875], [-1.2890625], [-2.5], [0.01263427734375], [-2.140625], [-1.7734375], [0.314453125], [-2.453125], [-2.59375], [-1.484375], [-1.609375], [-0.86328125], [0.05322265625], [-0.138671875], [-1.984375], [-1.328125], [-2.640625], [2.046875], [-0.796875], [-0.56640625], [-2.421875], [-1.796875], [-1.3203125], [0.4296875], [-3.84375], [-0.98828125], [-0.04931640625], [-2.703125], [-2.890625], [-2.546875], [-2.421875], [-2.0625], [-2.1875], [-1.296875], [0.1533203125], [-2.390625], [-2.5625], [-2.0], [-1.8515625], [-3.09375], [-1.515625], [-0.01544189453125], [-1.1484375], [-2.421875], [-2.515625], [-1.4765625], [-2.296875], [-2.03125], [-2.28125], [-2.546875], [-2.8125], [-4.0], [-2.078125], [-2.09375], [0.578125], [-3.484375], [-0.83984375], [-2.84375], [-0.388671875], [-2.59375], [-2.671875], [-1.5703125], [-2.125], [-1.703125], [-3.296875], [-2.609375], [-2.6875], [-2.21875], [-3.140625], [-2.515625], [-2.5], [1.65625]]}
