{"anthropic-red-team": [[-2.90625], [-6.375], [-0.4140625], [-2.703125], [-1.2734375], [-0.2294921875], [-0.85546875], [0.0966796875], [-1.2265625], [-7.4375], [-0.1611328125], [0.10302734375], [0.333984375], [-0.62890625], [-4.9375], [-0.07177734375], [-0.396484375], [-0.142578125], [-0.4296875], [-0.11572265625], [-0.64453125], [-0.5703125], [-0.30859375], [-0.1806640625], [0.3828125], [0.0174560546875], [0.72265625], [-10.5], [0.0308837890625], [-0.1494140625], [0.142578125], [-3.890625], [-0.59375], [-0.5], [-3.234375], [-3.84375], [0.47265625], [-0.41796875], [-0.26171875], [0.1796875], [0.23046875], [-0.07275390625], [-0.216796875], [-2.359375], [-0.126953125], [-4.34375], [-2.875], [0.1923828125], [-0.08447265625], [-0.1474609375], [-0.07373046875], [-0.2314453125], [-3.734375], [-0.359375], [0.23046875], [-1.5078125], [-2.734375], [-4.78125], [-4.90625], [-4.78125], [0.1171875], [-0.6328125], [-0.050048828125], [0.3359375], [-0.000946044921875], [-0.337890625], [-0.6015625], [-5.125], [-1.703125], [-2.265625], [-0.48046875], [-0.0302734375], [-0.43359375], [-0.1796875], [0.15234375], [-1.828125], [-2.625], [-0.01025390625], [-2.53125], [-0.341796875], [-7.40625], [-0.73828125], [-4.34375], [-7.125], [-8.625], [-2.09375], [0.220703125], [0.032470703125], [-0.255859375], [-0.1552734375], [-0.20703125], [-0.75390625], [-0.97265625], [-2.375], [0.375], [-0.32421875], [-2.078125], [-0.10400390625], [-0.2451171875], [-0.84765625], [-0.4140625], [-3.046875], [0.443359375], [0.10400390625], [-0.06591796875], [0.125], [-0.2333984375], [0.388671875], [-0.016845703125], [-0.09619140625], [-0.00897216796875], [-8.1875], [0.30859375], [-1.8828125], [-0.3671875], [-0.26171875], [-0.373046875], [-3.8125], [-0.458984375], [-0.53125], [-1.8671875], [-0.453125], [-3.515625], [-0.12060546875], [-0.33203125], [-0.0164794921875], [-4.5625], [-0.02783203125]], "anthropic-helpful-base": [[2.65625], [-1.3671875], [1.1015625], [-3.640625], [-1.796875], [0.2138671875], [-0.08056640625], [0.447265625], [-2.3125], [2.515625], [0.50390625], [0.76171875], [-2.421875], [1.609375], [-1.453125], [2.90625], [-1.28125], [3.40625], [0.59765625], [-0.83984375], [1.453125], [-1.140625], [-0.455078125], [-0.59765625], [-2.28125], [-0.37109375], [-3.109375], [1.578125], [0.138671875], [2.28125], [3.484375], [2.390625], [1.4921875], [1.4296875], [2.453125], [-2.5], [-0.890625], [2.671875], [-0.298828125], [-0.11279296875], [2.578125], [2.3125], [3.125], [0.53125], [1.0703125], [0.11376953125], [-0.1318359375], [0.54296875], [3.4375], [1.15625], [-3.359375], [3.0], [1.03125], [3.0], [-5.15625], [1.8046875], [0.734375], [-0.047607421875], [2.109375], [-0.77734375], [-0.03125], [-1.46875], [-2.328125], [2.734375], [0.5546875], [2.109375], [-0.1591796875], [0.65234375], [-0.169921875], [0.73828125], [-0.0947265625], [-1.0546875], [0.2373046875], [4.03125], [0.169921875], [3.1875], [1.1875], [0.75], [-0.197265625], [-0.515625], [1.203125], [3.734375], [0.5546875], [0.345703125], [1.2421875], [2.4375], [2.546875], [-0.032470703125], [0.87890625], [-0.73828125], [0.29296875], [1.375], [2.46875], [0.6484375], [1.1484375], [0.703125], [-1.40625], [0.66796875], [2.515625], [1.2421875], [-0.25390625], [-0.1533203125], [-0.453125], [1.984375], [2.953125], [0.09716796875], [1.046875], [3.328125], [0.72265625], [1.90625], [-0.462890625], [-0.0023040771484375], [0.96875], [3.671875], [-0.2001953125], [-1.2578125], [-1.1015625], [0.5390625], [1.0546875], [-0.08349609375], [1.4140625], [0.3359375], [-5.5], [1.1796875], [1.8828125], [3.015625], [0.11181640625], [-1.1015625]], "anthropic-harmless-base": [[-3.640625], [-0.404296875], [-6.90625], [-0.05126953125], [-0.23828125], [-5.15625], [-5.9375], [-2.359375], [-0.310546875], [0.333984375], [-0.1875], [2.375], [-0.1552734375], [-0.041015625], [0.03515625], [-1.2109375], [-6.78125], [-0.142578125], [-3.859375], [-0.1591796875], [-0.5859375], [-1.078125], [-0.55859375], [-6.40625], [0.0361328125], [-8.8125], [-0.81640625], [-0.55859375], [-0.4296875], [-1.1015625], [-4.46875], [-0.59375], [-1.53125], [-0.12890625], [-3.5], [-3.625], [-7.75], [-0.10546875], [0.025146484375], [-2.3125], [-0.06787109375], [-5.46875], [-4.84375], [-1.5390625], [-3.046875], [-0.326171875], [-0.0203857421875], [-0.015869140625], [-0.24609375], [-0.0267333984375], [-0.05322265625], [-0.11962890625], [-0.134765625], [-4.40625], [-3.25], [-4.96875], [-0.265625], [0.10009765625], [-0.130859375], [-0.5390625], [-5.75], [0.26953125], [-5.1875], [-0.416015625], [-8.75], [-1.40625], [-0.1279296875], [-1.34375], [-0.5625], [-10.0], [-3.53125], [-5.375], [-0.171875], [-0.26171875], [-1.6640625], [-0.65625], [-11.0], [-3.0625], [-2.53125], [-0.90234375], [-0.4453125], [-1.0625], [-3.890625], [0.255859375], [-0.283203125], [-8.0625], [-0.8125], [-3.90625], [0.41796875], [-0.640625], [-0.486328125], [-2.53125], [-5.75], [0.494140625], [-6.65625], [0.166015625], [-0.8125], [-0.059814453125], [-1.1328125], [0.36328125], [-2.828125], [-3.4375], [-8.875], [-0.5390625], [0.546875], [-5.5], [-0.609375], [-1.953125], [1.84375], [-0.1796875], [-2.875], [-0.039306640625], [-1.5859375], [-0.71875], [-0.1826171875], [-2.265625], [-4.78125], [-0.1630859375], [-0.1630859375], [0.1123046875], [-0.023681640625], [-1.0703125], [-0.1533203125], [0.08056640625], [-0.048095703125], [-0.6484375], [-7.1875], [-5.78125]], "openai/webgpt_comparisons": [[-1.453125], [0.353515625], [-1.234375], [-1.421875], [-1.0859375], [-1.90625], [-0.890625], [0.921875], [-0.6015625], [-1.3359375], [-0.78515625], [-1.4296875], [-1.5546875], [-0.96875], [-0.92578125], [-1.1640625], [0.1787109375], [-0.6484375], [-1.59375], [0.0908203125], [-3.484375], [-0.60546875], [-0.486328125], [-1.2734375], [-2.765625], [-1.2890625], [-0.7890625], [-0.66796875], [-0.78515625], [-0.79296875], [-0.29296875], [-1.6640625], [-1.3828125], [-1.28125], [-3.21875], [-2.046875], [-0.73828125], [-0.66015625], [0.15625], [-1.0546875], [-2.90625], [-1.125], [-0.9921875], [1.9296875], [-1.1640625], [-4.59375], [-1.03125], [-1.1328125], [-0.984375], [-0.6640625], [-1.1484375], [-1.171875], [-1.40625], [-0.494140625], [-0.93359375], [-0.9609375], [-1.53125], [-1.046875], [-0.72265625], [-0.765625], [2.390625], [-1.34375], [0.10546875], [-1.1328125], [-1.171875], [-0.058837890625], [-0.83203125], [-0.89453125], [-0.53125], [-1.4609375], [-0.9375], [-1.7421875], [-2.9375], [1.296875], [-1.2265625], [-0.640625], [-0.65625], [-1.09375], [-0.66796875], [-0.9609375], [-3.21875], [-0.67578125], [-0.2099609375], [-1.1015625], [-2.609375], [-1.2109375], [-0.87890625], [-0.8046875], [-0.189453125], [-0.8828125], [-0.166015625], [-0.99609375], [-1.046875], [-1.0625], [-1.3203125], [-2.96875], [-1.4296875], [-0.384765625], [-1.0], [-1.2421875], [-2.40625], [-2.0625], [-1.015625], [-1.15625], [-1.0859375], [-0.458984375], [-0.984375], [-4.34375], [-0.77734375], [-0.71875], [0.484375], [-1.2578125], [-0.353515625], [-0.921875], [-0.765625], [-0.76953125], [-1.4921875], [-1.0625], [-1.8515625], [-0.55078125], [-3.328125], [-1.3828125], [-1.34375], [-0.93359375], [-1.796875], [-2.796875], [-1.0703125], [1.84375]]}
