{"anthropic-red-team": [[-2.21875], [-5.46875], [-2.1875], [-4.375], [-2.5625], [-1.7578125], [-2.484375], [-2.984375], [-4.625], [-6.40625], [-2.0], [-3.5], [-2.4375], [-1.765625], [-5.53125], [-2.1875], [-2.171875], [-3.03125], [-2.078125], [-2.296875], [-3.65625], [-8.4375], [-1.84375], [-3.03125], [-1.5390625], [-3.375], [0.498046875], [-10.0625], [-2.953125], [-1.65625], [-2.0], [-5.75], [-3.484375], [-4.96875], [-2.296875], [-5.1875], [-2.171875], [-2.75], [-1.3828125], [-3.234375], [-2.90625], [-2.484375], [1.2109375], [-2.671875], [-2.8125], [-4.8125], [-2.15625], [-1.9609375], [0.494140625], [-5.125], [-0.9453125], [-8.0], [-3.6875], [-1.7890625], [-2.5625], [-2.9375], [-2.859375], [-1.9375], [-1.0703125], [-1.171875], [-3.359375], [-6.25], [-2.5], [-1.859375], [-2.25], [-5.84375], [-7.90625], [-4.875], [-3.09375], [-2.453125], [-3.8125], [-1.8046875], [-2.796875], [-6.96875], [-2.515625], [-2.09375], [-2.734375], [-1.4609375], [-2.421875], [-2.859375], [-6.625], [-3.9375], [-5.3125], [-6.375], [-8.5], [-1.0859375], [-0.83984375], [-2.578125], [-3.5], [-8.9375], [-3.421875], [-7.0], [-2.6875], [-1.6015625], [-3.328125], [-3.078125], [-2.078125], [-2.203125], [-2.609375], [-6.6875], [-2.328125], [-2.65625], [-2.609375], [-2.921875], [-1.828125], [-1.8828125], [-2.171875], [-1.9453125], [-2.046875], [-2.6875], [-2.40625], [-7.59375], [-2.40625], [-1.8359375], [-2.875], [-2.484375], [-9.625], [-3.40625], [-1.890625], [-0.12353515625], [-2.265625], [-2.734375], [-3.453125], [-5.25], [-9.125], [-1.5234375], [-3.890625], [-1.421875]], "anthropic-helpful-base": [[2.46875], [-2.171875], [1.6328125], [-3.296875], [-2.1875], [1.6953125], [-0.2138671875], [-0.5234375], [-2.328125], [2.484375], [0.4609375], [1.0859375], [1.4609375], [0.228515625], [-1.1953125], [2.9375], [-1.203125], [2.40625], [-1.8515625], [-0.84375], [1.9609375], [-1.0078125], [-1.5703125], [-1.4375], [-2.875], [-0.703125], [-3.671875], [1.4375], [0.671875], [2.46875], [3.484375], [2.140625], [2.265625], [1.015625], [3.265625], [-3.40625], [-0.267578125], [2.765625], [0.1142578125], [-2.734375], [2.5625], [1.53125], [2.875], [-0.07177734375], [1.3984375], [1.484375], [1.2109375], [1.078125], [3.234375], [1.375], [-2.59375], [2.71875], [1.3671875], [2.984375], [-4.28125], [0.80078125], [0.3359375], [-1.3671875], [1.515625], [-1.5078125], [1.109375], [-2.171875], [1.0859375], [0.236328125], [0.76953125], [1.3828125], [-0.5625], [0.2109375], [1.703125], [0.98828125], [0.98046875], [-1.0546875], [-2.59375], [3.984375], [-1.75], [1.5], [1.875], [-2.03125], [-1.1640625], [-1.0859375], [0.8359375], [2.53125], [0.6328125], [3.0625], [0.8359375], [-0.4453125], [2.484375], [-3.578125], [0.57421875], [-2.640625], [-0.484375], [1.3828125], [2.15625], [-0.2158203125], [0.6484375], [1.7734375], [-1.4609375], [0.484375], [-0.58984375], [0.8359375], [-2.203125], [0.384765625], [0.31640625], [2.203125], [3.4375], [-0.201171875], [1.4375], [3.96875], [0.2314453125], [2.21875], [-1.3515625], [-1.2265625], [0.70703125], [3.15625], [-2.375], [-1.421875], [-1.71875], [1.8125], [1.2421875], [-0.01318359375], [1.640625], [1.8046875], [-6.09375], [1.421875], [1.5859375], [2.703125], [0.6796875], [2.578125]], "anthropic-harmless-base": [[-3.59375], [-3.4375], [-6.5625], [-0.99609375], [-4.09375], [-7.96875], [-5.78125], [-2.90625], [-7.8125], [-1.4765625], [-2.3125], [1.7109375], [-1.9296875], [-7.875], [-2.09375], [-10.75], [-1.5703125], [-1.765625], [-3.25], [-0.8515625], [-2.75], [-1.8046875], [-1.4921875], [-6.09375], [-1.1171875], [-8.125], [-2.90625], [-6.28125], [-2.1875], [-3.0], [-3.84375], [-4.59375], [-3.625], [-5.46875], [-3.9375], [-2.28125], [-8.0], [-2.609375], [-2.296875], [-2.21875], [-2.171875], [-4.375], [-2.609375], [-7.0], [-3.921875], [-5.65625], [-3.546875], [-2.140625], [-5.25], [-1.2578125], [-8.25], [-4.96875], [-0.828125], [-2.625], [-5.03125], [-5.375], [-1.7265625], [-4.4375], [-2.875], [-4.65625], [-7.0625], [-1.296875], [-4.03125], [-10.0], [-5.0625], [-11.25], [-4.84375], [-2.0625], [-2.40625], [-9.75], [-3.34375], [-4.8125], [-3.28125], [-2.796875], [-7.28125], [-4.875], [-8.9375], [-5.46875], [-5.21875], [-2.703125], [-4.3125], [-1.84375], [-6.6875], [-2.109375], [-2.21875], [-8.625], [-7.71875], [-3.859375], [-2.234375], [-5.625], [-1.328125], [-4.46875], [-7.21875], [-1.9296875], [-7.125], [-1.4296875], [-3.828125], [-2.640625], [-3.3125], [-0.8046875], [-1.828125], [-5.46875], [-10.0], [-3.390625], [-1.1015625], [-4.34375], [-3.125], [-2.984375], [3.140625], [-0.466796875], [-4.21875], [-2.109375], [-4.59375], [-9.5625], [-3.734375], [-4.59375], [-4.5], [-2.3125], [-3.75], [-4.1875], [-1.765625], [-3.640625], [-2.484375], [-7.53125], [-3.0625], [-3.046875], [-7.8125], [-1.46875]], "openai/webgpt_comparisons": [[-1.9296875], [-2.03125], [-2.203125], [-2.046875], [-3.171875], [-0.2890625], [-1.1171875], [-2.6875], [-1.6953125], [-2.8125], [-2.71875], [-1.171875], [1.15625], [-2.109375], [-2.359375], [-1.8046875], [-0.84375], [-0.66015625], [-3.21875], [-1.5625], [-3.703125], [-3.125], [-2.546875], [-2.234375], [-2.84375], [-3.03125], [-1.5], [-0.66015625], [-2.46875], [-2.28125], [-1.5859375], [-1.9921875], [-1.3203125], [-2.578125], [-3.484375], [-3.078125], [-2.375], [-2.6875], [-1.9296875], [-1.28125], [-2.484375], [-2.296875], [0.11474609375], [2.96875], [-1.921875], [-5.0625], [-2.125], [-2.140625], [-2.671875], [-1.0234375], [-2.53125], [-0.55078125], [-2.875], [-2.578125], [-1.859375], [-0.2734375], [-2.703125], [-2.53125], [-2.265625], [-0.65625], [1.84375], [-1.859375], [0.10107421875], [-1.8359375], [-2.453125], [-1.421875], [-1.0859375], [-0.4921875], [-1.59375], [-2.171875], [-2.15625], [-1.140625], [-2.265625], [1.3203125], [-1.5859375], [-0.72265625], [-2.421875], [-3.078125], [-0.1474609375], [0.37109375], [-4.3125], [-2.328125], [-1.0625], [-3.609375], [-2.671875], [-2.453125], [-2.0], [-2.109375], [-1.7109375], [-2.796875], [-0.326171875], [-1.4140625], [-2.453125], [-2.40625], [-1.4453125], [-2.828125], [-1.4453125], [-1.6875], [-2.484375], [-2.390625], [-2.328125], [-1.3046875], [-0.9921875], [-1.6484375], [-2.53125], [-2.234375], [-2.71875], [-4.59375], [-1.234375], [-2.078125], [0.5859375], [-2.421875], [-0.59765625], [-2.84375], [-2.0625], [-2.640625], [-2.921875], [-2.09375], [-2.1875], [-1.46875], [-3.625], [-2.625], [-2.546875], [-1.40625], [-4.3125], [-2.53125], [-1.84375], [-1.5859375]]}
