{"anthropic-red-team": [[-2.609375], [-6.8125], [-2.390625], [-1.0546875], [-2.953125], [-1.5390625], [-1.90625], [-2.59375], [-4.625], [-6.3125], [-2.359375], [-2.953125], [-1.7421875], [-1.6328125], [-2.125], [-1.9921875], [-2.171875], [-1.9140625], [-2.140625], [-2.765625], [-3.8125], [-3.921875], [-1.8984375], [-4.40625], [-1.2578125], [-3.8125], [0.2578125], [-9.1875], [-2.9375], [-2.328125], [-2.0], [-4.15625], [-3.0625], [-3.875], [-2.4375], [-5.5625], [-2.265625], [-2.0625], [-1.78125], [-3.890625], [-8.25], [-2.234375], [-1.015625], [-2.625], [-2.4375], [-5.0], [-1.9453125], [-1.578125], [-0.490234375], [-4.625], [-1.3515625], [-4.375], [-4.34375], [-1.34375], [-1.34375], [-2.734375], [-2.484375], [-6.0625], [-0.36328125], [-2.203125], [-1.0234375], [-6.0625], [-3.84375], [-1.734375], [-2.78125], [-6.25], [-2.578125], [-4.65625], [-3.140625], [-2.65625], [-2.9375], [-1.78125], [-2.1875], [-2.828125], [-2.515625], [-2.0], [-2.609375], [-4.65625], [-2.515625], [-4.28125], [-6.78125], [-2.84375], [-5.21875], [-5.1875], [-9.5625], [-2.890625], [-1.78125], [1.1875], [-2.046875], [-8.8125], [-4.09375], [-2.171875], [0.08154296875], [-1.4140625], [-1.9453125], [-2.484375], [-1.4609375], [-2.390625], [-1.609375], [-7.8125], [-1.4375], [-2.65625], [-1.8359375], [-2.8125], [-1.5703125], [-1.9375], [-2.296875], [-1.3046875], [-3.46875], [-9.0625], [-2.25], [-8.4375], [-2.71875], [-1.8359375], [-2.265625], [-2.203125], [-1.9453125], [-4.15625], [-2.1875], [-1.1640625], [-2.875], [-6.6875], [-3.453125], [-1.640625], [-2.125], [-1.4453125], [-2.640625], [-1.15625]], "anthropic-helpful-base": [[2.890625], [-2.46875], [1.4921875], [-3.265625], [-0.1552734375], [-0.373046875], [0.1708984375], [-0.2578125], [-2.40625], [2.359375], [0.63671875], [0.734375], [1.0390625], [0.9921875], [-2.015625], [2.734375], [-1.1328125], [3.375], [-0.439453125], [-1.0859375], [1.34375], [-0.62890625], [0.384765625], [-3.390625], [-2.671875], [-0.2890625], [-2.171875], [1.234375], [2.84375], [2.84375], [3.71875], [-1.8046875], [1.9609375], [0.6484375], [3.046875], [-3.125], [-0.283203125], [2.90625], [-0.140625], [-2.25], [2.453125], [2.109375], [3.34375], [0.953125], [2.265625], [1.765625], [1.640625], [1.234375], [3.3125], [1.5625], [-2.5], [3.109375], [1.3828125], [3.03125], [-5.15625], [1.5859375], [0.7734375], [-1.78125], [2.1875], [-2.34375], [0.95703125], [-2.09375], [1.4765625], [2.15625], [0.8828125], [1.234375], [0.2109375], [0.609375], [-0.0771484375], [-2.4375], [-0.087890625], [-1.53125], [-3.296875], [2.859375], [-1.6484375], [3.015625], [2.53125], [-2.328125], [-1.234375], [-0.95703125], [1.7109375], [3.46875], [0.671875], [2.53125], [0.96875], [2.296875], [2.546875], [-3.6875], [1.0703125], [-2.65625], [0.00982666015625], [0.95703125], [1.8125], [-0.0306396484375], [1.5234375], [2.40625], [-1.546875], [1.5859375], [1.375], [2.140625], [-0.671875], [-0.546875], [-2.359375], [1.953125], [3.734375], [-0.302734375], [1.78125], [3.5], [2.59375], [2.109375], [-1.0625], [-2.96875], [1.1640625], [3.078125], [-1.890625], [-1.5625], [-1.5390625], [2.296875], [1.5234375], [0.000858306884765625], [-0.46484375], [1.8515625], [-6.1875], [1.1875], [1.453125], [3.28125], [0.25], [2.546875]], "anthropic-harmless-base": [[-3.59375], [-7.8125], [-6.75], [-1.1875], [-2.328125], [-3.203125], [-6.40625], [-2.5625], [-7.84375], [-1.2265625], [-2.75], [1.3984375], [-4.09375], [-7.375], [-3.59375], [-3.25], [-1.578125], [-0.75], [-1.96875], [-3.984375], [-1.9765625], [-1.7578125], [-1.5859375], [-3.515625], [-1.8125], [-6.53125], [-2.890625], [-5.0625], [-2.0625], [-3.015625], [-4.03125], [-4.15625], [-2.84375], [-2.3125], [-3.1875], [-2.078125], [-7.25], [-3.34375], [-2.546875], [-2.375], [-5.65625], [-3.125], [-2.625], [-9.25], [-3.15625], [-5.21875], [-2.734375], [-0.84375], [-2.828125], [-1.65625], [-1.6484375], [-3.984375], [-2.125], [-2.84375], [-1.28125], [-6.34375], [-6.09375], [-3.546875], [-3.109375], [-3.359375], [-8.0625], [-3.21875], [-3.59375], [-6.59375], [-6.78125], [-11.4375], [-2.21875], [-2.296875], [-2.671875], [-8.875], [-3.25], [-5.0625], [-3.078125], [-2.578125], [-5.71875], [-2.296875], [-1.9921875], [-3.0], [-1.5625], [-2.796875], [-2.515625], [-2.046875], [-3.140625], [-2.25], [-2.375], [-8.6875], [-8.9375], [-1.5], [-1.171875], [-3.375], [-2.671875], [-4.46875], [-3.109375], [-1.515625], [-3.125], [-1.8828125], [-2.75], [-5.625], [-4.34375], [-0.5703125], [-1.890625], [-5.75], [-12.625], [-3.1875], [-2.65625], [-6.59375], [-2.390625], [-2.265625], [2.953125], [-0.1982421875], [-1.34375], [-1.578125], [-1.9296875], [-3.671875], [-1.640625], [-1.859375], [-4.75], [-1.1953125], [-3.84375], [-1.9609375], [-2.3125], [-1.90625], [-3.25], [-5.09375], [-1.78125], [-2.4375], [-7.9375], [-5.65625]], "openai/webgpt_comparisons": [[-3.203125], [-2.546875], [-3.046875], [-2.53125], [-1.375], [-0.443359375], [-2.328125], [-0.061279296875], [-1.625], [-0.796875], [-2.859375], [-1.4453125], [1.3359375], [-2.59375], [-2.71875], [-1.2890625], [0.7109375], [-0.3125], [-2.953125], [-0.92578125], [-5.65625], [-3.15625], [-2.90625], [-0.9921875], [-3.15625], [-2.59375], [-2.1875], [-0.58203125], [-2.515625], [-2.28125], [-1.7734375], [-2.25], [-1.3125], [-2.71875], [-3.328125], [-2.234375], [-2.6875], [0.220703125], [-0.27734375], [-1.5703125], [-1.828125], [-2.546875], [-2.34375], [1.8359375], [-2.6875], [-5.3125], [-1.3671875], [-2.53125], [-1.984375], [-1.0625], [-2.765625], [-0.671875], [-2.0], [-0.7265625], [-2.609375], [-0.33984375], [-3.140625], [-1.4296875], [-2.078125], [-0.99609375], [-2.640625], [-1.46875], [-0.41796875], [-1.6640625], [-1.53125], [-1.4453125], [-1.9609375], [-1.703125], [-1.53125], [-1.6328125], [-1.2734375], [-1.296875], [-2.40625], [1.375], [-1.671875], [-2.265625], [-2.859375], [-3.4375], [-0.87890625], [-0.298828125], [-4.21875], [-1.0390625], [-0.6328125], [-2.265625], [-2.953125], [-2.421875], [-0.80859375], [-2.8125], [-0.30859375], [-2.609375], [-2.125], [-1.7421875], [-1.109375], [-3.34375], [-2.65625], [-3.296875], [-2.390625], [0.2470703125], [-1.296875], [-2.765625], [-2.390625], [-2.421875], [-0.5703125], [-1.7421875], [-3.171875], [-2.15625], [-4.03125], [-4.46875], [-2.28125], [-2.0625], [0.259765625], [-2.140625], [-1.7890625], [-2.609375], [-2.21875], [-2.6875], [-2.703125], [-2.109375], [-2.3125], [-1.3828125], [-3.28125], [-3.28125], [-2.875], [-2.0625], [-3.203125], [-2.703125], [-2.78125], [1.21875]]}
