{"anthropic-red-team": [[-2.75], [-7.0], [-2.453125], [-3.453125], [-2.5], [-1.578125], [-3.3125], [-2.515625], [-4.9375], [-6.28125], [-2.359375], [-4.09375], [-5.15625], [-1.640625], [-6.875], [-4.75], [-2.171875], [-2.71875], [-2.25], [-3.328125], [-3.625], [-2.65625], [-2.875], [-1.671875], [-1.3984375], [-5.5], [0.294921875], [-10.125], [-3.125], [-2.015625], [-2.015625], [-2.625], [-3.578125], [-3.78125], [-2.59375], [-6.03125], [-2.375], [-3.59375], [-2.640625], [-4.28125], [-9.125], [-3.03125], [-1.5703125], [-4.875], [-3.09375], [-4.78125], [-3.3125], [-1.5859375], [0.1337890625], [-3.25], [-5.09375], [-7.84375], [-4.03125], [-3.71875], [-2.140625], [-3.21875], [-2.6875], [-5.53125], [-4.125], [-1.5390625], [-1.4609375], [-6.90625], [-5.4375], [-1.5546875], [-3.90625], [-5.25], [-4.28125], [-6.0], [-3.046875], [-2.21875], [-2.71875], [-2.796875], [-4.375], [-7.1875], [-2.5], [-1.9921875], [-2.9375], [-4.75], [-2.5], [-2.296875], [-6.125], [-3.21875], [-5.15625], [-7.1875], [-3.8125], [-2.734375], [-1.71875], [-2.25], [-6.34375], [-9.375], [-4.53125], [-5.5625], [-0.8125], [-3.421875], [-3.65625], [-2.609375], [-1.296875], [-2.203125], [-2.421875], [-8.375], [-1.46875], [-2.359375], [-1.7265625], [-1.578125], [-2.5625], [-2.109375], [-1.6171875], [-1.7265625], [-3.515625], [-8.625], [-2.140625], [-7.78125], [-2.3125], [-1.9921875], [-3.9375], [-2.265625], [-10.5625], [-4.15625], [-2.828125], [-0.62109375], [-2.859375], [-7.1875], [-3.296875], [-1.9765625], [-2.09375], [-2.46875], [-6.375], [-1.0390625]], "anthropic-helpful-base": [[2.90625], [1.59375], [1.609375], [-3.46875], [0.578125], [0.5703125], [0.45703125], [0.1318359375], [-1.8515625], [2.890625], [0.2294921875], [1.3671875], [1.78125], [1.203125], [-2.28125], [0.024658203125], [-1.1171875], [3.375], [0.1259765625], [-0.109375], [1.3671875], [-0.181640625], [0.4140625], [-0.76953125], [-2.96875], [0.337890625], [-3.828125], [1.6015625], [3.15625], [2.640625], [2.71875], [2.84375], [1.890625], [1.5078125], [3.15625], [-3.75], [-0.8125], [2.828125], [-0.35546875], [-2.5625], [2.671875], [1.0546875], [3.328125], [0.04541015625], [1.34375], [1.7109375], [1.25], [1.3671875], [3.734375], [1.2734375], [-3.171875], [2.484375], [1.40625], [2.59375], [-5.53125], [1.65625], [0.67578125], [-2.5625], [1.7890625], [-2.125], [0.05810546875], [-1.640625], [-2.34375], [1.3671875], [-1.8203125], [1.5078125], [-0.26953125], [0.007720947265625], [1.1875], [0.33203125], [-0.1796875], [-1.0546875], [-0.9765625], [3.328125], [-1.4375], [3.28125], [1.5703125], [-2.140625], [-0.51953125], [-0.625], [0.9375], [2.78125], [0.5546875], [1.609375], [0.93359375], [2.328125], [2.515625], [-2.46875], [0.251953125], [-2.640625], [-0.7265625], [1.1640625], [2.640625], [-0.2080078125], [0.96484375], [-0.46875], [-1.4765625], [-1.0625], [1.3515625], [1.484375], [-1.3828125], [-1.3359375], [-1.890625], [1.6953125], [3.8125], [-0.189453125], [1.8359375], [2.609375], [2.109375], [2.046875], [-1.171875], [-1.34375], [1.1015625], [3.484375], [-2.328125], [-1.8203125], [-1.4609375], [-2.078125], [0.8046875], [-0.337890625], [1.78125], [0.96484375], [-6.1875], [-2.140625], [-0.0419921875], [3.03125], [-2.5625], [2.265625]], "anthropic-harmless-base": [[-1.875], [-3.296875], [-6.3125], [-1.5703125], [-4.75], [-2.21875], [-5.59375], [-3.03125], [-2.796875], [-1.4609375], [-4.125], [0.79296875], [-2.484375], [-7.75], [-3.140625], [-9.4375], [-6.59375], [-1.171875], [-1.453125], [-4.375], [-6.6875], [-1.609375], [-1.6328125], [-1.8203125], [-1.1328125], [-9.0], [-2.578125], [-5.1875], [-2.25], [-3.40625], [-4.375], [-3.609375], [-5.90625], [-2.4375], [-3.203125], [-3.0625], [-3.828125], [-2.015625], [-1.65625], [-2.515625], [-1.6171875], [-5.0], [-2.734375], [-9.1875], [-3.421875], [-1.21875], [-1.859375], [-5.09375], [-4.40625], [-3.15625], [-1.5625], [-6.25], [-1.03125], [-3.8125], [-3.203125], [-6.75], [-6.28125], [-4.03125], [-2.796875], [-2.484375], [-7.59375], [-1.3046875], [-3.875], [-2.421875], [-8.0], [-2.796875], [-3.59375], [-1.5390625], [-2.859375], [-10.5], [-3.28125], [-5.15625], [-4.46875], [-2.9375], [-6.46875], [-5.1875], [-2.296875], [-2.671875], [-2.125], [-3.765625], [-2.8125], [-1.8671875], [-6.78125], [-2.46875], [-2.265625], [-7.96875], [-8.9375], [-3.953125], [-1.90625], [-4.0625], [-2.5625], [-4.84375], [-3.96875], [-1.421875], [-6.46875], [-1.8671875], [-3.421875], [-1.5078125], [-3.625], [-4.875], [-1.828125], [-5.28125], [-10.875], [-2.953125], [1.5], [-6.84375], [-6.84375], [-2.65625], [3.1875], [-0.328125], [-1.375], [-6.21875], [-2.96875], [-9.75], [-4.1875], [-5.21875], [-5.375], [-1.3671875], [-3.8125], [-4.375], [-1.78125], [-6.3125], [-3.515625], [-1.828125], [-2.453125], [-3.359375], [-7.46875], [-2.046875]], "openai/webgpt_comparisons": [[-2.0625], [0.5703125], [-3.078125], [-2.46875], [-2.734375], [0.154296875], [-0.1474609375], [0.337890625], [-2.109375], [-0.7734375], [-2.03125], [-2.796875], [0.9921875], [-2.71875], [-2.8125], [-2.390625], [0.94140625], [-0.0169677734375], [-2.171875], [-1.015625], [-3.734375], [-2.4375], [-2.609375], [-2.46875], [-3.140625], [-3.34375], [-2.390625], [-0.59375], [-2.4375], [-2.3125], [-1.5234375], [-1.9921875], [-1.3359375], [-0.375], [-3.203125], [-2.984375], [-1.5078125], [-2.90625], [-1.65625], [-2.1875], [-2.78125], [-2.421875], [-1.578125], [2.6875], [-2.828125], [-5.125], [-2.015625], [-3.09375], [-2.4375], [-1.0859375], [-1.34375], [-0.91015625], [-2.4375], [-2.828125], [-3.125], [-0.7421875], [-1.078125], [-1.8046875], [-2.796875], [-0.470703125], [-2.53125], [-1.859375], [0.376953125], [-1.65625], [-0.94921875], [-1.3125], [-2.0625], [-2.484375], [-0.310546875], [-1.640625], [-1.7734375], [-1.2734375], [-1.0234375], [1.3671875], [-0.341796875], [-0.72265625], [-1.4609375], [-3.09375], [-0.6796875], [0.1884765625], [-4.0], [-2.15625], [-0.67578125], [-2.78125], [-2.9375], [-2.703125], [-2.484375], [-2.15625], [-0.498046875], [-2.578125], [-2.390625], [-2.53125], [-0.97265625], [-2.484375], [-2.09375], [-3.421875], [-2.5625], [-2.421875], [-3.109375], [-2.375], [-1.8828125], [-1.671875], [-1.421875], [-3.03125], [-2.703125], [-2.34375], [-3.0], [-4.5], [-2.28125], [-1.9375], [0.453125], [-4.25], [-1.84375], [-3.359375], [-0.6953125], [-2.765625], [-2.90625], [-2.953125], [-2.65625], [-1.765625], [-3.484375], [-3.40625], [-2.875], [-2.421875], [-3.46875], [-2.9375], [-1.4609375], [-1.4921875]]}
