{"anthropic-red-team": [[-2.140625], [-2.4375], [-4.96875], [-2.578125], [-2.09375], [-3.15625], [-2.765625], [-2.4375], [-2.875], [-2.15625], [-3.78125], [-2.15625], [-2.796875], [-5.09375], [-2.140625], [-2.34375], [-2.09375], [-4.40625], [-1.4765625], [-3.53125], [-4.28125], [-3.78125], [-3.015625], [-3.6875], [-1.5546875], [-2.21875], [-1.921875], [-4.9375], [-2.359375], [-2.46875], [-2.671875], [-2.21875], [-2.609375], [-4.46875], [-3.15625], [-2.109375], [-2.09375], [-2.3125], [-2.484375], [-3.609375], [-3.265625], [-3.71875], [-1.546875], [-2.78125], [-2.171875], [-2.34375], [-1.9765625], [-1.6171875], [-1.859375], [-3.28125], [-2.265625], [-2.890625], [-2.015625], [-1.6796875], [-2.640625], [-2.375], [-2.46875], [-2.25], [-2.015625], [-2.75], [-2.703125], [-2.796875], [-2.09375], [-1.84375], [-3.15625], [-4.25], [-4.46875], [-2.015625], [-2.703125], [-2.0], [-3.125], [-2.375], [-2.796875], [-2.859375], [-2.078125], [-1.59375], [-2.359375], [-1.890625], [-2.09375], [-2.46875], [-3.3125], [-4.09375], [-2.953125], [-2.609375], [-2.046875], [-2.078125], [-2.171875], [-2.515625], [-2.3125], [-2.296875], [-4.0625], [-4.8125], [-2.359375], [-3.015625], [-2.59375], [-2.84375], [-1.578125], [-2.171875], [-2.90625], [-3.296875], [-3.453125], [-2.15625], [-1.96875], [-2.21875], [-2.140625], [-1.828125], [-2.671875], [-3.34375], [-2.515625], [-3.375], [-3.125], [-4.03125], [-2.515625], [-1.59375], [-2.1875], [-1.7109375], [-3.109375], [-2.71875], [-3.0625], [-2.09375], [-1.9921875], [-2.46875], [-2.671875], [-2.921875], [-2.53125], [-2.0625], [-3.78125], [-2.390625]], "anthropic-helpful-base": [[-3.0625], [-2.890625], [-2.609375], [-3.34375], [-2.46875], [-2.890625], [-2.015625], [-2.21875], [-2.15625], [2.0625], [-2.59375], [-1.0], [-2.765625], [0.07958984375], [-2.890625], [-0.3828125], [-3.015625], [-2.59375], [-2.671875], [-2.265625], [-2.75], [-2.71875], [-3.15625], [-3.25], [-2.28125], [-3.296875], [-3.515625], [-3.015625], [-2.421875], [-2.28125], [-2.734375], [-2.453125], [-0.7578125], [-2.59375], [-2.25], [-2.9375], [-1.6640625], [-2.34375], [-3.21875], [-2.9375], [-2.8125], [-1.2109375], [2.703125], [-2.71875], [-2.0625], [-2.53125], [-3.046875], [-2.25], [-1.5859375], [-0.76171875], [-2.15625], [-2.578125], [-2.953125], [2.515625], [-2.625], [-2.828125], [-2.609375], [-2.9375], [-2.40625], [-2.234375], [-2.6875], [-2.921875], [-2.71875], [-2.125], [-1.7734375], [-2.859375], [-2.453125], [-0.8671875], [-2.46875], [-2.40625], [-2.25], [-2.375], [-2.875], [-3.171875], [-3.34375], [-0.69921875], [-2.703125], [-3.03125], [-2.953125], [-2.484375], [-2.890625], [-3.015625], [-0.5703125], [-1.7265625], [-2.171875], [-1.2421875], [-2.4375], [-3.359375], [-2.671875], [-2.828125], [-2.84375], [-2.875], [-2.671875], [-2.28125], [-2.453125], [1.9296875], [-2.984375], [-2.703125], [-2.8125], [-2.890625], [-2.640625], [-1.25], [-2.78125], [-2.4375], [1.375], [-2.3125], [-2.96875], [-2.796875], [-1.9921875], [-1.046875], [-1.34375], [-2.71875], [0.08203125], [-1.0390625], [-2.703125], [-3.203125], [-2.671875], [-2.09375], [-2.390625], [-0.2314453125], [-0.490234375], [-1.125], [-3.453125], [-2.21875], [-1.2890625], [-2.421875], [-2.578125], [-2.4375]], "anthropic-harmless-base": [[-2.953125], [-2.25], [-2.046875], [-0.9296875], [-2.65625], [-3.015625], [-2.59375], [-3.40625], [-4.9375], [-1.53125], [-2.78125], [-2.296875], [-2.53125], [-6.09375], [-3.09375], [-10.875], [-2.484375], [-2.875], [-2.828125], [-4.625], [-3.5625], [-2.4375], [-2.859375], [-2.546875], [-1.9296875], [-2.703125], [-2.171875], [-4.21875], [-2.46875], [-2.5], [-3.96875], [-2.984375], [-3.96875], [-2.140625], [-3.03125], [-2.3125], [-3.4375], [-3.9375], [-3.609375], [-2.171875], [-2.109375], [-1.984375], [-2.5625], [-4.3125], [-3.203125], [-2.625], [-3.828125], [-1.8359375], [-2.65625], [-1.9765625], [-2.265625], [-3.46875], [-4.21875], [-2.75], [-4.90625], [-3.21875], [-2.0625], [-7.96875], [-3.0], [-5.59375], [-4.65625], [-1.8828125], [-2.28125], [-2.5], [-6.5625], [-3.84375], [-5.0625], [-1.9765625], [-2.96875], [-3.09375], [-3.59375], [-2.34375], [-3.828125], [-2.5625], [-3.578125], [-2.671875], [-4.46875], [-3.078125], [-2.125], [-2.875], [-5.8125], [-2.796875], [-2.09375], [-3.0], [-2.734375], [-2.265625], [-3.234375], [-3.515625], [-1.3828125], [-4.09375], [-2.65625], [-4.9375], [-3.625], [-1.953125], [-2.671875], [-3.78125], [-2.796875], [-2.953125], [-3.90625], [-1.5703125], [-3.125], [-5.78125], [-7.90625], [-3.0], [-2.859375], [-2.875], [-2.984375], [-1.9609375], [-2.453125], [-2.40625], [-2.5], [-5.3125], [-2.65625], [-6.0], [-4.5625], [-3.421875], [-1.046875], [-5.875], [-2.765625], [-2.6875], [-2.25], [-4.46875], [-2.375], [-2.234375], [-2.734375], [-2.28125], [-2.28125], [-2.65625]], "openai/webgpt_comparisons": [[-3.296875], [-3.0], [-2.875], [-2.765625], [-2.890625], [-2.140625], [-2.546875], [-3.234375], [-2.34375], [-3.390625], [-2.828125], [-2.859375], [-2.890625], [-2.28125], [-2.90625], [-3.359375], [-0.69921875], [-2.609375], [-3.265625], [-2.953125], [-3.1875], [-3.078125], [-2.859375], [-2.65625], [-3.578125], [-2.5625], [-1.9296875], [-3.3125], [-3.03125], [-2.453125], [-2.078125], [-2.71875], [-2.84375], [-2.8125], [-3.1875], [-2.8125], [-2.4375], [-3.078125], [-2.84375], [-3.171875], [-2.421875], [-2.46875], [-1.921875], [-2.671875], [-2.90625], [-5.28125], [-2.4375], [-2.859375], [-2.765625], [-1.59375], [-2.78125], [-2.421875], [-3.03125], [-2.796875], [-2.484375], [-2.171875], [-3.28125], [-2.578125], [-2.90625], [-2.75], [-2.859375], [-2.390625], [-3.203125], [-2.3125], [-2.8125], [-1.109375], [-2.171875], [-2.984375], [-2.5625], [-1.859375], [-3.328125], [-3.40625], [-2.9375], [-3.09375], [-2.96875], [-3.46875], [-2.96875], [-3.125], [-3.0625], [-2.625], [-4.375], [-2.015625], [-2.625], [-3.640625], [-2.75], [-2.640625], [-2.53125], [-3.25], [-2.515625], [-2.46875], [-2.546875], [-2.375], [-2.78125], [-3.515625], [-3.046875], [-3.8125], [-2.75], [-2.578125], [-3.1875], [-3.0], [-2.59375], [-2.265625], [-1.71875], [-3.234375], [-2.765625], [-3.15625], [-3.359375], [-3.8125], [-3.015625], [-2.015625], [-1.9375], [-3.21875], [-1.8125], [-2.96875], [-2.5], [-2.734375], [-3.09375], [-2.859375], [-2.65625], [-2.328125], [-2.65625], [-3.421875], [-2.828125], [-2.765625], [-4.34375], [-2.65625], [-2.703125], [-2.25]]}
