{"anthropic-red-team": [[0.56640625], [1.4921875], [-0.341796875], [1.0390625], [0.15625], [1.1328125], [0.546875], [1.3359375], [-1.1875], [1.59375], [-0.6953125], [1.1328125], [0.9453125], [-0.3515625], [-0.48046875], [1.6015625], [1.625], [1.4140625], [1.421875], [1.1015625], [0.318359375], [1.0078125], [0.73828125], [1.734375], [1.4921875], [1.6875], [0.12255859375], [0.6640625], [0.48046875], [1.6796875], [1.5625], [1.1796875], [1.375], [0.34375], [-0.01361083984375], [1.5625], [1.546875], [1.7890625], [0.7109375], [-1.4765625], [0.9609375], [1.3359375], [0.7890625], [-0.88671875], [0.330078125], [1.25], [-1.046875], [0.68359375], [0.84375], [-0.26171875], [1.328125], [-1.0078125], [-0.0284423828125], [0.9609375], [1.4453125], [-0.32421875], [-2.28125], [1.4609375], [0.69921875], [0.7265625], [1.3984375], [0.9140625], [-0.75390625], [1.5], [0.287109375], [0.298828125], [-0.447265625], [-1.078125], [-0.890625], [-0.66796875], [0.58203125], [1.0234375], [0.59375], [0.5625], [0.73828125], [1.1015625], [0.10009765625], [0.349609375], [1.21875], [0.5390625], [1.1953125], [0.068359375], [0.3359375], [1.5], [0.83203125], [1.671875], [0.451171875], [0.62890625], [0.3203125], [-0.640625], [-2.609375], [0.51953125], [0.62890625], [1.578125], [0.79296875], [-1.2109375], [1.8046875], [1.71875], [1.15625], [0.12890625], [1.34375], [-2.609375], [0.447265625], [1.21875], [1.53125], [1.0], [1.3046875], [1.4765625], [0.330078125], [1.1484375], [0.46875], [1.2890625], [-0.18359375], [-0.0186767578125], [0.765625], [-0.44921875], [0.6875], [1.09375], [0.1416015625], [2.0], [0.5546875], [1.5546875], [1.46875], [-0.1826171875], [1.3515625], [-0.275390625], [0.9453125], [1.0546875]], "anthropic-helpful-base": [[0.9765625], [0.115234375], [0.5546875], [-2.9375], [1.6171875], [0.404296875], [0.8671875], [0.47265625], [0.66015625], [1.5234375], [-0.03955078125], [0.84765625], [-0.828125], [0.5546875], [-1.2890625], [2.40625], [-1.078125], [3.109375], [0.345703125], [-0.2236328125], [1.2421875], [-0.3828125], [-0.447265625], [-0.1416015625], [0.011474609375], [-0.341796875], [1.3359375], [0.546875], [0.6328125], [2.109375], [-0.375], [2.4375], [2.21875], [1.515625], [2.5625], [0.00909423828125], [0.1474609375], [1.8046875], [-0.51171875], [0.423828125], [-1.0546875], [1.125], [1.6953125], [1.4296875], [1.2890625], [0.7734375], [1.1484375], [1.1953125], [1.3359375], [1.4375], [0.7890625], [0.61328125], [-0.52734375], [2.328125], [1.0859375], [2.015625], [0.9765625], [0.20703125], [-0.484375], [-1.96875], [-0.55078125], [0.283203125], [0.21875], [0.51171875], [1.2890625], [1.4296875], [1.2109375], [0.353515625], [0.296875], [0.66015625], [1.1875], [1.0546875], [1.15625], [3.90625], [1.0625], [1.828125], [0.043212890625], [-0.412109375], [-0.27734375], [1.1328125], [-0.375], [1.4765625], [0.5859375], [1.828125], [0.53125], [0.314453125], [2.484375], [-0.88671875], [0.07568359375], [0.275390625], [1.3671875], [1.1484375], [-0.11669921875], [0.6484375], [1.484375], [1.046875], [-1.4296875], [0.94921875], [0.220703125], [0.4453125], [-0.1279296875], [1.1640625], [-0.060302734375], [0.490234375], [2.984375], [-0.2109375], [0.48046875], [1.15625], [1.0390625], [1.296875], [-0.58984375], [-0.294921875], [0.9765625], [0.373046875], [1.234375], [0.953125], [1.171875], [1.5234375], [0.33984375], [-0.01531982421875], [1.078125], [0.023681640625], [-0.8359375], [1.5625], [0.87109375], [0.1767578125], [0.5390625], [1.546875]], "anthropic-harmless-base": [[-0.291015625], [-0.6640625], [0.6015625], [0.10498046875], [0.44140625], [0.5234375], [0.2890625], [1.453125], [1.0], [0.55859375], [1.328125], [1.6015625], [0.94921875], [1.296875], [-0.197265625], [1.0234375], [1.2109375], [1.375], [-0.140625], [0.6796875], [0.80078125], [1.03125], [1.625], [0.2421875], [0.61328125], [1.65625], [1.25], [-1.265625], [0.1640625], [1.28125], [0.365234375], [-3.390625], [0.9140625], [1.1015625], [-0.703125], [1.3359375], [0.4140625], [-0.06396484375], [0.3046875], [0.671875], [-0.34375], [0.28125], [-0.0135498046875], [1.1484375], [0.61328125], [0.9375], [1.2734375], [0.52734375], [1.25], [0.271484375], [1.46875], [1.140625], [0.58984375], [1.203125], [1.6171875], [0.5546875], [-1.6640625], [0.2080078125], [0.380859375], [-1.75], [1.4296875], [-0.1728515625], [1.4921875], [0.93359375], [-0.271484375], [0.81640625], [0.54296875], [0.1826171875], [0.6484375], [-0.0546875], [0.8046875], [1.578125], [0.77734375], [1.3671875], [1.359375], [1.171875], [0.1474609375], [-0.640625], [-1.5234375], [-0.375], [0.1513671875], [-0.30859375], [1.140625], [0.271484375], [-0.025634765625], [1.71875], [1.0234375], [-0.0189208984375], [1.515625], [0.546875], [1.75], [-0.16796875], [0.94921875], [-0.64453125], [0.95703125], [-0.1845703125], [0.216796875], [-0.2021484375], [0.310546875], [0.35546875], [-0.2451171875], [-1.0546875], [0.62109375], [-1.015625], [1.1953125], [1.1171875], [1.1796875], [0.126953125], [0.66015625], [-0.19921875], [1.203125], [1.125], [0.5390625], [1.0703125], [-0.5234375], [0.87890625], [1.40625], [0.1533203125], [0.32421875], [1.125], [-0.388671875], [-0.7265625], [0.419921875], [-0.1923828125], [0.73828125], [1.140625], [1.1328125], [0.9609375]], "openai/webgpt_comparisons": [[-0.1689453125], [-0.84765625], [-0.65625], [-0.255859375], [-1.6875], [-0.2060546875], [-0.50390625], [-0.57421875], [-0.04638671875], [0.28515625], [-1.3828125], [-0.95703125], [1.1640625], [-0.515625], [-0.68359375], [-0.259765625], [-0.478515625], [-0.6640625], [-1.21875], [0.11083984375], [-0.443359375], [-1.78125], [-0.5703125], [0.021728515625], [-0.9375], [-0.462890625], [-0.365234375], [-0.0634765625], [-1.6015625], [-0.74609375], [-0.412109375], [0.2734375], [-1.4921875], [-2.328125], [-2.578125], [-1.234375], [0.2236328125], [-1.9609375], [-0.2373046875], [-0.578125], [-1.0078125], [-1.0078125], [-0.267578125], [-0.93359375], [0.00165557861328125], [-0.314453125], [-0.263671875], [-0.375], [0.08837890625], [-0.1171875], [-0.37109375], [-0.3671875], [-0.5234375], [0.4453125], [-0.62109375], [-0.365234375], [-2.4375], [-0.54296875], [0.06689453125], [-0.3125], [-1.8984375], [-1.3203125], [-1.0], [-0.92578125], [0.46875], [0.07177734375], [-0.328125], [-0.58203125], [-1.734375], [-1.6171875], [0.00014400482177734375], [-0.1552734375], [-0.5703125], [-0.0186767578125], [-1.3984375], [-1.3046875], [-0.55078125], [0.1318359375], [-0.89453125], [0.1328125], [-2.09375], [-0.58203125], [-0.62890625], [-2.265625], [-0.1884765625], [0.12158203125], [0.328125], [-0.2021484375], [-0.91015625], [-0.1162109375], [-0.388671875], [-0.1494140625], [-2.25], [-1.203125], [-0.416015625], [-2.546875], [0.2255859375], [-0.357421875], [-1.328125], [-0.470703125], [-0.59765625], [0.032470703125], [-0.197265625], [-1.25], [-0.1787109375], [0.9140625], [-2.046875], [-1.34375], [-0.89453125], [0.1357421875], [-0.875], [-0.06982421875], [0.13671875], [-0.6875], [-0.640625], [-0.51171875], [-0.56640625], [-0.427734375], [-1.3359375], [-0.1806640625], [-2.046875], [-0.74609375], [-2.03125], [-1.9140625], [-1.0625], [-0.31640625], [-1.1875], [-0.75390625]]}
