{"anthropic-red-team": [[-2.96875], [-6.4375], [-7.59375], [-2.515625], [-1.5703125], [-1.109375], [-2.5], [-2.03125], [-2.1875], [-6.96875], [-2.03125], [-2.578125], [-3.609375], [-7.90625], [-7.625], [-4.40625], [-2.09375], [-1.703125], [-2.484375], [-2.21875], [-4.21875], [-1.8671875], [-2.09375], [-4.78125], [-2.09375], [-1.21875], [-0.07470703125], [-10.375], [-2.171875], [-1.84375], [-2.03125], [-3.859375], [-2.171875], [-4.9375], [-3.390625], [-2.40625], [-2.140625], [-2.625], [-0.95703125], [-3.671875], [-0.84375], [-1.921875], [0.103515625], [-2.25], [-2.46875], [-6.25], [-3.34375], [-1.125], [-1.5546875], [-3.4375], [-2.296875], [-7.78125], [-3.4375], [-1.84375], [-1.8515625], [-2.65625], [-2.78125], [-1.6875], [-2.21875], [-1.109375], [-2.65625], [-1.578125], [-1.7578125], [-1.0], [-3.703125], [-6.53125], [-2.8125], [-6.125], [-2.703125], [-1.234375], [-1.8046875], [-3.328125], [-4.65625], [-2.578125], [-2.46875], [-1.8359375], [-1.6796875], [-8.4375], [-1.875], [-4.71875], [-4.6875], [-6.59375], [-2.046875], [-7.0625], [-1.8125], [-1.0546875], [-2.78125], [-1.53125], [-6.3125], [-1.7109375], [-4.4375], [-2.515625], [-0.36328125], [-2.90625], [-1.46875], [-3.5], [-1.390625], [-1.8359375], [-6.8125], [-3.34375], [-8.8125], [-2.546875], [-4.375], [-2.625], [-2.890625], [-1.6015625], [-0.9765625], [-2.234375], [-2.546875], [-2.96875], [-2.0625], [-2.796875], [-2.171875], [-1.9453125], [-2.359375], [-2.3125], [-2.671875], [-4.21875], [-11.0], [-1.8046875], [-2.546875], [-3.875], [-1.9453125], [-5.875], [-3.0625], [-1.1875], [-1.4140625], [-1.0390625]], "anthropic-helpful-base": [[1.546875], [-2.953125], [-1.578125], [-3.578125], [-2.5], [-2.03125], [-1.640625], [-0.375], [-2.34375], [2.546875], [-2.28125], [1.4140625], [-0.7890625], [0.3515625], [-2.4375], [1.6328125], [-2.09375], [1.5390625], [-0.08935546875], [-2.296875], [-0.224609375], [0.0002593994140625], [-2.46875], [-1.25], [-2.609375], [-0.61328125], [-1.7890625], [-2.46875], [-0.9921875], [-2.640625], [-2.03125], [-0.6484375], [1.7578125], [-0.73046875], [-1.5703125], [-4.1875], [-2.140625], [-1.1015625], [-0.42578125], [-2.09375], [-1.8046875], [-2.125], [-1.15625], [-1.7265625], [-2.3125], [-2.671875], [-2.390625], [0.2060546875], [-1.375], [0.0284423828125], [-4.21875], [-2.515625], [-2.4375], [3.125], [-4.6875], [0.318359375], [-2.28125], [-1.9375], [-0.57421875], [-2.03125], [-1.9609375], [-2.890625], [-0.337890625], [-2.0], [-1.296875], [-2.375], [-2.25], [-1.3515625], [-1.71875], [-2.34375], [-0.84375], [-1.5234375], [-1.3046875], [-2.171875], [-1.28125], [-1.796875], [-1.34375], [-1.9921875], [-2.78125], [-1.2734375], [-0.154296875], [-1.34375], [-0.419921875], [-1.921875], [-1.625], [-2.1875], [1.921875], [-1.7109375], [-2.296875], [-0.640625], [-1.078125], [-0.08544921875], [-1.625], [-2.3125], [-1.8046875], [-1.9375], [-1.5625], [-1.6953125], [-1.1328125], [0.7109375], [-2.1875], [-2.21875], [-2.0625], [-1.765625], [2.875], [-2.34375], [-0.1484375], [1.375], [-1.8046875], [-1.703125], [-2.546875], [-2.203125], [-1.9765625], [3.09375], [-3.4375], [-2.3125], [-1.4609375], [-0.984375], [-1.3828125], [-0.88671875], [-1.796875], [-1.1171875], [-4.21875], [1.2109375], [-1.78125], [2.390625], [-2.765625], [-1.5078125]], "anthropic-harmless-base": [[-1.796875], [-3.46875], [-1.03125], [-3.296875], [-1.359375], [-1.5546875], [-1.28125], [-2.171875], [-7.21875], [-0.85546875], [-4.5625], [-1.6015625], [-1.6328125], [-0.77734375], [-1.359375], [-12.125], [-2.8125], [-2.484375], [-3.125], [-1.0546875], [-3.84375], [-1.46875], [-3.25], [-2.53125], [-4.375], [-4.21875], [-2.265625], [-2.890625], [-2.8125], [-1.390625], [-2.6875], [-5.53125], [-3.921875], [-2.078125], [-3.765625], [-1.9375], [-1.6484375], [-2.46875], [-2.34375], [-2.515625], [-2.03125], [-1.125], [-6.5625], [-5.5625], [-6.0], [-5.84375], [-2.53125], [-0.62109375], [-5.03125], [-2.40625], [-1.9140625], [-1.2734375], [-1.5625], [-2.859375], [-2.53125], [-4.75], [-1.359375], [-2.46875], [-2.921875], [-2.5], [-1.8359375], [-1.1015625], [-1.3828125], [-1.09375], [-5.15625], [-2.921875], [-3.359375], [-3.203125], [-2.84375], [-9.4375], [-2.0], [-1.2265625], [-3.796875], [-2.359375], [-0.94140625], [-4.40625], [-1.5625], [-3.296875], [-5.03125], [-2.953125], [-2.90625], [-2.078125], [-2.546875], [-1.984375], [-2.09375], [-7.90625], [-2.421875], [-0.91796875], [-1.2265625], [-7.1875], [-1.8046875], [-4.53125], [-5.78125], [-0.8671875], [-2.984375], [-1.8984375], [-2.75], [-2.6875], [-1.6484375], [-0.81640625], [-1.3046875], [-1.6484375], [-1.828125], [-3.21875], [-2.390625], [-4.6875], [-6.96875], [-1.3359375], [-1.8359375], [-0.9375], [-3.671875], [-1.2734375], [-2.25], [-3.28125], [-1.0078125], [-3.4375], [-0.056640625], [-5.75], [-1.2421875], [-1.890625], [-1.671875], [-6.71875], [-1.7578125], [-2.015625], [-2.28125], [-5.8125], [-1.21875], [-1.4609375]], "openai/webgpt_comparisons": [[-2.1875], [-1.8359375], [-2.265625], [-1.84375], [-2.140625], [-0.9296875], [-0.60546875], [-0.84375], [-1.390625], [-3.015625], [-2.234375], [-1.0625], [-0.234375], [-2.03125], [-2.546875], [-3.296875], [-0.93359375], [-2.265625], [-2.265625], [-0.271484375], [-3.1875], [-2.28125], [-1.9296875], [-2.28125], [-2.46875], [-3.625], [-1.7734375], [-2.03125], [-2.0625], [-1.5859375], [-1.5234375], [-1.9375], [-0.9375], [-2.1875], [-2.921875], [-2.828125], [-1.6484375], [-2.015625], [-2.234375], [-4.65625], [-2.171875], [-1.5625], [-0.71875], [1.203125], [-1.8515625], [-3.890625], [0.63671875], [-1.59375], [-1.9921875], [-0.9453125], [-2.375], [-1.3359375], [-1.8828125], [-3.421875], [-3.421875], [-1.234375], [-2.375], [-2.265625], [-1.921875], [-2.0], [1.0234375], [-1.890625], [-0.890625], [-1.9140625], [-1.6875], [-1.0703125], [-2.0625], [-2.09375], [-1.421875], [-2.28125], [-3.046875], [-1.1875], [-2.390625], [-2.15625], [-2.578125], [-0.6640625], [-2.234375], [-2.46875], [-1.8125], [-0.56640625], [-2.953125], [-0.60546875], [-0.39453125], [-2.375], [-2.4375], [-2.109375], [-1.484375], [-1.7890625], [-1.3828125], [-2.5625], [-0.625], [-1.765625], [-2.40625], [-2.765625], [-1.7421875], [-2.53125], [-1.8046875], [-2.328125], [-2.234375], [-2.125], [-1.890625], [-1.828125], [-0.67578125], [-2.8125], [-1.9453125], [-2.015625], [-2.4375], [-3.34375], [-1.5234375], [-2.203125], [-2.15625], [-1.1796875], [-1.2265625], [-2.71875], [-1.9296875], [-1.6953125], [-3.03125], [-2.5], [-2.390625], [-1.0546875], [-2.53125], [-2.65625], [-1.890625], [-1.921875], [-2.421875], [-2.421875], [-1.5703125], [1.234375]]}
