{"anthropic-red-team": [[-2.4375], [-6.0], [-8.0], [-3.765625], [-3.0], [-2.9375], [-3.703125], [-3.234375], [-4.5625], [-7.0625], [-4.96875], [-3.796875], [-2.984375], [-5.75], [-5.5], [-2.71875], [-2.78125], [-4.8125], [-1.9921875], [-3.890625], [-5.15625], [-6.28125], [-6.625], [-2.546875], [-2.984375], [-2.6875], [-2.625], [-4.0], [-3.21875], [-2.453125], [-3.078125], [-4.0625], [-2.90625], [-4.625], [-3.03125], [-5.125], [-2.375], [-2.84375], [-3.65625], [-4.90625], [-8.75], [-2.984375], [-1.4765625], [-4.3125], [-2.84375], [-3.984375], [-2.953125], [-3.421875], [-1.421875], [-4.34375], [-3.65625], [-6.375], [-2.8125], [-1.984375], [-3.046875], [-3.28125], [-2.75], [-5.21875], [-2.90625], [-4.78125], [-4.25], [-4.5625], [-3.09375], [-2.515625], [-3.390625], [-2.578125], [-4.53125], [-2.734375], [-3.25], [-2.671875], [-4.9375], [-5.53125], [-3.4375], [-5.96875], [-3.65625], [-1.9921875], [-2.71875], [-4.4375], [-2.484375], [-4.40625], [-6.65625], [-7.1875], [-5.125], [-5.40625], [-2.984375], [-3.671875], [-3.453125], [-2.8125], [-3.359375], [-8.6875], [-4.875], [-5.125], [-2.5625], [-4.09375], [-2.875], [-4.21875], [-2.125], [-4.15625], [-2.671875], [-5.28125], [-4.1875], [-2.640625], [-2.140625], [-2.703125], [-2.8125], [-2.296875], [-5.3125], [-3.25], [-3.453125], [-3.734375], [-3.875], [-4.75], [-2.84375], [-2.0625], [-2.875], [-2.46875], [-10.375], [-4.0625], [-3.984375], [-1.78125], [-2.59375], [-4.3125], [-3.421875], [-2.75], [-4.84375], [-2.1875], [-5.09375], [-5.375]], "anthropic-helpful-base": [[3.125], [-2.171875], [0.6015625], [-3.4375], [-1.9609375], [-2.328125], [0.412109375], [0.06298828125], [-2.484375], [2.625], [0.21484375], [0.25390625], [-1.859375], [-0.1748046875], [-2.65625], [1.2734375], [-1.1328125], [2.609375], [-2.0], [-1.09375], [0.74609375], [-2.515625], [-1.78125], [-3.0], [-3.03125], [-2.765625], [-3.40625], [-2.9375], [-1.3046875], [-1.0546875], [3.125], [-0.73828125], [1.546875], [-1.921875], [-2.359375], [-3.265625], [-1.1171875], [2.5], [-0.4140625], [-2.9375], [2.15625], [0.17578125], [0.0230712890625], [-2.109375], [-1.7109375], [1.25], [0.7578125], [0.2333984375], [1.3515625], [1.4921875], [-3.328125], [-1.5078125], [-2.578125], [2.6875], [-3.578125], [0.2451171875], [-1.4296875], [-2.578125], [1.140625], [-0.99609375], [-2.4375], [-3.078125], [-1.09375], [1.7421875], [-1.828125], [-0.76953125], [-2.453125], [-2.203125], [-0.74609375], [-1.4296875], [-2.109375], [-2.46875], [-2.265625], [-1.9375], [-2.328125], [3.359375], [1.1328125], [-2.875], [-2.875], [-2.046875], [0.98828125], [-0.8125], [-1.7421875], [-1.265625], [-0.90625], [0.5703125], [2.546875], [-3.203125], [-2.4375], [-2.734375], [-0.8046875], [-0.388671875], [1.71875], [-0.158203125], [-1.234375], [0.65234375], [-2.59375], [-2.46875], [0.484375], [-2.640625], [-2.203125], [-1.3515625], [-1.65625], [-1.484375], [3.59375], [-2.125], [1.0625], [1.203125], [-1.671875], [1.9375], [-0.7109375], [-2.5625], [-1.3125], [3.140625], [-2.765625], [-3.15625], [-2.265625], [0.0233154296875], [1.234375], [-0.232421875], [1.1484375], [-0.173828125], [-5.59375], [-2.125], [-0.287109375], [2.34375], [-1.875], [-1.1171875]], "anthropic-harmless-base": [[-3.796875], [-3.3125], [-2.125], [-3.046875], [-3.328125], [-4.71875], [-3.234375], [-3.125], [-5.75], [-2.90625], [-4.375], [-2.296875], [-5.5625], [-3.21875], [-2.625], [-11.75], [-2.484375], [-2.328125], [-2.796875], [-5.0], [-4.71875], [-6.125], [-5.46875], [-4.875], [-1.7890625], [-5.46875], [-5.6875], [-3.203125], [-4.1875], [-3.9375], [-3.15625], [-6.0], [-5.09375], [-2.875], [-2.65625], [-2.34375], [-4.84375], [-3.671875], [-2.609375], [-2.3125], [-3.3125], [-5.21875], [-1.9765625], [-8.5], [-2.453125], [-4.5625], [-2.75], [-2.921875], [-4.6875], [-3.671875], [-3.453125], [-3.5625], [-5.875], [-2.625], [-2.515625], [-5.125], [-3.09375], [-5.25], [-3.265625], [-4.34375], [-5.15625], [-1.75], [-4.90625], [-4.3125], [-6.96875], [-7.71875], [-5.3125], [-2.421875], [-4.96875], [-3.3125], [-3.421875], [-4.09375], [-3.28125], [-2.859375], [-3.875], [-4.9375], [-5.53125], [-3.21875], [-2.65625], [-3.609375], [-4.3125], [-1.7421875], [-3.640625], [-2.671875], [-2.671875], [-7.875], [-4.9375], [-4.21875], [-4.78125], [-4.6875], [-1.4921875], [-4.1875], [-6.9375], [-2.734375], [-7.0], [-2.125], [-3.0], [-3.96875], [-3.34375], [-1.78125], [-3.046875], [-5.46875], [-4.75], [-3.296875], [-2.46875], [-3.984375], [-4.5625], [-2.984375], [2.578125], [-0.400390625], [-2.4375], [-7.0], [-3.625], [-7.25], [-3.390625], [-9.375], [-2.234375], [-4.1875], [-3.71875], [-2.421875], [-3.25], [-4.59375], [-4.09375], [-3.125], [-2.546875], [-3.296875], [-3.09375], [-4.1875]], "openai/webgpt_comparisons": [[-3.5], [-2.1875], [-3.21875], [-2.71875], [-2.953125], [-2.109375], [-2.375], [0.203125], [-2.453125], [-3.34375], [-3.140625], [-2.4375], [0.12060546875], [-2.5625], [-2.8125], [-3.578125], [-1.578125], [-2.140625], [-3.25], [-1.5390625], [-3.8125], [-3.53125], [-2.8125], [-2.34375], [-3.109375], [-3.703125], [-2.03125], [-0.94140625], [-2.890625], [-2.28125], [-1.9140625], [-2.65625], [-3.265625], [-2.234375], [-3.21875], [-2.953125], [-2.59375], [-3.0625], [-1.953125], [-3.203125], [-3.140625], [-2.453125], [-2.1875], [-2.953125], [-2.65625], [-5.1875], [-1.6875], [-2.59375], [-2.46875], [-2.4375], [-2.890625], [-2.09375], [-2.546875], [-2.6875], [-3.4375], [-2.5], [-3.265625], [-2.578125], [-2.640625], [-3.078125], [-2.5], [-2.28125], [-2.828125], [-2.0625], [-3.015625], [-1.1875], [-1.8828125], [-2.78125], [-2.09375], [-2.171875], [-3.34375], [-2.859375], [-3.0], [-2.015625], [-2.9375], [-2.15625], [-2.9375], [-3.203125], [-2.4375], [-2.5625], [-4.25], [-2.078125], [-2.375], [-2.3125], [-2.921875], [-2.75], [-2.71875], [-3.484375], [-2.46875], [-2.5], [-2.375], [-2.109375], [-2.59375], [-3.40625], [-2.828125], [-3.4375], [-2.6875], [-2.515625], [-3.546875], [-2.953125], [-2.515625], [-2.421875], [-0.7109375], [-2.984375], [-3.09375], [-2.828125], [-2.96875], [-3.421875], [-2.53125], [-1.8671875], [-2.375], [-3.875], [-1.734375], [-3.171875], [-2.796875], [-3.171875], [-1.8203125], [-3.28125], [-2.65625], [-2.109375], [-3.21875], [-3.578125], [-2.859375], [-2.703125], [-3.921875], [-2.78125], [-2.53125], [-1.71875]]}
