{"anthropic-red-team": [[-2.171875], [-1.8671875], [-4.40625], [-2.15625], [-1.5859375], [-4.90625], [-3.234375], [-2.234375], [-2.390625], [-2.140625], [-3.34375], [-2.78125], [-2.53125], [-2.953125], [-2.4375], [-2.640625], [-2.125], [-2.609375], [-1.3359375], [-2.125], [-3.015625], [-2.78125], [-3.421875], [-2.09375], [-1.8125], [-2.09375], [-2.671875], [-3.15625], [-2.515625], [-1.8984375], [-1.6015625], [-2.359375], [-2.703125], [-2.890625], [-2.515625], [-2.015625], [-1.890625], [-1.9453125], [-2.171875], [-2.234375], [-3.765625], [-2.453125], [-1.875], [-3.40625], [-2.390625], [-2.328125], [-1.8828125], [-1.546875], [-1.90625], [-3.6875], [-2.328125], [-3.15625], [-2.734375], [-1.984375], [-2.46875], [-2.046875], [-2.5], [-2.6875], [-2.296875], [-2.328125], [-3.0625], [-6.15625], [-2.15625], [-3.90625], [-3.296875], [-2.609375], [-3.84375], [-2.359375], [-2.0], [-2.21875], [-4.8125], [-2.921875], [-2.453125], [-2.671875], [-2.296875], [-2.1875], [-1.46875], [-2.75], [-1.734375], [-3.328125], [-2.078125], [-3.171875], [-2.5625], [-2.84375], [-1.7578125], [-1.5625], [-2.96875], [-1.671875], [-3.0], [-2.5], [-2.765625], [-3.0], [-2.5625], [-1.5078125], [-1.9609375], [-2.140625], [-2.046875], [-2.25], [-1.6953125], [-2.234375], [-6.5625], [-1.9453125], [-2.5625], [-2.328125], [-2.109375], [-2.15625], [-1.9609375], [-2.046875], [-2.828125], [-1.75], [-2.296875], [-2.71875], [-1.7578125], [-1.28125], [-2.078125], [-2.109375], [-9.5], [-4.21875], [-3.265625], [-2.3125], [-2.328125], [-2.375], [-3.453125], [-4.96875], [-2.8125], [-2.765625], [-2.546875], [-2.171875]], "anthropic-helpful-base": [[0.9140625], [-2.046875], [-1.8046875], [-3.390625], [-1.8125], [-2.84375], [-1.8515625], [-1.953125], [-1.953125], [2.140625], [-1.3359375], [-2.015625], [-1.8515625], [-1.734375], [-2.578125], [-1.90625], [-2.734375], [-2.28125], [-2.53125], [-2.15625], [-1.7734375], [-2.53125], [-1.828125], [-2.71875], [-2.09375], [-1.921875], [-2.65625], [-2.109375], [-1.390625], [-1.6796875], [-2.890625], [-1.2734375], [-2.671875], [-1.625], [-1.40625], [-2.890625], [-1.6015625], [-2.25], [-1.9765625], [-2.515625], [-1.65625], [-1.3984375], [-2.703125], [0.65234375], [-1.484375], [-2.359375], [-1.828125], [-2.140625], [-1.203125], [-2.953125], [-2.046875], [-2.8125], [-2.78125], [-1.2421875], [-2.296875], [-1.84375], [-1.8046875], [-2.609375], [-1.3828125], [-1.5859375], [-1.515625], [-3.046875], [-2.484375], [-1.5234375], [-1.265625], [-1.4609375], [-1.4140625], [-1.6953125], [-1.4296875], [-0.396484375], [-1.9921875], [-1.765625], [-1.734375], [-2.265625], [-1.7265625], [-1.6484375], [-1.484375], [-2.78125], [-2.5], [-1.3046875], [1.234375], [-2.453125], [-2.5], [-2.21875], [-2.0], [-1.4921875], [-2.25], [-3.28125], [-1.734375], [-2.671875], [-2.171875], [-1.234375], [-1.3828125], [-2.828125], [-2.421875], [-2.171875], [-2.359375], [-1.8359375], [-2.546875], [-2.0], [-1.546875], [-2.125], [-1.6484375], [-1.6796875], [3.046875], [-1.7265625], [-2.03125], [-1.5], [-2.078125], [-1.5546875], [-2.921875], [-1.5703125], [-2.09375], [-2.125], [-2.734375], [-2.078125], [-1.5859375], [-1.5625], [-1.140625], [-0.032958984375], [-1.6953125], [-1.6015625], [-5.5625], [-2.34375], [-1.53125], [-2.421875], [-1.8984375], [-1.703125]], "anthropic-harmless-base": [[-1.8125], [-2.125], [-1.90625], [-7.3125], [-2.359375], [-3.203125], [-1.78125], [-1.65625], [-2.5], [-3.703125], [-1.7265625], [-2.28125], [-2.375], [-1.3984375], [-2.328125], [-12.3125], [-2.328125], [-2.390625], [-2.515625], [-1.75], [-3.375], [-2.5], [-1.828125], [-2.171875], [-1.515625], [-2.484375], [-5.15625], [-5.21875], [-3.203125], [-1.921875], [-2.203125], [-6.71875], [-3.75], [-4.125], [-1.875], [-2.875], [-2.046875], [-2.28125], [-1.9296875], [-1.8671875], [-1.84375], [-2.234375], [-3.078125], [-3.8125], [-2.9375], [-3.15625], [-1.8359375], [-2.703125], [-2.515625], [-7.0], [-2.234375], [-2.03125], [-3.734375], [-2.296875], [-2.109375], [-1.90625], [-1.6953125], [-3.625], [-2.625], [-3.34375], [-2.59375], [-2.03125], [-2.34375], [-1.7734375], [-2.734375], [-3.390625], [-2.359375], [-1.734375], [-2.546875], [-2.625], [-1.765625], [-1.734375], [-2.328125], [-1.59375], [-2.84375], [-2.296875], [-2.453125], [-2.625], [-2.109375], [-2.75], [-3.671875], [-3.765625], [-5.90625], [-1.796875], [-2.09375], [-6.65625], [-2.703125], [-2.25], [-1.4375], [-3.78125], [-2.40625], [-2.28125], [-4.03125], [-2.921875], [-3.796875], [-1.6640625], [-2.5625], [-2.203125], [-2.96875], [-1.3828125], [-2.359375], [-4.375], [-3.015625], [-1.734375], [-2.203125], [-6.84375], [-3.03125], [-3.15625], [-1.15625], [-1.453125], [-2.03125], [-7.3125], [-3.046875], [-2.3125], [-4.40625], [-2.359375], [-0.92578125], [-1.65625], [-2.234375], [-3.328125], [-2.96875], [-2.96875], [-1.6328125], [-2.171875], [-3.34375], [-2.046875], [-1.9140625], [-2.1875]], "openai/webgpt_comparisons": [[-2.828125], [-2.5625], [-2.390625], [-2.75], [-2.390625], [-2.078125], [-2.328125], [-2.171875], [-1.6875], [-3.125], [-2.8125], [-1.8515625], [-1.9375], [-1.9921875], [-2.015625], [-2.5625], [-2.09375], [-0.91796875], [-3.34375], [-2.53125], [-2.6875], [-2.234375], [-2.53125], [-2.109375], [-3.125], [-2.484375], [-2.21875], [-3.359375], [-2.46875], [-1.9296875], [-1.7421875], [-1.546875], [-3.15625], [-2.75], [-3.109375], [-2.03125], [-2.578125], [-2.65625], [-2.359375], [-2.828125], [-3.328125], [-2.625], [-2.03125], [-2.96875], [-2.625], [-2.71875], [-2.03125], [-2.953125], [-2.53125], [-1.9140625], [-2.453125], [-2.3125], [-2.453125], [-2.140625], [-2.140625], [-1.6484375], [-2.828125], [-1.6953125], [-2.234375], [-2.640625], [-3.3125], [-2.328125], [-2.84375], [-2.015625], [-2.296875], [-1.265625], [-2.03125], [-2.375], [-2.4375], [-2.328125], [-2.078125], [-3.09375], [-1.7109375], [-2.21875], [-2.703125], [-3.3125], [-2.046875], [-3.03125], [-2.609375], [-2.34375], [-3.875], [-1.65625], [-2.265625], [-3.9375], [-3.15625], [-2.453125], [-2.703125], [-2.796875], [-1.9609375], [-2.390625], [-1.8046875], [-2.25], [-2.9375], [-2.15625], [-1.921875], [-3.359375], [-2.71875], [-1.5703125], [-2.25], [-2.890625], [-2.109375], [-2.046875], [-1.34375], [-2.203125], [-1.6640625], [-2.296875], [-2.59375], [-3.3125], [-1.765625], [-1.9765625], [0.318359375], [-4.78125], [-2.0625], [-2.5625], [-2.703125], [-3.390625], [-1.9453125], [-3.125], [-2.625], [-1.7421875], [-2.09375], [-3.109375], [-2.25], [-2.453125], [-3.828125], [-2.125], [-1.6875], [-2.140625]]}
