{"anthropic-red-team": [[-2.296875], [-6.59375], [-1.8828125], [-4.125], [-3.09375], [-1.578125], [-1.890625], [-1.90625], [-4.5625], [-6.65625], [-1.984375], [-2.359375], [-3.6875], [-3.578125], [-5.15625], [-2.203125], [-2.171875], [-4.6875], [-1.9921875], [-2.375], [-4.0625], [-4.84375], [-2.671875], [-4.8125], [-1.2265625], [-3.421875], [1.015625], [-9.875], [-2.953125], [-2.171875], [-2.015625], [-3.03125], [-2.875], [-4.5], [-2.359375], [-5.65625], [-2.421875], [-4.03125], [-4.40625], [-5.40625], [-1.109375], [-3.0625], [-1.5859375], [-2.4375], [-2.796875], [-4.9375], [-1.96875], [-1.8125], [-0.2578125], [-4.625], [-3.671875], [-2.90625], [-3.859375], [-1.375], [-2.78125], [-2.1875], [-2.296875], [-6.78125], [-6.09375], [-1.140625], [-1.96875], [-2.578125], [-2.1875], [-1.625], [-3.515625], [-6.34375], [-3.3125], [-3.140625], [-2.328125], [-2.234375], [-2.53125], [-1.7890625], [-2.484375], [-4.90625], [-2.953125], [-1.9921875], [-3.3125], [-4.75], [-2.5], [-5.15625], [-5.84375], [-3.421875], [-4.9375], [-7.21875], [-7.4375], [-2.65625], [-1.2578125], [-2.1875], [-3.09375], [-1.359375], [-3.203125], [-6.53125], [-2.59375], [-4.84375], [-2.734375], [-1.5625], [-1.203125], [-2.34375], [-1.578125], [-2.984375], [-2.890625], [-2.609375], [-4.0625], [-2.328125], [-1.8359375], [-2.359375], [-2.296875], [-2.125], [-1.421875], [-4.09375], [-2.078125], [-7.3125], [-2.84375], [-2.265625], [-2.578125], [-2.34375], [-11.0], [-4.09375], [-3.078125], [-0.58984375], [-2.796875], [-2.890625], [-3.4375], [-1.8203125], [-2.96875], [-1.5546875], [-5.46875], [-2.171875]], "anthropic-helpful-base": [[2.296875], [-1.4921875], [1.3125], [-3.0625], [-2.671875], [-0.0732421875], [0.039306640625], [-0.05029296875], [-1.703125], [2.5625], [0.044921875], [1.1328125], [-0.12060546875], [1.2109375], [-2.421875], [2.359375], [-1.0078125], [2.546875], [-1.7265625], [-1.0859375], [1.1875], [-0.412109375], [0.423828125], [-3.203125], [-2.515625], [-0.15625], [-4.3125], [1.140625], [0.734375], [2.703125], [4.03125], [2.140625], [1.9609375], [1.265625], [3.0625], [-3.390625], [-0.2109375], [2.234375], [-0.28515625], [-3.03125], [2.21875], [1.40625], [3.34375], [0.050537109375], [2.125], [1.84375], [0.8671875], [1.21875], [3.21875], [1.5703125], [-2.46875], [3.03125], [1.8046875], [2.875], [-4.75], [2.453125], [0.67578125], [-1.4921875], [1.9296875], [-1.1484375], [0.3046875], [-1.8125], [-2.3125], [2.65625], [0.68359375], [1.3125], [-0.035888671875], [0.138671875], [-1.859375], [1.15625], [-0.27734375], [-1.53125], [-2.234375], [3.578125], [-1.4609375], [1.171875], [2.328125], [-0.88671875], [-1.2734375], [-1.1640625], [0.0107421875], [2.984375], [0.73046875], [2.421875], [1.1796875], [2.625], [2.1875], [-2.453125], [1.015625], [-2.65625], [-0.51171875], [0.7265625], [2.125], [-0.1396484375], [1.078125], [1.875], [-2.5625], [1.59375], [-0.62890625], [1.546875], [0.32421875], [0.5234375], [-0.330078125], [1.8671875], [3.578125], [0.00860595703125], [1.796875], [0.423828125], [1.8046875], [2.296875], [-0.9140625], [1.59375], [0.62890625], [3.1875], [-2.578125], [-2.703125], [-1.2890625], [-2.125], [1.0703125], [0.458984375], [1.203125], [1.96875], [-5.53125], [1.1640625], [1.3046875], [2.5], [-2.578125], [3.109375]], "anthropic-harmless-base": [[-2.84375], [-3.59375], [-6.84375], [-1.578125], [-2.34375], [-8.875], [-5.25], [-2.1875], [-2.390625], [-0.72265625], [-2.796875], [2.28125], [-1.875], [-7.5], [-2.59375], [-10.875], [-2.5], [-0.9609375], [-2.0625], [-3.765625], [-5.28125], [-3.15625], [-1.5859375], [-1.8828125], [-1.6640625], [-8.875], [-2.609375], [-6.28125], [-2.1875], [-3.875], [-3.609375], [-5.625], [-4.90625], [-2.46875], [-2.984375], [-2.796875], [-6.875], [-6.84375], [-2.265625], [-2.453125], [-1.6015625], [-5.15625], [-3.953125], [-4.1875], [-3.40625], [-5.28125], [-3.078125], [-0.69140625], [-5.25], [-0.734375], [-1.21875], [-3.859375], [-1.375], [-2.984375], [-3.6875], [-7.0625], [-5.9375], [-5.125], [-3.015625], [-4.8125], [-7.125], [-2.875], [-3.65625], [-2.125], [-5.125], [-9.8125], [-5.21875], [-1.7109375], [-4.28125], [-9.9375], [-3.078125], [-4.8125], [-3.671875], [-2.609375], [-5.5], [-5.03125], [-2.3125], [-2.71875], [-4.625], [-2.546875], [-2.5], [-1.359375], [-5.03125], [-2.828125], [-2.234375], [-8.25], [-3.5], [-2.71875], [-1.0625], [-4.03125], [-2.640625], [-6.15625], [-6.9375], [-2.296875], [-6.59375], [-1.7578125], [-2.78125], [-3.65625], [-3.5625], [-0.5546875], [-1.921875], [-3.3125], [-10.6875], [-3.40625], [-1.6953125], [-4.28125], [-7.59375], [-2.84375], [1.4453125], [-0.07373046875], [-2.828125], [-2.09375], [-2.796875], [-3.3125], [-2.8125], [-8.8125], [-4.1875], [-1.2578125], [-3.75], [-3.40625], [-2.4375], [-2.1875], [-3.25], [-1.375], [-2.4375], [-2.8125], [-7.46875], [-6.125]], "openai/webgpt_comparisons": [[-2.203125], [0.2275390625], [-2.171875], [-1.0625], [-2.921875], [-0.1474609375], [-2.578125], [0.64453125], [-2.0625], [-0.59375], [-3.109375], [-0.59375], [0.88671875], [-2.515625], [-2.828125], [-2.28125], [-0.609375], [-0.45703125], [-2.203125], [-2.203125], [-3.875], [-3.6875], [-2.4375], [-2.265625], [-3.15625], [-4.15625], [-0.6328125], [-0.5], [-2.359375], [-2.390625], [-1.5625], [-2.484375], [-1.0], [-0.7890625], [-3.328125], [-2.0], [-1.7109375], [-2.921875], [-3.0], [-1.703125], [-0.376953125], [-2.421875], [-1.640625], [1.9375], [-1.796875], [-5.125], [1.5859375], [-2.75], [-2.578125], [-1.1796875], [-1.859375], [-1.046875], [-1.78125], [-1.1484375], [-2.171875], [-0.1728515625], [-3.0], [-1.5078125], [-1.6640625], [-0.58984375], [2.140625], [-1.7890625], [-0.400390625], [-2.265625], [-2.8125], [-1.2265625], [-1.8125], [-1.9765625], [-0.94140625], [-2.390625], [-2.53125], [-1.3359375], [-1.6953125], [1.4296875], [-0.82421875], [-0.94921875], [-1.796875], [-2.234375], [-2.390625], [0.203125], [-4.28125], [-2.484375], [-0.50390625], [-3.234375], [-1.7265625], [-2.75], [-2.484375], [-2.265625], [-0.33203125], [-0.546875], [0.09619140625], [-2.15625], [-2.71875], [-2.421875], [-2.15625], [-3.296875], [-2.015625], [-1.7578125], [-0.80859375], [-2.40625], [-2.109375], [-1.84375], [-0.53515625], [-1.9765625], [-2.796875], [-2.328125], [-2.859375], [-2.796875], [-1.8828125], [-2.0], [0.478515625], [-2.140625], [-0.322265625], [-2.890625], [-0.8984375], [-2.78125], [-2.625], [-3.296875], [-2.65625], [-1.65625], [-3.625], [-3.359375], [-2.875], [-1.703125], [-3.6875], [-2.8125], [-2.96875], [1.078125]]}
