{"anthropic-red-team": [[-2.53125], [-5.6875], [-2.59375], [-3.296875], [-2.828125], [-2.5], [-2.765625], [-4.75], [-5.03125], [-6.75], [-1.984375], [-2.359375], [-1.765625], [-2.0625], [-5.3125], [-2.84375], [-2.171875], [-3.375], [-2.0], [-2.875], [-3.75], [-2.5625], [-1.4609375], [-6.1875], [-1.4296875], [-3.671875], [0.62109375], [-10.0625], [-3.0625], [-2.0625], [-2.390625], [-3.046875], [-3.484375], [-3.953125], [-3.765625], [-5.625], [-2.25], [-2.3125], [-1.484375], [-4.78125], [-8.0625], [-6.46875], [-1.2578125], [-2.921875], [-2.84375], [-4.65625], [-1.8984375], [-1.5859375], [-1.4765625], [-4.65625], [-3.046875], [-4.03125], [-4.03125], [-3.1875], [-1.7421875], [-2.25], [-2.25], [-4.25], [-1.8984375], [-3.984375], [-1.578125], [-2.09375], [-2.203125], [-1.65625], [-2.671875], [-6.0625], [-7.8125], [-3.4375], [-3.140625], [-3.15625], [-5.40625], [-1.78125], [-2.71875], [-6.5625], [-3.78125], [-2.078125], [-1.90625], [-2.28125], [-2.515625], [-3.46875], [-6.875], [-3.234375], [-5.34375], [-6.53125], [-8.5], [-2.203125], [-3.078125], [-1.8203125], [-6.15625], [-6.875], [-4.03125], [-5.40625], [-1.421875], [-1.0234375], [-1.578125], [-2.375], [-2.140625], [-2.359375], [-2.203125], [-1.4453125], [-1.96875], [-3.84375], [-3.734375], [-2.21875], [-1.78125], [-1.890625], [-1.484375], [-1.671875], [-3.65625], [-9.0], [-1.9140625], [-7.28125], [-3.3125], [-1.96875], [-3.015625], [-2.25], [-9.75], [-4.1875], [-1.203125], [-0.12890625], [-2.59375], [-5.65625], [-3.453125], [-6.0], [-8.9375], [-1.484375], [-5.75], [-1.6796875]], "anthropic-helpful-base": [[3.1875], [-0.71484375], [1.515625], [-3.515625], [-2.453125], [-1.796875], [0.287109375], [-0.189453125], [-2.5], [2.375], [0.328125], [0.84765625], [1.453125], [0.083984375], [-1.859375], [3.09375], [-1.0625], [3.25], [0.439453125], [-0.404296875], [1.6640625], [-0.06982421875], [0.8671875], [-1.3828125], [-2.15625], [0.23046875], [-2.484375], [0.73828125], [2.765625], [2.671875], [0.83984375], [2.59375], [1.5625], [1.078125], [3.03125], [-3.5], [-1.3046875], [2.421875], [-2.953125], [-2.765625], [2.75], [1.75], [1.6875], [0.8828125], [2.40625], [1.59375], [1.328125], [1.0234375], [3.609375], [1.09375], [-2.734375], [2.84375], [1.171875], [2.59375], [-4.46875], [1.90625], [0.423828125], [-0.6796875], [1.921875], [-1.859375], [0.10400390625], [-1.4296875], [-1.28125], [1.890625], [0.5703125], [1.828125], [-0.3203125], [-1.578125], [1.1875], [1.3984375], [-0.2470703125], [-1.5234375], [-3.1875], [3.625], [-1.515625], [1.6875], [2.546875], [-0.36328125], [-0.62109375], [-1.1640625], [0.98828125], [3.234375], [0.578125], [2.9375], [0.205078125], [1.9453125], [2.75], [-2.234375], [0.84375], [-2.671875], [-0.40234375], [0.88671875], [2.765625], [-0.99609375], [1.5], [2.015625], [-1.6484375], [1.234375], [-0.66015625], [1.4765625], [-0.84765625], [0.609375], [-2.5], [1.7578125], [3.671875], [-0.2734375], [1.21875], [3.71875], [-1.3125], [2.5625], [-0.70703125], [-2.109375], [1.359375], [2.6875], [-2.671875], [-1.3984375], [-1.8359375], [-2.078125], [2.15625], [-0.1337890625], [1.4765625], [2.21875], [-5.5], [1.140625], [1.46875], [2.828125], [0.859375], [2.796875]], "anthropic-harmless-base": [[-3.59375], [-8.0], [-6.34375], [-1.0390625], [-4.1875], [-2.0], [-5.875], [-2.453125], [-8.25], [-1.0546875], [-2.78125], [1.359375], [-2.609375], [-8.0], [-2.21875], [-11.4375], [-4.34375], [-1.3671875], [-1.09375], [-5.03125], [-4.46875], [-9.0], [-3.546875], [-2.25], [-3.890625], [-8.0625], [-2.890625], [-5.96875], [-2.015625], [-3.421875], [-4.1875], [-4.625], [-3.765625], [-4.0625], [-3.234375], [-3.65625], [-4.34375], [-2.234375], [-2.28125], [-2.296875], [-1.5859375], [-5.75], [-3.5], [-9.625], [-4.0625], [-7.90625], [-4.40625], [-1.0859375], [-2.984375], [-0.79296875], [-2.59375], [-4.375], [-1.7421875], [-3.3125], [-2.921875], [-5.84375], [-6.8125], [-4.0625], [-3.046875], [-2.421875], [-8.3125], [-1.171875], [-4.5], [-8.5], [-8.75], [-1.2421875], [-2.21875], [-2.046875], [-4.0625], [-9.5], [-4.25], [-5.96875], [-3.265625], [-1.9140625], [-5.5625], [-5.09375], [-9.3125], [-3.515625], [-5.21875], [-2.953125], [-6.21875], [-2.203125], [-1.84375], [-2.265625], [-2.859375], [-7.90625], [-8.375], [-2.3125], [-1.078125], [-4.03125], [-2.65625], [-4.96875], [-7.34375], [-1.609375], [-6.1875], [-1.7890625], [-2.796875], [-6.84375], [-3.515625], [-0.5703125], [-1.765625], [-4.21875], [-10.4375], [-2.5], [-2.5625], [-6.1875], [-6.875], [-2.453125], [2.140625], [-0.18359375], [-3.671875], [-1.3984375], [-3.59375], [-9.0], [-5.09375], [-9.4375], [-4.40625], [-2.9375], [-4.15625], [-3.609375], [-5.5], [-3.953125], [-2.765625], [-2.109375], [-2.296875], [-3.046875], [-7.3125], [-6.75]], "openai/webgpt_comparisons": [[-1.265625], [-0.162109375], [-1.375], [-2.46875], [-1.53125], [-2.40625], [-0.5859375], [0.79296875], [-1.2734375], [-3.0625], [-2.90625], [-1.609375], [1.1875], [-2.546875], [-2.8125], [-2.25], [0.75390625], [-0.2412109375], [-3.0], [-0.95703125], [-3.828125], [-3.328125], [-2.5], [-1.59375], [-3.453125], [-4.0], [-1.875], [-0.95703125], [-2.1875], [-0.99609375], [-1.6875], [-2.53125], [-1.21875], [-2.65625], [-3.40625], [-2.53125], [-2.046875], [-2.875], [-0.55078125], [-3.59375], [-2.546875], [-2.71875], [-1.5], [2.75], [-2.84375], [-5.09375], [1.3125], [-2.234375], [-2.28125], [-1.15625], [-2.71875], [-1.546875], [-3.0625], [-2.078125], [-2.90625], [0.455078125], [-3.125], [-2.578125], [-2.625], [-0.7265625], [-2.484375], [-1.796875], [-0.34375], [-2.359375], [-2.6875], [-1.34375], [-1.140625], [-2.09375], [-0.66015625], [-1.5390625], [-1.1328125], [-1.203125], [-0.73046875], [1.6328125], [-0.921875], [-0.93359375], [-2.671875], [-1.5859375], [-1.0703125], [0.291015625], [-4.25], [-2.296875], [-0.5234375], [-2.609375], [-2.9375], [0.453125], [-2.484375], [-2.25], [0.482421875], [-0.51953125], [-1.953125], [-2.0625], [-2.390625], [-3.015625], [-2.5625], [-2.046875], [-2.140625], [-2.484375], [-2.453125], [-2.453125], [-2.21875], [-1.6875], [-0.373046875], [-1.8125], [-2.8125], [-1.9609375], [-2.90625], [-4.5625], [-1.3046875], [-1.234375], [0.1708984375], [-3.203125], [-0.41796875], [-2.703125], [-0.71875], [-2.28125], [-2.0625], [-3.296875], [-2.625], [-1.65625], [-3.609375], [-2.96875], [-2.890625], [-2.296875], [-3.984375], [-2.828125], [-2.71875], [-0.79296875]]}
