{"anthropic-red-team": [[-2.171875], [-6.4375], [-2.046875], [-4.125], [-2.984375], [-1.5234375], [-2.09375], [-2.140625], [-4.5625], [-6.125], [-1.609375], [-5.9375], [-2.703125], [-2.703125], [-5.46875], [-2.0625], [-2.15625], [-2.203125], [-1.8203125], [-3.375], [-5.15625], [-2.515625], [-2.25], [-1.6796875], [-1.2578125], [-1.6953125], [-2.84375], [-10.3125], [-1.3359375], [-2.109375], [-2.296875], [-2.265625], [-2.890625], [-3.328125], [-2.375], [-6.0625], [-2.40625], [-2.390625], [-1.6484375], [-3.078125], [-8.375], [-2.46875], [1.3359375], [-2.625], [-2.78125], [-5.25], [-2.0], [-2.5], [-2.046875], [-3.703125], [-1.5625], [-2.3125], [-3.890625], [-7.46875], [-1.6328125], [-2.109375], [-2.34375], [-7.1875], [-1.390625], [-1.328125], [-1.15625], [-2.015625], [-2.078125], [-1.3984375], [-2.578125], [-5.5], [-7.90625], [-2.1875], [-2.234375], [-2.265625], [-2.53125], [-2.90625], [-2.328125], [-2.4375], [-3.796875], [-2.03125], [-2.203125], [-7.21875], [-2.484375], [-2.84375], [-7.15625], [-3.1875], [-5.1875], [-6.25], [-8.6875], [-1.9765625], [-1.53125], [-2.21875], [-3.03125], [-9.3125], [-3.1875], [-6.03125], [-2.4375], [-6.8125], [-2.15625], [-2.34375], [-1.328125], [-4.84375], [-1.578125], [-2.125], [-1.40625], [-2.953125], [-1.609375], [-2.40625], [-1.8359375], [-2.109375], [-1.90625], [-1.859375], [-2.359375], [-1.6015625], [-2.203125], [-7.125], [-2.71875], [-1.75], [-2.65625], [-2.359375], [-10.75], [-4.15625], [-1.6328125], [-2.265625], [-2.859375], [-3.59375], [-3.421875], [-5.21875], [-1.984375], [-6.8125], [-5.28125], [-1.1953125]], "anthropic-helpful-base": [[2.78125], [-1.875], [0.87109375], [-2.890625], [0.3984375], [-2.609375], [0.154296875], [-0.158203125], [-1.9765625], [2.328125], [-2.34375], [0.53125], [0.474609375], [0.51953125], [-2.28125], [2.6875], [-1.109375], [2.4375], [-2.640625], [-1.3046875], [1.484375], [-0.57421875], [-0.259765625], [-3.375], [-2.9375], [-0.8828125], [-3.515625], [0.86328125], [3.15625], [-2.5625], [2.90625], [1.7265625], [2.09375], [0.71875], [2.796875], [-3.265625], [-1.6484375], [2.796875], [-0.19921875], [-2.78125], [2.46875], [1.28125], [2.984375], [1.1953125], [0.62890625], [0.384765625], [0.81640625], [1.1015625], [3.53125], [1.2109375], [-3.8125], [3.15625], [1.28125], [3.0], [-4.84375], [1.609375], [0.498046875], [-1.328125], [1.6796875], [-0.4765625], [0.46484375], [-1.671875], [0.259765625], [-2.078125], [0.2265625], [-2.40625], [-2.6875], [-0.60546875], [-0.78515625], [0.43359375], [1.078125], [-1.046875], [-2.125], [-2.859375], [-2.796875], [2.984375], [2.046875], [-0.3125], [-1.0859375], [-0.88671875], [1.2109375], [3.40625], [0.3203125], [-2.390625], [0.412109375], [2.109375], [2.6875], [-1.8671875], [0.55078125], [-2.640625], [-0.27734375], [1.0546875], [2.03125], [0.035400390625], [1.4765625], [-1.546875], [-2.140625], [1.203125], [-0.75390625], [1.4140625], [-1.375], [0.3046875], [0.4765625], [1.8515625], [3.828125], [-0.408203125], [1.421875], [3.78125], [-1.9765625], [1.3046875], [-1.1171875], [1.0625], [1.0703125], [2.953125], [-2.828125], [-1.234375], [-1.1328125], [-2.09375], [1.953125], [-0.051025390625], [-0.4609375], [-0.69921875], [-6.1875], [1.1484375], [-0.578125], [2.390625], [-2.5625], [2.40625]], "anthropic-harmless-base": [[-1.921875], [-2.3125], [-6.5625], [-0.55859375], [-4.53125], [-1.375], [-1.7421875], [-2.609375], [-8.3125], [-1.125], [-2.34375], [0.5546875], [-5.71875], [-7.34375], [-2.015625], [-11.0], [-1.671875], [-2.53125], [-1.828125], [-1.234375], [-6.0], [-1.96875], [-1.5], [-6.875], [-1.1328125], [-1.65625], [-2.71875], [-6.15625], [-2.078125], [-3.453125], [-4.09375], [-4.40625], [-4.8125], [-2.4375], [-2.828125], [-1.953125], [-9.25], [-1.984375], [-2.46875], [-1.0390625], [-1.46875], [-6.0], [-4.125], [-3.359375], [-4.15625], [-1.1171875], [-3.203125], [-0.9296875], [-3.21875], [-0.828125], [-2.21875], [-4.125], [-1.109375], [-4.09375], [-1.3671875], [-7.65625], [-1.8046875], [-3.96875], [-2.984375], [-2.390625], [-6.59375], [-2.296875], [-3.734375], [-2.390625], [-5.1875], [-1.5546875], [-2.40625], [-1.0390625], [-4.125], [-9.0625], [-2.453125], [-4.71875], [-2.671875], [-2.203125], [-1.640625], [-3.9375], [-9.375], [-2.609375], [-1.640625], [-2.828125], [-2.6875], [-2.078125], [-2.390625], [-1.8984375], [-2.28125], [-8.6875], [-3.15625], [-4.15625], [-1.78125], [-4.96875], [-1.921875], [-5.5625], [-7.125], [-1.9609375], [-2.203125], [-1.3046875], [-2.125], [-3.75], [-3.359375], [-0.6015625], [-1.8125], [-5.15625], [-2.71875], [-2.53125], [-1.140625], [-5.90625], [-2.578125], [-3.25], [1.421875], [-1.5625], [-4.21875], [-1.15625], [-2.96875], [-9.875], [-2.75], [-4.09375], [-4.6875], [-1.375], [-2.0625], [-1.796875], [-2.015625], [-2.875], [-1.78125], [-2.0625], [-1.890625], [-4.28125], [-7.15625], [-2.015625]], "openai/webgpt_comparisons": [[-2.1875], [-2.484375], [-0.5390625], [-2.421875], [-2.609375], [-2.265625], [-1.7890625], [-0.380859375], [-2.046875], [-0.88671875], [-2.859375], [-2.875], [1.0625], [-2.328125], [-2.59375], [-2.359375], [-1.4609375], [-2.484375], [-3.203125], [-0.451171875], [-4.3125], [-2.4375], [-2.765625], [-0.11865234375], [-0.51171875], [-3.859375], [-1.7265625], [-0.49609375], [-2.484375], [-2.046875], [-1.484375], [-2.546875], [-1.3359375], [-0.23828125], [-3.28125], [-2.328125], [-2.03125], [-2.75], [-2.609375], [-1.5703125], [-1.265625], [-2.484375], [-1.765625], [-3.234375], [-2.5], [-4.875], [0.9765625], [-2.671875], [-2.1875], [-1.1640625], [-1.6953125], [-1.203125], [-1.8359375], [-2.78125], [-2.0625], [-2.40625], [-3.3125], [-2.484375], [-2.796875], [-0.5234375], [-2.59375], [-2.3125], [-0.0255126953125], [-0.5], [-2.6875], [-0.047119140625], [-1.4765625], [-2.40625], [-0.828125], [-1.734375], [-1.109375], [-1.390625], [-2.578125], [-2.828125], [-1.25], [-0.921875], [-2.546875], [-2.984375], [-1.171875], [-2.484375], [-4.4375], [-1.703125], [-0.70703125], [-3.0], [-2.859375], [-2.34375], [-1.921875], [-2.9375], [-2.203125], [-2.375], [-0.515625], [-2.140625], [-2.71875], [-2.640625], [-2.296875], [-3.078125], [-1.0234375], [-2.59375], [-2.890625], [-2.546875], [-2.09375], [-2.296875], [-1.3359375], [-1.7421875], [-2.796875], [-2.40625], [-2.15625], [-5.90625], [-1.6875], [-1.921875], [0.35546875], [-4.125], [-1.4765625], [-2.15625], [-2.5625], [-2.765625], [-2.59375], [-2.953125], [-2.625], [-1.90625], [-4.03125], [-3.03125], [-2.765625], [-2.296875], [-3.375], [-2.625], [-2.296875], [-2.1875]]}
