{"anthropic-red-team": [[-2.671875], [-8.4375], [-5.03125], [-2.859375], [-2.296875], [-1.375], [-1.5703125], [-4.5], [-2.28125], [-6.0625], [-1.296875], [-1.890625], [-1.3671875], [-1.7890625], [-4.96875], [-4.875], [-1.2109375], [-3.328125], [-1.890625], [-1.046875], [-3.65625], [-8.5625], [-1.109375], [-6.15625], [-1.3203125], [-3.6875], [0.6640625], [-2.015625], [-2.34375], [-1.8671875], [-3.4375], [-4.28125], [-3.484375], [-5.40625], [-1.6875], [-3.71875], [-2.140625], [-1.75], [-7.65625], [-1.34375], [-9.25], [-3.046875], [-0.64453125], [-2.3125], [-2.953125], [-5.21875], [-1.203125], [-1.234375], [-1.3125], [-5.8125], [-1.8984375], [-6.8125], [-1.1171875], [-2.125], [-1.6953125], [-2.828125], [-3.109375], [-1.7734375], [-6.4375], [-2.609375], [-2.75], [-3.328125], [-1.4375], [-5.96875], [-3.34375], [-0.453125], [-3.09375], [-2.328125], [-3.234375], [-2.796875], [-2.296875], [-1.765625], [-4.8125], [-6.15625], [-2.203125], [-1.34375], [-3.140625], [-1.4453125], [-2.3125], [-3.0625], [-2.6875], [-8.375], [-4.4375], [-1.1953125], [-4.1875], [-1.203125], [-1.203125], [-1.75], [-2.140625], [-3.671875], [-3.171875], [-1.9921875], [-0.73828125], [-1.0234375], [-3.859375], [-1.6015625], [-0.79296875], [-2.34375], [-7.6875], [-3.09375], [-9.5], [-1.40625], [-2.96875], [-3.609375], [-4.09375], [-1.890625], [-1.65625], [-1.3984375], [-2.484375], [-0.97265625], [-2.0], [-1.921875], [-3.46875], [-1.5546875], [-2.921875], [-2.875], [-5.375], [-3.90625], [-6.875], [-1.203125], [-1.7265625], [-2.28125], [-1.1640625], [-5.46875], [-1.4453125], [-1.0546875], [-6.46875], [-3.5625]], "anthropic-helpful-base": [[1.390625], [-2.6875], [0.76171875], [-3.5], [-2.296875], [-1.6171875], [-0.88671875], [-0.259765625], [-1.984375], [2.953125], [-1.921875], [-1.1796875], [-0.019775390625], [-1.359375], [-1.921875], [1.6953125], [-2.546875], [1.609375], [-1.4375], [-1.0078125], [0.6171875], [0.78515625], [-0.8828125], [-2.265625], [-2.40625], [-2.0], [-1.9453125], [-1.6328125], [1.7421875], [-2.5], [-1.234375], [-0.453125], [1.609375], [-1.3515625], [-0.84375], [-1.4140625], [-1.171875], [1.59375], [-0.515625], [-2.046875], [-2.0], [-0.9453125], [-1.8046875], [-1.1953125], [-1.3828125], [-2.3125], [-1.3984375], [0.12353515625], [-1.328125], [-3.578125], [-1.953125], [-1.6484375], [0.98828125], [2.546875], [-5.78125], [1.5], [-1.4453125], [-1.5546875], [-1.7421875], [-1.5546875], [-1.7734375], [-1.9296875], [-2.171875], [-1.953125], [-0.97265625], [-0.87890625], [-2.234375], [-2.0625], [-2.078125], [-0.404296875], [-3.109375], [-1.515625], [-1.734375], [-1.5234375], [-2.390625], [-1.3984375], [-1.765625], [-2.296875], [-1.796875], [-1.265625], [0.06005859375], [-1.4765625], [0.45703125], [-1.1875], [-0.62109375], [-1.75], [2.0625], [-6.15625], [-1.0625], [-2.71875], [-1.9296875], [-2.75], [-1.9453125], [-2.796875], [-1.1796875], [-1.8203125], [-1.4140625], [-0.91796875], [-2.21875], [-2.890625], [-1.78125], [-1.296875], [-1.21875], [-1.046875], [1.8984375], [-2.390625], [-2.578125], [-0.2255859375], [-0.9921875], [-1.7578125], [-0.91015625], [-1.234375], [0.8046875], [3.0625], [-3.609375], [-2.453125], [-2.90625], [1.2890625], [-0.8515625], [-1.1171875], [-1.4375], [-1.015625], [-2.96875], [0.984375], [-0.7109375], [-3.1875], [-2.140625], [-1.1875]], "anthropic-harmless-base": [[-1.1484375], [-1.46875], [-2.40625], [-1.0625], [-1.9140625], [-8.6875], [-1.4921875], [-1.953125], [-6.3125], [-1.7578125], [-1.6875], [-1.5390625], [-1.578125], [-0.8359375], [-1.8359375], [-11.625], [-5.59375], [-2.671875], [-3.390625], [-1.34375], [-1.734375], [-7.1875], [-2.0], [-5.8125], [-3.671875], [-0.890625], [-1.5078125], [-2.546875], [-6.34375], [-3.828125], [-1.78125], [-3.390625], [-4.53125], [-1.5390625], [-4.03125], [-2.890625], [-1.0546875], [-6.53125], [-2.203125], [-1.9296875], [-1.6171875], [-6.4375], [-2.34375], [-6.9375], [-2.203125], [-0.90234375], [-3.65625], [-1.96875], [-1.1796875], [-0.49609375], [-4.0625], [-5.8125], [-1.203125], [-6.15625], [-1.265625], [-1.8671875], [-1.2890625], [-2.3125], [-3.078125], [-1.5703125], [-1.2109375], [-2.0625], [-3.5], [-1.265625], [-6.5625], [-1.5234375], [-1.484375], [-2.65625], [-2.8125], [-2.484375], [-2.328125], [-6.21875], [-1.984375], [-1.9765625], [-1.03125], [-3.5625], [-1.1875], [-2.28125], [-6.96875], [-1.6015625], [-2.578125], [-1.6796875], [-4.96875], [-1.4453125], [-3.203125], [-1.3203125], [-2.640625], [-1.078125], [-2.3125], [-1.6328125], [-1.46875], [-1.578125], [-7.15625], [-0.98046875], [-1.4453125], [-1.9140625], [-2.375], [-3.046875], [-1.25], [-0.54296875], [-2.59375], [-6.6875], [-4.59375], [-1.984375], [-2.140625], [-2.328125], [-2.03125], [-1.578125], [-1.8984375], [-1.03125], [-2.171875], [-6.125], [-1.890625], [-2.484375], [-7.09375], [-8.3125], [-0.453125], [-1.2421875], [-1.34375], [-1.4453125], [-4.78125], [-4.0], [-1.5], [-2.078125], [-1.734375], [-5.96875], [-1.4453125], [-1.2421875]], "openai/webgpt_comparisons": [[-2.5625], [-1.875], [-2.40625], [-1.71875], [-1.7578125], [-2.421875], [-1.7890625], [-2.578125], [-1.046875], [-3.03125], [-2.734375], [-1.359375], [-0.1513671875], [-2.09375], [-2.765625], [-2.25], [-1.7109375], [-0.93359375], [-1.8828125], [-1.8359375], [-0.8515625], [-1.0625], [-0.32421875], [-1.84375], [-2.78125], [-6.03125], [-1.953125], [-1.734375], [-2.125], [-1.46875], [-1.4609375], [-2.515625], [-2.15625], [-1.0546875], [-2.875], [-2.71875], [-1.5859375], [-2.296875], [-2.171875], [-1.6875], [-2.921875], [-2.0625], [-1.75], [0.59375], [-1.59375], [-4.71875], [0.318359375], [-2.390625], [-1.96875], [-1.6796875], [-2.78125], [-2.3125], [-2.84375], [-2.140625], [-3.03125], [-2.203125], [-3.15625], [-1.875], [-2.6875], [-1.78125], [2.328125], [-1.375], [-0.54296875], [-2.53125], [-1.953125], [-1.4453125], [-1.734375], [-2.0], [-1.140625], [-0.2373046875], [-2.390625], [-1.6953125], [-1.3046875], [-0.70703125], [-2.1875], [-1.546875], [-1.0234375], [-1.9375], [-1.34375], [-0.8671875], [-3.421875], [-3.125], [-1.140625], [-2.296875], [-1.328125], [-0.080078125], [-1.46875], [-2.828125], [-1.859375], [-2.15625], [-0.443359375], [-2.140625], [-2.25], [-2.234375], [-1.984375], [-2.328125], [-2.375], [-2.234375], [-1.5625], [-2.09375], [-2.046875], [-1.421875], [-2.25], [-2.25], [-1.8125], [-1.546875], [-4.0625], [-4.46875], [-2.3125], [-1.5625], [-0.2890625], [-4.5], [-0.5390625], [-2.09375], [-2.328125], [-2.171875], [-1.828125], [-1.421875], [-2.546875], [-3.03125], [-1.390625], [-3.390625], [-1.953125], [-2.671875], [-2.515625], [-2.453125], [-1.796875], [-1.40625]]}
