{"anthropic-red-team": [[-2.203125], [-5.96875], [-5.625], [-4.09375], [-2.171875], [-1.765625], [-2.125], [-2.140625], [-5.03125], [-6.8125], [-2.0], [-2.375], [-2.546875], [-1.53125], [-5.21875], [-2.25], [-2.171875], [-3.6875], [-1.5390625], [-2.609375], [-3.65625], [-9.0], [-0.68359375], [-6.09375], [-1.4140625], [-3.390625], [0.55078125], [-9.8125], [-3.3125], [-2.109375], [-1.96875], [-3.671875], [-2.171875], [-3.03125], [-3.25], [-6.0625], [-2.40625], [-1.7109375], [-3.3125], [-4.9375], [-7.4375], [-1.8984375], [1.140625], [-2.890625], [-2.78125], [-4.84375], [-2.03125], [-1.2734375], [-0.6875], [-4.5625], [-2.046875], [-2.921875], [-3.921875], [-2.953125], [-3.015625], [-3.3125], [-2.703125], [-6.0625], [-5.25], [-1.9375], [-0.12060546875], [-1.7890625], [-2.59375], [-2.484375], [-1.9921875], [-5.28125], [-3.46875], [-6.0], [-2.75], [-2.171875], [-2.1875], [-2.90625], [-4.03125], [-2.46875], [-3.953125], [-2.015625], [-2.828125], [-2.03125], [-2.515625], [-4.53125], [-6.78125], [-4.90625], [-5.0], [-7.59375], [-7.78125], [-4.0625], [-3.484375], [-2.296875], [-2.046875], [-8.75], [-4.6875], [-5.03125], [-2.8125], [-1.8203125], [-1.546875], [-2.171875], [-2.1875], [-2.3125], [-2.984375], [-4.3125], [-3.203125], [-2.984375], [-4.3125], [-2.921875], [-2.578125], [-1.859375], [-1.9453125], [-2.15625], [-3.484375], [-8.25], [-2.234375], [-7.40625], [-2.21875], [-2.0], [-3.03125], [-2.34375], [-10.75], [-4.15625], [-1.515625], [-0.6328125], [-2.875], [-3.640625], [-3.453125], [-5.25], [-2.8125], [-1.53125], [-5.15625], [-1.0078125]], "anthropic-helpful-base": [[2.40625], [-0.6796875], [1.3828125], [-3.328125], [-2.390625], [1.1484375], [0.55859375], [0.27734375], [-1.921875], [2.828125], [-0.5234375], [1.421875], [1.2734375], [1.2734375], [-1.4765625], [2.640625], [-1.0234375], [3.4375], [-0.48046875], [-1.0859375], [1.3125], [-0.220703125], [0.3828125], [-3.5], [-2.6875], [0.39453125], [-4.21875], [0.4140625], [2.859375], [2.640625], [3.609375], [2.828125], [1.7890625], [0.8828125], [3.171875], [-3.625], [-0.6328125], [3.0], [-2.703125], [-2.875], [-0.69140625], [-0.3515625], [2.453125], [1.09375], [1.75], [1.7578125], [0.5390625], [0.61328125], [3.421875], [2.34375], [-2.578125], [2.875], [1.15625], [2.828125], [-5.125], [1.9921875], [-0.039794921875], [-1.3046875], [0.37890625], [-0.91796875], [0.44140625], [-1.6171875], [0.453125], [1.6015625], [0.224609375], [1.90625], [-0.337890625], [0.90234375], [0.396484375], [0.93359375], [-2.71875], [-1.046875], [-2.40625], [4.28125], [-1.71875], [3.4375], [2.359375], [-0.49609375], [-1.0546875], [-0.8046875], [0.1123046875], [3.546875], [0.609375], [2.9375], [1.234375], [1.015625], [2.625], [-1.953125], [0.7734375], [-2.71875], [-0.58203125], [0.7109375], [2.1875], [0.142578125], [0.703125], [1.9765625], [-1.0546875], [-2.328125], [-0.486328125], [0.6328125], [-0.9140625], [-1.3828125], [-1.2109375], [1.7265625], [3.765625], [-0.06494140625], [1.6015625], [-1.5390625], [1.4609375], [2.3125], [-0.1884765625], [-1.6484375], [0.61328125], [3.46875], [-2.71875], [-1.2578125], [-1.6484375], [2.078125], [1.7578125], [-0.2001953125], [1.1484375], [1.8828125], [-5.5625], [0.98046875], [1.890625], [2.484375], [0.609375], [2.421875]], "anthropic-harmless-base": [[-3.359375], [-2.3125], [-6.5625], [-1.0390625], [-4.71875], [-2.4375], [-8.1875], [-2.953125], [-7.1875], [-0.97265625], [-5.3125], [0.0966796875], [-2.625], [-8.0], [-2.765625], [-2.6875], [-3.015625], [-1.3515625], [-1.6484375], [-0.984375], [-6.40625], [-3.625], [-5.40625], [-7.25], [-1.6796875], [-8.8125], [-2.703125], [-6.59375], [-2.0625], [-3.15625], [-3.171875], [-4.46875], [-4.875], [-2.375], [-3.875], [-2.09375], [-6.625], [-2.28125], [-2.40625], [-2.21875], [-1.7578125], [-4.0625], [-4.375], [-2.5], [-3.84375], [-7.5], [-1.7421875], [-2.171875], [-3.53125], [-0.8359375], [-8.5], [-4.875], [-1.453125], [-2.90625], [-4.03125], [-1.3828125], [-4.46875], [-5.40625], [-2.671875], [-2.5625], [-5.0625], [-1.453125], [-4.4375], [-3.140625], [-8.0], [-9.375], [-2.71875], [-1.7578125], [-2.859375], [-9.0625], [-1.6015625], [-5.0], [-3.71875], [-2.375], [-6.21875], [-3.8125], [-1.0234375], [-5.125], [-4.0625], [-2.796875], [-2.8125], [-2.203125], [-5.375], [-0.65625], [-2.15625], [-8.5], [-8.125], [-3.6875], [-1.296875], [-3.5625], [-1.84375], [-4.40625], [-7.28125], [-2.09375], [-5.9375], [-1.640625], [-4.09375], [-5.03125], [-3.0625], [-0.609375], [-3.296875], [-6.625], [-10.375], [-2.8125], [-1.21875], [-5.125], [-7.96875], [-2.515625], [1.015625], [-0.3984375], [-4.4375], [-0.23046875], [-2.984375], [-7.9375], [-2.53125], [-4.59375], [-4.375], [-1.0390625], [-3.390625], [-3.984375], [-5.0], [-3.921875], [-3.375], [-3.40625], [-2.78125], [-2.796875], [-7.625], [-4.15625]], "openai/webgpt_comparisons": [[-1.765625], [0.345703125], [-1.3671875], [-2.578125], [-1.953125], [-2.4375], [0.1904296875], [0.53125], [-1.96875], [-1.1953125], [-2.71875], [-2.21875], [1.1875], [-2.375], [-2.375], [-1.9765625], [-0.78515625], [-1.875], [-2.84375], [-2.796875], [-3.75], [-2.28125], [-2.671875], [-0.45703125], [-2.984375], [-4.21875], [-1.765625], [-0.8828125], [-2.296875], [-2.234375], [-1.703125], [-2.578125], [-1.4140625], [-0.5], [-3.203125], [-2.5625], [-1.6328125], [-2.65625], [-2.078125], [-1.65625], [-0.8046875], [-2.21875], [-1.7734375], [3.0], [-2.859375], [-5.0625], [-1.7578125], [-2.6875], [-2.40625], [-2.828125], [-2.65625], [-1.4609375], [-2.859375], [-3.546875], [-4.15625], [-0.6640625], [-2.671875], [-2.0], [-2.59375], [-0.1162109375], [-2.3125], [-1.9296875], [-0.0272216796875], [-2.5], [-2.484375], [-1.6796875], [-1.796875], [-2.5625], [-1.1484375], [-1.5546875], [-1.71875], [-1.3359375], [-1.9921875], [1.359375], [-1.2734375], [-1.8984375], [-2.234375], [-1.734375], [-0.390625], [-2.0625], [-4.0], [-2.625], [-0.6484375], [-3.296875], [-2.8125], [-2.453125], [-2.421875], [-2.625], [-2.140625], [-2.46875], [-0.392578125], [-2.1875], [-0.9296875], [-1.921875], [-1.9296875], [-3.125], [-2.390625], [-2.34375], [-2.640625], [-2.515625], [-2.078125], [-1.3671875], [-0.3359375], [-3.0625], [-2.734375], [-1.75], [-3.0], [-3.390625], [-1.984375], [-2.0625], [0.50390625], [-2.734375], [-1.46875], [-2.25], [-0.6484375], [-2.5625], [-2.171875], [-3.0625], [-2.078125], [-1.6875], [-3.5625], [-3.34375], [-2.71875], [-1.5234375], [-2.9375], [-2.703125], [-1.4453125], [-1.640625]]}
