{"anthropic-red-team": [[-2.96875], [-6.53125], [-2.15625], [-3.859375], [-3.28125], [-5.125], [-2.140625], [-2.3125], [-4.59375], [-6.53125], [-1.6015625], [-2.359375], [-4.4375], [-1.625], [-2.5], [-1.96875], [-2.21875], [-4.40625], [-2.0], [-2.90625], [-3.640625], [-3.765625], [-1.9765625], [-2.4375], [-1.4921875], [-4.15625], [0.494140625], [-10.625], [-3.015625], [-2.125], [-1.8828125], [-5.71875], [-3.40625], [-3.875], [-2.25], [-5.90625], [-2.390625], [-1.9609375], [-2.484375], [-3.171875], [-7.0], [-3.0625], [-1.59375], [-2.546875], [-2.875], [-5.1875], [-2.203125], [-0.10986328125], [-0.6953125], [-4.5], [-2.234375], [-6.25], [-3.53125], [-9.4375], [-5.125], [-2.921875], [-2.765625], [-6.5], [-2.015625], [-2.640625], [-1.3984375], [-2.03125], [-2.046875], [-1.859375], [-2.40625], [-2.25], [-2.8125], [-4.6875], [-2.640625], [-2.421875], [-2.875], [-1.6640625], [-2.1875], [-3.453125], [-2.5], [-2.171875], [-2.609375], [-2.15625], [-2.515625], [-2.96875], [-6.40625], [-3.25], [-4.5625], [-6.8125], [-9.75], [-2.78125], [-1.2265625], [-0.3671875], [-2.046875], [-5.3125], [-3.328125], [-2.765625], [-1.984375], [-2.40625], [-2.734375], [-1.7421875], [-1.390625], [-2.65625], [-2.3125], [-3.15625], [-1.40625], [-2.78125], [-1.21875], [-3.515625], [-2.15625], [-1.96875], [-1.59375], [-1.96875], [-2.0625], [-2.6875], [-2.0], [-7.8125], [-2.734375], [-2.03125], [-3.203125], [-2.453125], [-1.921875], [-3.96875], [-2.796875], [0.0791015625], [-2.296875], [-5.96875], [-3.453125], [-1.65625], [-2.203125], [-1.484375], [-6.15625], [-1.21875]], "anthropic-helpful-base": [[3.234375], [-2.125], [1.6796875], [-3.171875], [0.1318359375], [-2.515625], [0.051025390625], [0.1640625], [-1.75], [2.734375], [0.002532958984375], [1.4453125], [1.7890625], [1.109375], [-1.46875], [3.3125], [-0.97265625], [3.0], [-2.65625], [-0.39453125], [1.578125], [-0.7421875], [0.40234375], [-3.203125], [-2.21875], [-1.1171875], [-2.46875], [0.73828125], [2.796875], [2.828125], [2.953125], [1.6328125], [1.3828125], [1.1953125], [3.140625], [-3.671875], [-0.419921875], [3.25], [0.17578125], [-2.359375], [2.0625], [0.42578125], [2.265625], [1.46875], [1.9140625], [1.78125], [1.3984375], [0.58984375], [3.28125], [1.7109375], [-2.640625], [1.234375], [0.73046875], [3.046875], [-4.6875], [1.671875], [0.66796875], [-1.71875], [1.109375], [-2.296875], [0.89453125], [-2.890625], [0.62109375], [1.1171875], [0.1875], [1.40625], [0.56640625], [0.70703125], [1.625], [-2.078125], [0.87109375], [-1.0625], [-4.28125], [3.984375], [-1.4765625], [1.625], [1.9921875], [-2.0625], [-0.6015625], [-0.4921875], [1.34375], [3.234375], [0.125], [3.328125], [0.2890625], [2.109375], [2.421875], [-2.59375], [0.8203125], [-2.53125], [-0.462890625], [1.3046875], [2.015625], [-0.25390625], [0.89453125], [1.703125], [-1.1875], [1.7578125], [2.296875], [1.6171875], [-0.1943359375], [0.1689453125], [-2.140625], [2.515625], [3.96875], [-0.126953125], [1.765625], [3.90625], [-1.21875], [2.078125], [-0.447265625], [-2.3125], [1.0390625], [3.96875], [-2.53125], [-1.3359375], [-1.609375], [-2.1875], [1.515625], [-0.1767578125], [1.78125], [2.15625], [-6.03125], [1.4765625], [1.375], [2.9375], [-0.703125], [3.03125]], "anthropic-harmless-base": [[-1.90625], [-8.75], [-6.96875], [-0.43359375], [-3.421875], [-8.4375], [-4.59375], [-2.171875], [-2.796875], [-0.66796875], [-2.21875], [0.287109375], [-2.3125], [-8.4375], [-2.625], [-1.4296875], [-1.578125], [-2.34375], [-1.0625], [-3.5], [-5.6875], [-2.53125], [-2.34375], [-6.34375], [-1.875], [-8.0625], [-2.90625], [-2.3125], [-1.9453125], [-8.5625], [-3.734375], [-4.875], [-2.8125], [-2.3125], [-2.5], [-2.3125], [-6.75], [-6.1875], [-2.328125], [-2.375], [-1.890625], [-3.921875], [-2.53125], [-2.15625], [-1.5234375], [-3.640625], [-2.328125], [-3.28125], [-2.171875], [-1.0078125], [-2.515625], [-5.8125], [-1.3984375], [-3.828125], [-1.3125], [-7.5625], [-1.5], [-5.28125], [-3.125], [-2.28125], [-1.640625], [-2.515625], [-4.0], [-8.75], [-6.40625], [-1.546875], [-4.5625], [-1.4921875], [-3.421875], [-9.75], [-3.015625], [-4.90625], [-2.515625], [-2.484375], [-7.8125], [-2.265625], [-2.3125], [-1.265625], [-2.046875], [-4.96875], [-3.84375], [-1.890625], [-2.90625], [-2.421875], [-2.546875], [-7.5], [-4.21875], [-2.25], [-1.453125], [-3.796875], [-2.6875], [-3.546875], [-7.21875], [-0.80859375], [-6.40625], [-1.265625], [-2.765625], [-1.7890625], [-1.921875], [-1.5078125], [-1.9140625], [-6.0], [-5.5625], [-2.5625], [-2.359375], [-2.171875], [-3.59375], [-1.96875], [1.0859375], [-0.35546875], [-1.34375], [-2.09375], [-4.59375], [-2.8125], [-1.6484375], [-2.625], [-4.40625], [-3.390625], [-3.53125], [-2.609375], [-2.46875], [-2.765625], [-1.578125], [-7.40625], [-2.46875], [-1.3203125], [-8.0], [-1.9296875]], "openai/webgpt_comparisons": [[-1.421875], [0.376953125], [-2.765625], [-2.46875], [-2.90625], [-0.279296875], [-2.09375], [0.54296875], [-1.8125], [-0.361328125], [-3.0625], [-2.8125], [0.765625], [-2.328125], [-2.84375], [-2.421875], [0.99609375], [-0.197265625], [-2.578125], [-0.67578125], [-4.375], [-3.015625], [-2.546875], [-2.34375], [-3.609375], [-3.109375], [-1.828125], [-0.625], [-2.296875], [-2.09375], [-2.046875], [-2.109375], [-3.15625], [-2.53125], [-3.421875], [-2.75], [-1.9140625], [-2.90625], [-2.875], [-1.734375], [-0.73046875], [-2.40625], [-1.7734375], [-3.484375], [-2.828125], [-5.0625], [-1.421875], [-2.34375], [-1.84375], [-1.171875], [-1.0703125], [-2.078125], [-2.96875], [-1.8515625], [-2.796875], [-0.65625], [-3.171875], [-1.859375], [-2.78125], [-0.29296875], [-2.4375], [-2.15625], [-2.828125], [-2.40625], [-2.84375], [-0.9921875], [-1.34375], [-2.265625], [-2.40625], [-1.6953125], [-2.359375], [-1.125], [-0.75], [1.5390625], [-0.31640625], [-1.0390625], [-1.40625], [-3.359375], [-3.109375], [0.92578125], [-4.125], [-0.95703125], [0.205078125], [-1.8359375], [-2.9375], [-2.75], [-0.84375], [-2.59375], [-2.046875], [-2.46875], [-1.1875], [-2.015625], [-2.515625], [-2.84375], [-2.640625], [-3.53125], [-2.421875], [-2.34375], [-2.90625], [-2.25], [-2.328125], [-2.359375], [-2.171875], [-2.6875], [-2.78125], [-2.140625], [-4.1875], [-2.890625], [-1.40625], [-1.7890625], [0.365234375], [-3.1875], [-1.3125], [-3.0625], [-0.65625], [-2.578125], [-2.609375], [-1.390625], [-2.609375], [-1.65625], [-3.234375], [-3.40625], [-2.890625], [-1.6640625], [-3.40625], [-2.953125], [-1.6640625], [-1.46875]]}
