{"anthropic-red-team": [[-2.921875], [-6.375], [-2.46875], [-4.40625], [-2.921875], [-2.046875], [-2.96875], [-1.9453125], [-4.75], [-7.0625], [-1.984375], [-2.34375], [-1.765625], [-2.765625], [-5.1875], [-2.25], [-2.40625], [-3.65625], [-1.71875], [-2.265625], [-3.59375], [-3.53125], [-1.203125], [-4.46875], [-1.2265625], [-4.09375], [0.36328125], [-9.0625], [-2.03125], [-1.15625], [-1.875], [-5.125], [-2.78125], [-4.09375], [-3.875], [-6.15625], [-2.421875], [-4.09375], [-2.734375], [-3.125], [-7.96875], [-2.625], [-1.2734375], [-2.859375], [-2.78125], [-4.9375], [-1.6640625], [-1.625], [-0.498046875], [-4.125], [-3.265625], [-8.875], [-4.0625], [-1.6953125], [-1.0703125], [-2.921875], [-3.015625], [-6.09375], [-0.98828125], [-1.8046875], [-1.9609375], [-2.265625], [-2.09375], [-2.359375], [-2.46875], [-7.5625], [-3.28125], [-2.171875], [-3.0625], [-2.21875], [-3.03125], [-3.34375], [-3.328125], [-3.453125], [-2.59375], [-1.7734375], [-2.609375], [-4.5625], [-2.28125], [-2.15625], [-7.46875], [-2.171875], [-5.375], [-6.875], [-7.9375], [-2.671875], [-4.0625], [-2.0], [-3.4375], [-8.5], [-3.09375], [-4.84375], [-2.375], [-1.4375], [-1.96875], [-2.34375], [-2.171875], [-2.5], [-1.4765625], [-1.8515625], [-1.3671875], [-2.640625], [-4.78125], [-2.109375], [-1.8359375], [-1.859375], [-1.5859375], [-2.421875], [-3.5], [-7.5625], [-1.765625], [-7.71875], [-3.71875], [-1.953125], [-3.296875], [-2.4375], [-2.453125], [-3.953125], [-8.5], [-0.353515625], [-2.84375], [-6.65625], [-3.40625], [-1.21875], [-2.25], [-1.6171875], [-5.4375], [-1.8515625]], "anthropic-helpful-base": [[3.734375], [-1.46875], [1.796875], [-3.265625], [-2.484375], [-0.62109375], [-0.061279296875], [0.52734375], [-2.21875], [2.390625], [-0.083984375], [0.82421875], [1.609375], [0.49609375], [-1.1640625], [2.75], [-1.3671875], [3.25], [0.56640625], [-0.9375], [1.3515625], [0.287109375], [0.64453125], [-3.6875], [-2.53125], [-0.828125], [-3.578125], [1.359375], [3.1875], [2.765625], [2.984375], [1.9765625], [1.8984375], [1.25], [3.15625], [-3.53125], [-2.0625], [2.875], [-0.1279296875], [-2.90625], [1.7109375], [1.25], [3.09375], [-0.0517578125], [2.109375], [1.5546875], [1.015625], [1.3984375], [3.09375], [1.25], [-2.515625], [2.6875], [1.2265625], [2.5625], [-5.125], [1.65625], [0.828125], [-1.703125], [0.1767578125], [-0.4375], [0.54296875], [-1.734375], [0.240234375], [2.109375], [-0.2041015625], [2.125], [-0.38671875], [-0.0155029296875], [1.5], [0.396484375], [-0.15234375], [-1.5234375], [-3.34375], [3.890625], [-1.5234375], [3.34375], [2.53125], [-3.109375], [-1.4453125], [-1.2421875], [0.94140625], [3.1875], [0.37890625], [3.296875], [0.76953125], [2.515625], [2.859375], [-3.046875], [0.61328125], [-2.640625], [-0.337890625], [0.345703125], [2.21875], [-0.11376953125], [0.96875], [1.6640625], [-1.2421875], [1.3515625], [-0.74609375], [1.5625], [-0.70703125], [0.54296875], [0.60546875], [1.984375], [3.453125], [-0.031982421875], [1.921875], [2.953125], [-1.5390625], [1.296875], [-1.4375], [-1.796875], [1.0078125], [3.71875], [-2.6875], [-1.2734375], [-2.296875], [2.25], [2.15625], [-0.3125], [2.0], [1.859375], [-6.125], [1.1796875], [1.2109375], [2.546875], [0.84765625], [2.484375]], "anthropic-harmless-base": [[-5.21875], [-3.859375], [-6.96875], [-0.80859375], [-1.4765625], [-8.5625], [-5.40625], [-2.765625], [-7.03125], [-0.89453125], [-2.5], [1.4609375], [-4.78125], [-8.0], [-2.171875], [-11.125], [-2.484375], [-1.296875], [-1.7734375], [-3.71875], [-6.625], [-7.4375], [-1.34375], [-1.2421875], [-4.5], [-8.375], [-2.90625], [-5.3125], [-2.015625], [-3.09375], [-3.8125], [-6.09375], [-4.875], [-2.546875], [-3.96875], [-2.84375], [-7.9375], [-2.140625], [-1.5078125], [-2.296875], [-1.3046875], [-5.28125], [-3.859375], [-8.6875], [-3.21875], [-4.65625], [-2.4375], [-1.2890625], [-4.78125], [-1.078125], [-2.125], [-3.765625], [-2.703125], [-3.46875], [-1.4609375], [-8.375], [-3.671875], [-4.40625], [-3.59375], [-5.8125], [-7.15625], [-1.2734375], [-4.0], [-3.359375], [-7.25], [-9.5625], [-5.4375], [-1.6953125], [-5.6875], [-9.8125], [-3.609375], [-5.28125], [-2.765625], [-2.34375], [-5.78125], [-2.578125], [-1.6015625], [-4.375], [-1.8515625], [-5.125], [-4.125], [-1.75], [-2.078125], [-1.7578125], [-2.171875], [-8.5], [-3.328125], [-4.96875], [-2.125], [-4.21875], [-1.8671875], [-4.8125], [-6.875], [-0.9140625], [-6.84375], [-2.5], [-2.90625], [-6.46875], [-3.625], [-0.7734375], [-1.328125], [-5.0625], [-10.375], [-2.484375], [-1.734375], [-5.21875], [-7.75], [-1.9140625], [1.5546875], [-0.94921875], [-4.53125], [-2.0], [-4.59375], [-8.4375], [-2.875], [-4.09375], [-5.53125], [-1.3125], [-1.8671875], [-2.59375], [-4.625], [-2.546875], [-3.765625], [-3.15625], [-2.328125], [-2.78125], [-8.3125], [-7.5]], "openai/webgpt_comparisons": [[-1.4296875], [0.1328125], [-0.7421875], [-2.671875], [-1.7109375], [-1.9375], [-1.28125], [0.6484375], [-1.953125], [-3.296875], [-1.2421875], [-2.546875], [0.90234375], [-2.578125], [-2.578125], [-2.421875], [0.56640625], [-0.6171875], [-2.890625], [-0.53125], [-5.40625], [-3.1875], [-0.404296875], [0.006866455078125], [-3.140625], [-3.453125], [-1.8203125], [-0.84765625], [-1.9453125], [-2.21875], [-1.578125], [-1.875], [-1.09375], [-2.5625], [-3.28125], [-2.9375], [-2.640625], [-2.90625], [-2.53125], [-1.6953125], [-0.8828125], [-2.59375], [-1.6640625], [1.5859375], [-1.8984375], [-5.03125], [0.86328125], [-2.53125], [-2.21875], [-1.3046875], [-2.546875], [-2.546875], [-2.078125], [-2.578125], [-2.8125], [0.259765625], [-3.171875], [-2.09375], [-2.75], [-0.6796875], [1.5546875], [-2.078125], [0.1787109375], [-2.140625], [-3.03125], [-1.2890625], [-1.9921875], [-2.6875], [-0.8671875], [-2.21875], [-2.03125], [-1.3828125], [-2.5625], [1.265625], [-1.3359375], [-1.109375], [-1.078125], [-3.328125], [-1.1171875], [0.1689453125], [-4.03125], [-2.0625], [-2.609375], [-2.03125], [-1.90625], [-2.75], [-1.6875], [-3.0625], [0.095703125], [-0.91015625], [-0.625], [-2.46875], [-2.671875], [-3.40625], [-1.796875], [-3.4375], [-1.1796875], [-2.40625], [-3.09375], [-1.65625], [-2.375], [-2.390625], [-0.75390625], [-2.03125], [-2.5], [-2.34375], [-3.1875], [-4.4375], [-1.2734375], [-2.0625], [-0.271484375], [-3.1875], [-1.1328125], [-2.875], [-0.828125], [-2.640625], [-2.015625], [-2.84375], [-2.53125], [-1.6640625], [-3.265625], [-2.96875], [-2.8125], [-1.8125], [-4.0], [-2.796875], [-2.8125], [1.46875]]}
