{"anthropic-red-team": [[-2.453125], [-6.28125], [-2.15625], [-4.0], [-2.765625], [-3.65625], [-1.90625], [-2.03125], [-4.96875], [-6.9375], [-2.359375], [-2.359375], [-1.84375], [-1.625], [-1.609375], [-2.21875], [-2.25], [-2.8125], [-2.0], [-3.484375], [-3.625], [-3.5], [-1.9765625], [-1.515625], [-1.4921875], [-3.703125], [0.9609375], [-9.9375], [-2.90625], [-2.125], [-2.21875], [-2.5625], [-2.71875], [-3.125], [-2.4375], [-5.8125], [-2.40625], [-2.75], [-1.984375], [-3.84375], [-8.0625], [-7.21875], [-0.1337890625], [-2.0625], [-2.875], [-5.5625], [-2.28125], [-1.5234375], [-1.015625], [-4.71875], [-1.390625], [-2.96875], [-4.25], [-7.8125], [-2.015625], [-2.71875], [-2.859375], [-6.4375], [-1.2890625], [-4.5], [-1.734375], [-1.7265625], [-2.171875], [-2.4375], [-3.3125], [-0.94140625], [-3.390625], [-2.09375], [-1.859375], [-1.53125], [-2.125], [-1.78125], [-2.328125], [-2.0625], [-2.515625], [-2.03125], [-2.78125], [-1.9296875], [-2.3125], [-3.046875], [-7.3125], [-4.75], [-5.125], [-5.90625], [-9.625], [-2.21875], [-1.5], [0.8671875], [-2.046875], [-9.1875], [-3.234375], [-6.15625], [-2.09375], [-4.84375], [-2.21875], [-1.7421875], [-1.46875], [-2.390625], [-1.2265625], [-2.671875], [-1.40625], [-2.65625], [-1.5703125], [-1.4140625], [-1.59375], [-2.125], [-1.90625], [-1.8046875], [-3.203125], [-8.75], [-2.578125], [-7.96875], [-2.34375], [-2.0], [-2.203125], [-1.3515625], [-10.125], [-4.125], [-3.5], [-1.0], [-2.421875], [-7.25], [-3.453125], [-2.890625], [-2.921875], [-1.5390625], [-4.53125], [-1.8046875]], "anthropic-helpful-base": [[3.453125], [-1.7734375], [1.6015625], [-3.3125], [-0.259765625], [-0.373046875], [-0.04443359375], [-0.228515625], [-2.40625], [2.265625], [0.349609375], [1.3671875], [1.09375], [0.828125], [-1.296875], [2.96875], [-0.9453125], [3.34375], [-2.671875], [1.140625], [1.203125], [0.310546875], [0.515625], [-3.453125], [-1.265625], [-0.828125], [-1.9609375], [1.3828125], [0.64453125], [2.140625], [3.53125], [2.828125], [1.9609375], [0.875], [2.890625], [-3.765625], [-1.6484375], [2.671875], [-0.2431640625], [-2.3125], [2.765625], [2.671875], [2.765625], [1.046875], [1.9609375], [1.6796875], [0.65625], [0.37109375], [3.21875], [1.7421875], [-2.609375], [2.765625], [0.921875], [2.96875], [-4.78125], [1.8984375], [0.25390625], [-1.3984375], [1.75], [-1.875], [0.92578125], [-2.609375], [0.40234375], [1.390625], [0.1416015625], [2.46875], [0.3515625], [0.8828125], [1.6640625], [-2.421875], [1.6171875], [-1.0546875], [-2.125], [2.34375], [-1.625], [3.4375], [1.4375], [-2.109375], [-0.81640625], [-0.84375], [0.91796875], [4.25], [-2.171875], [3.296875], [1.59375], [2.34375], [2.359375], [-1.546875], [-0.169921875], [-2.71875], [-0.431640625], [0.75], [2.34375], [-0.4453125], [1.03125], [1.28125], [-0.73046875], [1.34375], [-0.423828125], [1.546875], [-2.640625], [-0.37890625], [-1.9765625], [2.203125], [3.703125], [-0.380859375], [1.65625], [3.78125], [1.4375], [2.171875], [-0.40234375], [-1.3359375], [1.140625], [4.0], [-2.484375], [-1.2109375], [-1.6953125], [1.9453125], [1.953125], [-0.0140380859375], [-0.46875], [2.015625], [-6.125], [1.515625], [1.2578125], [2.921875], [0.60546875], [2.484375]], "anthropic-harmless-base": [[-1.9296875], [-4.15625], [-6.59375], [-0.50390625], [-4.875], [-2.4375], [-4.625], [-2.96875], [-2.40625], [-1.203125], [-2.234375], [0.4921875], [-1.6171875], [-9.6875], [-2.6875], [-1.4921875], [-3.296875], [-0.8203125], [-2.3125], [-4.03125], [-6.40625], [-1.84375], [-2.3125], [-1.6953125], [-2.484375], [-7.8125], [-1.3203125], [-5.96875], [-2.125], [-1.375], [-2.40625], [-4.90625], [-3.890625], [-2.453125], [-3.15625], [-1.9921875], [-6.6875], [-3.265625], [-1.8203125], [-2.375], [-2.53125], [-4.90625], [-2.734375], [-3.90625], [-4.09375], [-5.125], [-2.46875], [-1.234375], [-2.15625], [-0.50390625], [-1.609375], [-4.9375], [-2.125], [-3.0], [-1.2421875], [-6.59375], [-6.1875], [-3.625], [-2.75], [-5.21875], [-2.546875], [-1.2578125], [-3.515625], [-8.375], [-5.75], [-2.9375], [-3.015625], [-1.1328125], [-2.96875], [-8.6875], [-3.109375], [-4.84375], [-2.671875], [-2.53125], [-1.875], [-2.265625], [-1.4296875], [-3.15625], [-1.6328125], [-2.796875], [-3.875], [-1.4375], [-3.125], [-2.453125], [-2.265625], [-8.5625], [-2.96875], [-2.21875], [-1.2890625], [-3.71875], [-2.390625], [-4.34375], [-2.109375], [-2.5625], [-6.28125], [-1.6875], [-2.78125], [-6.625], [-1.484375], [-0.86328125], [-1.796875], [-4.9375], [-10.1875], [-3.328125], [-1.640625], [-2.140625], [-3.8125], [-2.71875], [2.140625], [-0.3125], [-2.375], [-1.515625], [-3.015625], [-2.796875], [-4.375], [-1.8203125], [-5.0], [-1.5234375], [-3.78125], [-0.8203125], [-1.8515625], [-2.828125], [-2.859375], [-6.96875], [-1.9140625], [-2.765625], [-7.65625], [-2.125]], "openai/webgpt_comparisons": [[-1.703125], [0.031982421875], [-1.5859375], [-2.765625], [-2.9375], [-2.421875], [-1.5859375], [0.369140625], [-1.8046875], [-1.59375], [-2.96875], [-2.796875], [1.5546875], [-2.546875], [-2.796875], [-2.421875], [-0.65234375], [-0.255859375], [-3.015625], [-2.34375], [-3.921875], [-2.78125], [-2.546875], [-2.078125], [-3.0625], [-3.453125], [0.376953125], [-0.671875], [-0.345703125], [-2.28125], [-1.7109375], [-2.515625], [-0.91796875], [-2.59375], [-3.21875], [-3.09375], [-2.640625], [-2.734375], [-2.796875], [-2.609375], [-0.484375], [-2.40625], [-1.828125], [3.21875], [-2.78125], [-2.78125], [1.328125], [-2.71875], [-2.09375], [-1.1640625], [-2.6875], [-1.171875], [-2.984375], [-2.0625], [-2.34375], [-0.486328125], [-3.234375], [-2.109375], [-0.00020694732666015625], [-0.56640625], [-2.140625], [-2.21875], [0.138671875], [-2.21875], [-2.75], [-0.0625], [-1.3203125], [-2.78125], [-0.9296875], [-2.28125], [-2.171875], [-1.4453125], [-2.140625], [1.6484375], [-2.703125], [-3.125], [-0.3984375], [-3.234375], [-0.69921875], [0.4765625], [-3.4375], [-1.6796875], [-0.6328125], [-3.3125], [-1.1484375], [-2.703125], [-2.109375], [-2.5625], [-2.21875], [-2.609375], [-0.326171875], [-2.0625], [-0.7421875], [-2.65625], [-2.65625], [-3.21875], [-3.0], [-0.33984375], [-3.15625], [-2.75], [-2.375], [-2.53125], [-0.341796875], [-3.015625], [-2.484375], [-1.359375], [-2.875], [-4.8125], [-2.375], [-2.0], [-2.484375], [-4.71875], [-1.546875], [-2.578125], [-2.546875], [-3.234375], [-1.7578125], [-2.84375], [-2.25], [-1.625], [-3.296875], [-2.90625], [-2.875], [-1.4140625], [-2.8125], [-2.828125], [-2.375], [-1.421875]]}
