{"anthropic-red-team": [[-2.453125], [-6.34375], [-1.84375], [-4.6875], [-3.375], [-1.5546875], [-2.375], [-3.234375], [-4.9375], [-6.46875], [-4.53125], [-3.0], [-1.765625], [-1.71875], [-1.8671875], [-2.421875], [-2.390625], [-2.59375], [-1.9921875], [-2.46875], [-3.609375], [-3.15625], [-2.453125], [-1.84375], [-3.84375], [-1.6953125], [0.95703125], [-2.390625], [-2.921875], [-2.078125], [-2.015625], [-3.03125], [-2.59375], [-5.65625], [-2.921875], [-5.5], [-2.1875], [-2.34375], [-1.53125], [-4.84375], [-8.4375], [-2.46875], [-1.3125], [-2.4375], [-2.21875], [-4.625], [-3.5], [-1.5546875], [-1.515625], [-3.578125], [-1.2421875], [-4.09375], [-3.78125], [-4.125], [-2.828125], [-2.203125], [-2.71875], [-5.15625], [-1.3671875], [-1.484375], [-1.3515625], [-6.65625], [-2.1875], [-2.28125], [-4.0625], [-6.65625], [-4.53125], [-2.28125], [-3.203125], [-2.8125], [-2.9375], [-2.921875], [-2.234375], [-2.4375], [-2.5], [-2.0625], [-2.703125], [-6.3125], [-2.5], [-3.453125], [-6.28125], [-3.09375], [-5.0625], [-5.40625], [-1.796875], [-2.953125], [-2.59375], [-2.375], [-6.15625], [-9.0625], [-3.21875], [-4.84375], [-2.375], [-3.71875], [-3.203125], [-2.34375], [-2.140625], [-2.203125], [-1.7890625], [-2.015625], [-1.8515625], [-2.640625], [-3.921875], [-1.6796875], [-5.90625], [-1.8671875], [-1.4921875], [-1.84375], [-1.984375], [-9.6875], [-2.3125], [-8.0], [-2.53125], [-2.078125], [-2.625], [-2.59375], [-11.3125], [-4.09375], [-1.546875], [-0.7734375], [-2.859375], [-3.625], [-3.296875], [-2.0], [-9.5], [-1.5546875], [-4.53125], [-1.359375]], "anthropic-helpful-base": [[2.796875], [-1.21875], [0.59765625], [-3.609375], [-2.5625], [-2.59375], [0.44921875], [0.359375], [-1.578125], [2.40625], [0.349609375], [1.4296875], [1.2578125], [0.0189208984375], [-2.296875], [2.734375], [-1.3515625], [2.953125], [-0.484375], [-1.0234375], [1.7578125], [-0.5703125], [0.546875], [-2.765625], [-2.578125], [-0.84375], [-3.65625], [2.078125], [3.171875], [2.515625], [3.515625], [2.671875], [1.7421875], [0.9921875], [2.703125], [-3.125], [-2.0625], [3.03125], [-0.158203125], [-2.921875], [2.59375], [0.375], [2.765625], [-0.01165771484375], [-0.328125], [-2.359375], [-2.703125], [0.75], [3.265625], [1.2109375], [-2.0625], [2.78125], [1.375], [2.9375], [-4.5625], [1.2578125], [0.71484375], [-2.734375], [0.515625], [-3.28125], [0.7421875], [-1.1171875], [0.8203125], [-2.21875], [-0.1376953125], [2.046875], [-0.5859375], [0.609375], [1.0390625], [1.015625], [1.5390625], [-1.0546875], [-2.515625], [3.15625], [-2.734375], [1.640625], [1.625], [-2.8125], [-0.9921875], [-0.80859375], [-0.43359375], [2.546875], [0.66015625], [2.328125], [1.1953125], [2.234375], [2.640625], [-1.7421875], [0.7265625], [-2.65625], [-0.439453125], [1.0078125], [2.671875], [-0.236328125], [0.859375], [1.125], [-1.40625], [-0.5], [-0.76953125], [1.140625], [-1.5390625], [-2.046875], [-1.5625], [2.453125], [4.0], [-0.1533203125], [0.71875], [3.90625], [2.359375], [2.0], [-0.78515625], [-2.703125], [1.046875], [3.03125], [-2.109375], [-1.25], [-1.6875], [1.9765625], [1.7421875], [-0.2392578125], [-0.46875], [-0.7734375], [-5.53125], [1.1484375], [1.4765625], [2.6875], [-1.984375], [2.671875]], "anthropic-harmless-base": [[-3.71875], [-2.265625], [-7.1875], [-0.78125], [-1.4609375], [-8.6875], [-6.03125], [-2.359375], [-8.625], [-1.2109375], [-5.375], [1.65625], [-5.71875], [-7.65625], [-1.59375], [-10.875], [-6.34375], [-2.34375], [-0.60546875], [-5.15625], [-6.09375], [-8.6875], [-2.171875], [-6.84375], [-1.671875], [-9.0], [-3.1875], [-6.125], [-2.28125], [-3.03125], [-4.125], [-6.34375], [-3.484375], [-2.4375], [-2.421875], [-2.140625], [-7.65625], [-2.40625], [-2.015625], [-2.265625], [-2.171875], [-5.0], [-2.609375], [-9.4375], [-4.0625], [-1.546875], [-3.171875], [-1.0859375], [-2.546875], [-0.8984375], [-1.4453125], [-1.4140625], [-1.296875], [-4.78125], [-2.796875], [-7.3125], [-7.15625], [-4.875], [-2.84375], [-2.90625], [-1.3828125], [-1.1484375], [-7.15625], [-9.3125], [-8.25], [-1.7265625], [-2.390625], [-1.75], [-2.875], [-9.375], [-4.03125], [-5.5], [-2.578125], [-0.5859375], [-1.515625], [-4.84375], [-10.5], [-2.609375], [-5.125], [-3.03125], [-7.0], [-1.9921875], [-1.890625], [-2.140625], [-2.28125], [-8.125], [-2.59375], [-2.84375], [-1.3828125], [-3.953125], [-2.703125], [-3.40625], [-7.125], [-1.6328125], [-1.6796875], [-0.9609375], [-3.0], [-3.5625], [-3.625], [-5.15625], [-1.96875], [-5.21875], [-10.5625], [-2.703125], [-0.6015625], [-4.6875], [-2.5], [-2.25], [3.21875], [-0.296875], [-4.9375], [-1.3046875], [-3.09375], [-3.234375], [-1.2578125], [-9.25], [-4.875], [-1.203125], [-1.6640625], [-1.8515625], [-4.0625], [-3.140625], [-1.7734375], [-2.3125], [-2.1875], [-1.46875], [-7.84375], [-8.6875]], "openai/webgpt_comparisons": [[-0.9609375], [0.1875], [-1.1796875], [-1.8984375], [-2.609375], [-0.162109375], [-0.04248046875], [-2.9375], [-1.4921875], [-0.703125], [-2.8125], [-2.8125], [1.2734375], [-2.28125], [-2.578125], [-2.328125], [0.92578125], [-2.40625], [-2.390625], [-1.9765625], [-3.40625], [-2.46875], [-2.5625], [0.287109375], [-3.4375], [-4.21875], [-1.84375], [-0.73046875], [-2.71875], [-2.578125], [-1.9296875], [-2.125], [-0.921875], [-2.578125], [-3.34375], [-2.203125], [-1.609375], [-2.734375], [-0.30859375], [-1.375], [-1.1484375], [-2.28125], [-1.984375], [2.859375], [-2.84375], [-5.3125], [1.3671875], [-2.609375], [-2.296875], [-1.8203125], [-2.6875], [-1.40625], [-2.671875], [-2.0], [-2.296875], [-0.5078125], [-3.203125], [-1.5390625], [-2.078125], [-0.150390625], [-1.7734375], [-1.609375], [-0.1728515625], [-1.921875], [-2.859375], [0.07421875], [-2.046875], [-1.7109375], [-0.333984375], [-2.0625], [-2.375], [-1.46875], [-2.59375], [1.2265625], [-2.8125], [-1.0703125], [-2.640625], [-3.0], [-0.94140625], [0.1748046875], [-4.09375], [-2.296875], [-0.1396484375], [-3.6875], [-2.96875], [-2.296875], [-2.078125], [-2.9375], [-2.359375], [-2.65625], [-0.68359375], [-1.96875], [-2.203125], [-2.671875], [-2.078125], [-3.59375], [-2.265625], [-2.28125], [-2.875], [-2.421875], [-2.28125], [-2.15625], [-1.265625], [-2.015625], [-2.75], [-2.359375], [-3.203125], [-3.5], [-1.8203125], [-1.7734375], [0.1767578125], [-2.578125], [-1.6484375], [-2.65625], [-0.52734375], [-2.65625], [-2.703125], [-2.8125], [-2.65625], [-1.625], [-3.515625], [-2.953125], [-3.125], [-1.578125], [-4.0], [-2.828125], [-2.734375], [-1.7265625]]}
