{"anthropic-red-team": [[-2.296875], [-6.65625], [-2.1875], [-4.4375], [-3.03125], [-1.84375], [-3.796875], [-4.90625], [-5.1875], [-6.5], [-1.609375], [-2.34375], [-2.734375], [-2.53125], [-5.90625], [-2.96875], [-2.15625], [-3.53125], [-2.296875], [-2.875], [-3.625], [-8.5], [-1.953125], [-2.453125], [-1.4921875], [-3.4375], [0.486328125], [-3.875], [-3.109375], [-1.859375], [-4.0], [-2.5625], [-3.453125], [-3.859375], [-2.421875], [-4.4375], [-2.34375], [-1.9140625], [-1.796875], [-3.90625], [-8.125], [-2.765625], [1.4296875], [-2.671875], [-3.078125], [-4.71875], [-2.296875], [-1.5859375], [-0.78125], [-4.625], [-4.15625], [-4.5], [-4.25], [-1.3515625], [-2.484375], [-2.59375], [-2.6875], [-6.3125], [-1.46875], [-3.03125], [-1.5390625], [-6.5], [-2.6875], [-1.8515625], [-2.484375], [-6.8125], [-3.65625], [-2.03125], [-3.171875], [-2.734375], [-3.625], [-1.7890625], [-2.921875], [-7.78125], [-2.84375], [-2.296875], [-2.65625], [-1.78125], [-2.484375], [-3.453125], [-7.125], [-3.171875], [-5.375], [-5.84375], [-9.125], [-2.34375], [-2.046875], [-2.21875], [-3.03125], [-8.875], [-4.03125], [-3.59375], [-0.85546875], [-2.109375], [-2.46875], [-2.109375], [-1.203125], [-2.453125], [-2.296875], [-1.953125], [-2.21875], [-2.640625], [-0.99609375], [-1.5390625], [-2.140625], [-2.0625], [-2.125], [-2.78125], [-2.328125], [-9.375], [-2.3125], [-7.65625], [-2.328125], [-2.0625], [-2.515625], [-2.265625], [-11.0], [-4.03125], [-5.78125], [-0.318359375], [-2.015625], [-2.859375], [-3.421875], [-1.671875], [-2.9375], [-1.734375], [-5.5], [-1.328125]], "anthropic-helpful-base": [[3.40625], [-2.453125], [1.6328125], [-3.4375], [0.59375], [-1.140625], [-0.1845703125], [0.2333984375], [-2.65625], [2.71875], [-0.044677734375], [0.96875], [1.453125], [1.0390625], [-2.28125], [3.015625], [-0.94921875], [3.25], [0.345703125], [-1.09375], [1.4140625], [1.1328125], [0.8203125], [-3.375], [-2.3125], [0.095703125], [-2.65625], [1.859375], [3.375], [2.390625], [3.046875], [2.3125], [2.078125], [0.66796875], [2.78125], [-3.171875], [-1.90625], [2.75], [-0.431640625], [-2.5], [1.78125], [2.53125], [3.21875], [1.53125], [1.1328125], [1.5390625], [1.5078125], [0.50390625], [2.78125], [1.3515625], [-2.625], [2.9375], [0.578125], [3.03125], [-5.15625], [1.359375], [0.53515625], [-2.546875], [0.388671875], [-3.453125], [0.31640625], [-2.5625], [1.21875], [2.671875], [0.58984375], [2.109375], [-0.92578125], [0.609375], [0.82421875], [-2.59375], [-0.2001953125], [-1.046875], [-3.84375], [3.421875], [-1.5859375], [3.265625], [2.28125], [-2.125], [-1.1953125], [-0.8203125], [1.171875], [3.59375], [0.396484375], [2.8125], [0.91796875], [2.21875], [2.375], [-1.5234375], [1.0234375], [-2.59375], [-2.515625], [1.2890625], [2.75], [-0.1328125], [1.125], [1.375], [-1.515625], [-2.3125], [-0.46875], [1.40625], [-0.83984375], [0.859375], [-0.2001953125], [1.5390625], [3.453125], [-0.038818359375], [1.3125], [3.890625], [2.4375], [2.171875], [-0.26953125], [-1.6953125], [0.890625], [3.1875], [-1.9140625], [-2.859375], [-1.59375], [2.4375], [2.546875], [0.248046875], [1.7421875], [2.21875], [-5.84375], [1.2734375], [1.3828125], [3.125], [-1.484375], [2.421875]], "anthropic-harmless-base": [[-3.96875], [-2.265625], [-7.90625], [-0.8671875], [-2.0], [-8.625], [-3.359375], [-2.46875], [-9.0], [-1.453125], [-2.859375], [1.2578125], [-5.6875], [-2.0625], [-1.9375], [-2.65625], [-1.5703125], [-2.578125], [-0.87890625], [-3.921875], [-5.6875], [-1.7421875], [-1.65625], [-2.796875], [-1.65625], [-6.65625], [-2.046875], [-5.9375], [-1.9453125], [-3.09375], [-2.65625], [-5.59375], [-5.0625], [-1.90625], [-3.140625], [-1.8515625], [-6.1875], [-3.5], [-0.81640625], [-2.390625], [-1.4453125], [-5.375], [-2.640625], [-9.9375], [-3.546875], [-1.09375], [-1.4453125], [-1.1953125], [-5.1875], [-0.61328125], [-1.5546875], [-2.609375], [-1.359375], [-2.25], [-1.8828125], [-5.90625], [-5.5], [-4.90625], [-2.75], [-4.15625], [-7.03125], [-1.40625], [-3.96875], [-8.9375], [-5.71875], [-2.8125], [-2.40625], [-1.484375], [-3.046875], [-9.25], [-2.34375], [-5.1875], [-2.984375], [-1.984375], [-7.65625], [-4.53125], [-3.21875], [-3.0], [-1.5546875], [-2.375], [-6.5625], [-2.109375], [-1.8515625], [-2.578125], [-2.21875], [-7.90625], [-8.125], [-1.0234375], [-0.79296875], [-3.640625], [-2.703125], [-5.0625], [-3.890625], [-2.109375], [-2.421875], [-1.7890625], [-2.78125], [-8.1875], [-3.765625], [-0.76171875], [-1.921875], [-3.328125], [-10.8125], [-2.578125], [-0.3828125], [-6.90625], [-6.78125], [-3.28125], [0.984375], [-0.1611328125], [-1.4296875], [-1.6171875], [-3.109375], [-2.640625], [-2.96875], [-2.484375], [-4.46875], [-1.296875], [-3.859375], [-1.421875], [-2.453125], [-2.59375], [-1.484375], [-2.046875], [-1.0625], [-4.09375], [-6.875], [-8.125]], "openai/webgpt_comparisons": [[-1.7265625], [-2.453125], [-2.875], [-2.078125], [-1.640625], [0.018310546875], [-0.333984375], [0.3203125], [-1.59375], [-3.21875], [-2.953125], [-0.447265625], [1.234375], [-1.3828125], [-2.59375], [-2.125], [0.9453125], [-0.1552734375], [-2.921875], [-1.234375], [-3.53125], [-2.296875], [-2.609375], [-0.2158203125], [-3.375], [-3.6875], [-2.4375], [-0.78515625], [-2.28125], [-2.40625], [-1.7734375], [-2.3125], [-0.9765625], [-2.6875], [-3.34375], [-2.34375], [-2.328125], [-2.921875], [0.197265625], [-1.9921875], [-2.84375], [-2.65625], [-1.921875], [2.984375], [-2.84375], [-4.9375], [-2.359375], [-2.546875], [-2.375], [-1.171875], [-2.65625], [-1.25], [-2.140625], [-2.46875], [-2.109375], [-0.5], [-3.171875], [-2.328125], [-2.625], [-0.71484375], [2.03125], [-2.109375], [-0.54296875], [-2.28125], [-1.8046875], [-1.1875], [-1.984375], [-2.84375], [-0.015869140625], [-2.09375], [-2.046875], [-1.3671875], [-2.828125], [0.96484375], [-2.9375], [-0.97265625], [-1.15625], [-1.84375], [-0.451171875], [0.310546875], [-4.09375], [-1.8359375], [-0.185546875], [-1.78125], [-2.9375], [-2.6875], [-1.953125], [-2.34375], [-0.69921875], [-2.515625], [-0.2890625], [-1.953125], [-1.1015625], [-2.15625], [-2.390625], [-3.265625], [-2.609375], [-2.640625], [-0.76171875], [-2.53125], [-2.234375], [-1.8671875], [-0.75], [-1.8828125], [-2.796875], [-2.296875], [-2.84375], [-4.5], [-1.9921875], [-1.8359375], [-0.083984375], [-2.796875], [-1.671875], [-3.21875], [-2.4375], [-2.90625], [-2.796875], [-3.265625], [-2.625], [-1.2578125], [-4.3125], [-3.390625], [-2.953125], [-2.328125], [-3.71875], [-2.859375], [-2.671875], [1.375]]}
