{"anthropic-red-team": [[-2.421875], [-6.21875], [-2.46875], [-3.34375], [-3.203125], [-1.609375], [-3.546875], [-3.15625], [-4.53125], [-6.40625], [-1.6328125], [-2.359375], [-4.03125], [-2.96875], [-2.234375], [-1.96875], [-2.0625], [-3.765625], [-2.046875], [-2.421875], [-5.09375], [-3.46875], [-1.9296875], [-1.203125], [-1.2265625], [-4.28125], [0.80859375], [-1.953125], [-3.09375], [-2.125], [-5.0625], [-3.796875], [-2.859375], [-3.828125], [-3.328125], [-6.96875], [-2.34375], [-2.71875], [-1.96875], [-5.3125], [-8.625], [-2.5625], [1.0078125], [-2.640625], [-2.71875], [-5.3125], [-2.265625], [-1.53125], [-0.19921875], [-4.21875], [-3.515625], [-5.34375], [-3.859375], [-2.0625], [-1.5234375], [-2.203125], [-2.75], [-5.96875], [-1.3203125], [-1.6015625], [-3.125], [-1.765625], [-1.765625], [-2.203125], [-3.234375], [-7.6875], [-3.484375], [-2.03125], [-2.953125], [-2.03125], [-2.609375], [-2.390625], [-2.359375], [-6.625], [-2.453125], [-2.234375], [-2.6875], [-2.296875], [-2.484375], [-3.203125], [-7.3125], [-3.078125], [-5.625], [-6.25], [-9.0625], [-2.5], [-4.46875], [-0.51171875], [-3.453125], [-2.015625], [-2.8125], [-4.75], [-2.296875], [-2.28125], [-1.8984375], [-2.390625], [-1.4453125], [-2.3125], [-1.5546875], [-2.40625], [-1.640625], [-2.515625], [-2.109375], [-1.421875], [-1.5625], [-1.984375], [-2.1875], [-1.8203125], [-2.171875], [-9.0625], [-2.1875], [-8.5], [-2.6875], [-1.9609375], [-3.015625], [-1.609375], [-3.90625], [-3.5], [-2.0625], [-0.96875], [-1.3046875], [-5.625], [-3.421875], [-1.6640625], [-3.015625], [-2.453125], [-3.796875], [-1.2109375]], "anthropic-helpful-base": [[3.4375], [-1.4921875], [1.140625], [-3.0], [-0.294921875], [0.43359375], [-0.05078125], [0.73046875], [-2.28125], [2.53125], [-0.40625], [1.296875], [1.8828125], [1.0234375], [-2.28125], [1.8828125], [-1.0546875], [2.75], [-2.765625], [-1.375], [1.109375], [-0.08447265625], [0.73828125], [-3.65625], [-2.921875], [-0.671875], [-3.953125], [1.9453125], [-0.9921875], [2.453125], [1.953125], [2.421875], [1.7265625], [1.203125], [1.4140625], [-3.3125], [-1.828125], [2.296875], [-0.015625], [-2.328125], [1.7109375], [2.578125], [3.328125], [1.3203125], [2.1875], [1.71875], [1.65625], [0.5546875], [3.421875], [1.96875], [-2.171875], [3.1875], [0.765625], [2.859375], [-4.8125], [1.9609375], [0.77734375], [-1.4921875], [0.2041015625], [-0.431640625], [0.267578125], [-1.6953125], [0.89453125], [2.296875], [-2.46875], [1.9453125], [-0.271484375], [1.1953125], [1.3203125], [-2.6875], [1.421875], [-2.59375], [-0.84765625], [4.0], [-1.359375], [2.0], [1.71875], [-2.578125], [-0.80859375], [-0.99609375], [0.58203125], [2.265625], [0.6796875], [-1.15625], [0.5625], [0.75390625], [2.90625], [-1.5546875], [0.69140625], [-2.65625], [0.02099609375], [0.578125], [2.375], [-0.26953125], [2.078125], [1.71875], [-2.171875], [0.609375], [-0.734375], [1.8671875], [-2.5], [0.55078125], [-0.98828125], [2.0625], [3.625], [-0.185546875], [1.7734375], [3.265625], [2.171875], [1.8984375], [-1.1484375], [-1.5390625], [1.0859375], [3.59375], [-1.8828125], [-2.5], [-2.078125], [2.375], [2.078125], [0.1455078125], [1.4453125], [2.125], [-5.71875], [1.1328125], [1.3515625], [2.421875], [0.236328125], [0.059814453125]], "anthropic-harmless-base": [[-3.609375], [-2.59375], [-6.21875], [-0.9140625], [-2.03125], [-9.125], [-5.21875], [-2.921875], [-8.25], [-1.2265625], [-2.859375], [0.98828125], [-2.3125], [-8.125], [-2.5625], [-2.75], [-1.578125], [-2.375], [-1.4765625], [-5.15625], [-2.328125], [-2.078125], [-1.953125], [-2.921875], [-0.91796875], [-7.03125], [-2.609375], [-5.71875], [-1.9453125], [-3.984375], [-4.59375], [-5.46875], [-3.859375], [-2.3125], [-3.984375], [-2.015625], [-6.84375], [-6.4375], [-2.453125], [-2.375], [-1.515625], [-5.125], [-2.671875], [-2.0], [-1.4765625], [-5.71875], [-2.46875], [-0.8828125], [-2.515625], [-0.98828125], [-1.6328125], [-5.9375], [-2.125], [-1.78125], [-1.0703125], [-8.75], [-3.359375], [-3.765625], [-2.8125], [-5.53125], [-6.53125], [-3.265625], [-6.125], [-5.09375], [-5.65625], [-1.7265625], [-2.03125], [-2.375], [-3.859375], [-10.0625], [-3.703125], [-5.3125], [-3.625], [-2.71875], [-3.21875], [-2.734375], [-2.3125], [-2.75], [-1.5546875], [-5.09375], [-2.71875], [-1.7109375], [-2.84375], [-2.5625], [-2.265625], [-9.4375], [-2.203125], [-1.53125], [-1.2265625], [-3.40625], [-2.421875], [-4.4375], [-6.09375], [-2.21875], [-6.75], [-1.15625], [-2.765625], [-4.5625], [-2.125], [-0.578125], [-1.7734375], [-5.59375], [-2.078125], [-2.5625], [-2.625], [-2.171875], [-2.25], [-3.796875], [2.109375], [-0.326171875], [-1.3515625], [-1.5078125], [-2.859375], [-2.640625], [-1.6328125], [-4.09375], [-4.15625], [-2.171875], [-1.8984375], [-1.96875], [-2.484375], [-2.78125], [-3.40625], [-3.09375], [-1.265625], [-1.3359375], [-7.1875], [-1.8828125]], "openai/webgpt_comparisons": [[-1.4609375], [-2.15625], [-2.671875], [-2.140625], [-1.21875], [-0.2431640625], [-2.5], [0.53125], [-1.796875], [-0.05859375], [-2.796875], [0.05859375], [1.4921875], [-2.265625], [-2.46875], [-2.21875], [0.423828125], [-0.16015625], [-2.71875], [-2.65625], [-3.4375], [-3.46875], [-0.21484375], [-0.75], [-2.71875], [-2.421875], [-2.265625], [-0.69140625], [-2.53125], [-2.125], [-1.8515625], [-1.71875], [-0.88671875], [-2.375], [-3.28125], [-3.171875], [-2.390625], [-2.609375], [-0.9453125], [-1.6015625], [-2.5], [-2.359375], [-1.9765625], [2.78125], [-1.8046875], [-4.625], [-2.109375], [-2.328125], [-1.96875], [-1.453125], [-2.53125], [-0.609375], [-2.734375], [-2.484375], [-1.9453125], [-0.3671875], [-2.78125], [-2.21875], [-2.515625], [-0.4765625], [-2.203125], [-0.578125], [0.296875], [-1.9765625], [-0.65625], [0.0712890625], [-1.0703125], [-2.25], [-0.94921875], [-2.65625], [-2.25], [-1.6015625], [-2.328125], [1.46875], [-2.8125], [-0.9375], [-2.078125], [-3.140625], [0.2138671875], [0.053466796875], [-3.140625], [-2.671875], [-0.3671875], [-2.46875], [-2.6875], [-2.453125], [-0.2060546875], [-2.1875], [-1.765625], [-2.671875], [0.158203125], [-2.25], [-2.234375], [-2.296875], [-2.28125], [-2.84375], [-2.296875], [-2.421875], [-2.6875], [-2.421875], [-2.40625], [-1.3203125], [-1.3671875], [-1.578125], [-2.71875], [-0.83984375], [-3.234375], [-3.546875], [-1.4609375], [-2.203125], [0.27734375], [-4.28125], [-1.5546875], [-2.28125], [-1.4296875], [-2.71875], [-2.734375], [-2.890625], [-1.765625], [-1.765625], [-3.40625], [-1.71875], [-2.640625], [-1.890625], [-2.546875], [-2.640625], [-2.5], [-1.5859375]]}
