{"anthropic-red-team": [[-0.1708984375], [-0.07568359375], [-0.5625], [-0.47265625], [-0.3515625], [-0.05712890625], [-0.1328125], [0.2099609375], [-5.0], [0.2060546875], [-0.60546875], [-0.0888671875], [0.345703125], [-0.859375], [-0.061279296875], [-0.68359375], [-0.1259765625], [-0.416015625], [-2.0], [-0.58203125], [-1.7578125], [-0.345703125], [-0.7578125], [-0.1689453125], [-0.61328125], [-0.48828125], [-0.08642578125], [-1.484375], [0.267578125], [0.03466796875], [0.5546875], [-0.11572265625], [-0.3203125], [-0.8125], [0.07861328125], [0.09912109375], [0.322265625], [-0.330078125], [-0.76953125], [0.00811767578125], [0.03955078125], [0.25390625], [0.234375], [-0.69140625], [-0.25390625], [-0.357421875], [-0.0576171875], [-0.109375], [-0.33203125], [-1.171875], [0.016845703125], [-0.6953125], [-0.251953125], [-0.115234375], [-0.0216064453125], [0.09033203125], [0.10107421875], [0.03662109375], [-0.4765625], [-0.026611328125], [-0.2138671875], [-0.86328125], [-0.2490234375], [-0.2734375], [-0.384765625], [-0.9453125], [-0.875], [-0.2412109375], [-0.2275390625], [0.01507568359375], [-0.69140625], [-0.515625], [0.005523681640625], [-0.6796875], [-0.2119140625], [-2.0], [-0.013671875], [-0.2236328125], [-2.515625], [-2.078125], [-0.65234375], [-1.3671875], [-0.25], [-0.46484375], [0.1796875], [0.255859375], [-0.421875], [0.11572265625], [-0.1591796875], [0.0390625], [0.04541015625], [-1.828125], [-0.75390625], [-0.05029296875], [0.11474609375], [-1.15625], [0.28515625], [0.08056640625], [-0.05615234375], [-0.85546875], [-0.408203125], [-0.203125], [0.004730224609375], [0.26953125], [-0.006256103515625], [-0.12158203125], [-0.283203125], [-0.055419921875], [-3.453125], [-0.134765625], [0.01397705078125], [-6.5625], [0.0732421875], [-2.0], [-0.283203125], [-0.46875], [-0.68359375], [-1.015625], [-0.6015625], [0.45703125], [-0.80078125], [-1.0859375], [-3.515625], [0.27734375], [-0.451171875], [-0.427734375], [-0.74609375], [-0.51953125]], "anthropic-helpful-base": [[2.140625], [-2.796875], [0.31640625], [-2.9375], [0.326171875], [0.169921875], [0.0419921875], [0.38671875], [-0.33203125], [2.40625], [0.15234375], [-0.02978515625], [-1.21875], [0.0751953125], [0.061767578125], [2.453125], [-0.99609375], [-0.09814453125], [-0.5546875], [-1.1015625], [-0.10400390625], [0.44140625], [0.40625], [-0.86328125], [-0.279296875], [-0.486328125], [-0.15625], [-1.59375], [3.234375], [1.453125], [3.3125], [2.234375], [1.59375], [-0.451171875], [2.53125], [-0.248046875], [-0.279296875], [2.078125], [-1.03125], [-0.251953125], [-0.2275390625], [-0.1650390625], [-1.0390625], [-0.255859375], [0.287109375], [-1.765625], [-0.255859375], [-0.357421875], [2.96875], [1.59375], [0.25390625], [3.140625], [-0.1796875], [0.1748046875], [-0.384765625], [1.890625], [0.055908203125], [-0.1318359375], [1.1171875], [-0.1884765625], [1.0625], [-0.22265625], [0.7734375], [-0.75390625], [-0.1318359375], [1.890625], [-0.259765625], [0.95703125], [1.296875], [0.07666015625], [0.228515625], [-1.1015625], [0.050537109375], [2.4375], [-0.1689453125], [-0.0908203125], [-0.02587890625], [-0.84765625], [-0.23046875], [0.244140625], [-0.859375], [2.734375], [-1.703125], [0.1171875], [0.26953125], [0.96875], [2.65625], [-0.19140625], [0.09375], [-0.5625], [-0.82421875], [0.33984375], [2.265625], [-2.84375], [1.4765625], [1.3359375], [-0.0164794921875], [1.5859375], [0.58203125], [-1.3359375], [-0.32421875], [0.294921875], [0.259765625], [-0.310546875], [0.30859375], [-0.88671875], [-0.4609375], [2.71875], [0.09619140625], [-0.0810546875], [-0.31640625], [-0.6796875], [0.5703125], [3.25], [-0.05322265625], [-1.0234375], [0.291015625], [2.4375], [0.004852294921875], [-0.11328125], [-0.2490234375], [-0.023193359375], [-2.3125], [1.296875], [0.2373046875], [2.53125], [0.75390625], [0.9609375]], "anthropic-harmless-base": [[-0.294921875], [-1.0625], [-0.044921875], [0.1162109375], [0.099609375], [-0.5], [-0.404296875], [0.07666015625], [-0.45703125], [-0.028076171875], [0.1767578125], [-0.0262451171875], [-0.255859375], [0.053466796875], [-0.435546875], [-1.078125], [-0.326171875], [-0.64453125], [-0.408203125], [-0.0751953125], [-0.3828125], [-0.314453125], [-0.29296875], [-0.1982421875], [-0.1123046875], [-0.1845703125], [-0.392578125], [-0.734375], [-1.0390625], [-0.61328125], [-1.125], [-0.81640625], [-1.1640625], [-0.490234375], [-0.73828125], [-0.34765625], [-0.34765625], [-0.013671875], [0.119140625], [-0.828125], [-0.166015625], [-0.19140625], [-0.138671875], [-1.4375], [-0.80078125], [-0.1962890625], [-0.22265625], [-0.2119140625], [-0.26171875], [0.126953125], [-0.38671875], [-0.140625], [-0.361328125], [-4.0], [0.380859375], [-0.1142578125], [-6.8125], [-0.8671875], [-0.283203125], [-0.58984375], [-0.53125], [0.287109375], [-0.279296875], [-0.70703125], [-2.28125], [-0.58984375], [-0.05517578125], [-0.486328125], [-0.462890625], [-0.1689453125], [-0.1005859375], [-0.265625], [-0.1279296875], [-0.1962890625], [-0.373046875], [-0.2109375], [-0.400390625], [-0.59375], [-0.423828125], [-0.734375], [-0.8203125], [-0.4375], [-0.8828125], [-0.283203125], [-0.66015625], [-0.033935546875], [-0.96484375], [-0.33203125], [-0.921875], [-1.0234375], [-0.022705078125], [-0.34375], [-0.58984375], [0.423828125], [-0.103515625], [-0.0439453125], [-0.65234375], [-0.11865234375], [-0.375], [-0.2490234375], [-0.208984375], [-0.5], [-0.6953125], [-0.35546875], [-0.515625], [-5.90625], [-0.80078125], [-1.65625], [-0.06494140625], [0.341796875], [-0.46875], [-0.0264892578125], [-0.2578125], [-0.71875], [0.26171875], [-0.484375], [-0.041015625], [-0.68359375], [-0.0279541015625], [-0.1953125], [-0.64453125], [-1.4453125], [0.240234375], [0.06396484375], [-0.08642578125], [-0.60546875], [-0.71484375], [-0.3828125]], "openai/webgpt_comparisons": [[-1.0234375], [-0.78515625], [-1.5], [-0.65625], [-0.6796875], [-0.35546875], [-0.671875], [-1.1328125], [-0.65234375], [-1.046875], [-0.82421875], [-0.98046875], [-0.4609375], [-0.9296875], [-0.89453125], [-0.5625], [0.384765625], [-0.609375], [-1.5234375], [-0.99609375], [-1.453125], [-0.87890625], [-0.93359375], [-0.6171875], [-1.796875], [-0.84375], [-0.78125], [-1.0], [-0.828125], [-0.4375], [-0.67578125], [-1.90625], [-0.99609375], [-0.7578125], [-1.1953125], [-1.71875], [-0.55859375], [-1.0859375], [-0.89453125], [-0.4296875], [-0.054443359375], [-1.3515625], [-0.65234375], [2.453125], [-0.2890625], [-0.400390625], [-0.54296875], [-0.35546875], [-0.482421875], [-0.8515625], [-0.796875], [-0.2421875], [-2.03125], [-0.70703125], [-1.3515625], [-0.9453125], [-2.671875], [-1.1484375], [-0.380859375], [-1.171875], [-1.0078125], [-2.46875], [-1.203125], [-0.74609375], [-0.447265625], [-0.01416015625], [-0.7265625], [-0.90625], [-0.72265625], [-1.3828125], [-0.82421875], [-2.34375], [-1.2734375], [-0.64453125], [-1.0], [-1.390625], [-0.83203125], [-1.296875], [-1.1953125], [-0.5234375], [-2.640625], [-0.16015625], [-1.1953125], [-0.91796875], [-1.2578125], [-0.53125], [-0.6171875], [-0.8203125], [-0.58984375], [-0.8984375], [-0.75390625], [-0.5703125], [-0.90234375], [-0.64453125], [-0.5], [-1.1796875], [-0.7890625], [-0.37109375], [-1.75], [-0.5625], [-0.58984375], [-0.48828125], [-1.1015625], [-1.5703125], [-1.0234375], [-0.81640625], [-1.1953125], [-1.0859375], [-0.84765625], [-0.54296875], [-1.3046875], [-0.97265625], [0.06884765625], [-1.3984375], [-0.421875], [-0.73046875], [-1.1484375], [-0.875], [-2.140625], [-0.578125], [-3.90625], [-1.25], [-1.25], [-0.8671875], [-1.640625], [-0.91796875], [-0.53125], [-0.72265625]]}
