{"anthropic-red-team": [[-2.453125], [-5.9375], [-8.0], [-3.90625], [-3.34375], [-1.9375], [-3.703125], [-4.34375], [-4.59375], [-6.875], [-5.53125], [-5.15625], [-2.3125], [-7.90625], [-6.28125], [-2.25], [-2.171875], [-5.0], [-2.0], [-4.53125], [-3.96875], [-8.25], [-4.5625], [-6.8125], [-3.015625], [-4.78125], [-0.306640625], [-9.8125], [-3.234375], [-2.578125], [-4.59375], [-4.0625], [-3.484375], [-4.25], [-3.65625], [-5.09375], [-2.25], [-4.0], [-2.296875], [-4.90625], [-8.625], [-6.78125], [-1.53125], [-3.765625], [-2.859375], [-5.03125], [-2.625], [-2.203125], [-0.73046875], [-5.09375], [-1.609375], [-6.6875], [-4.34375], [-3.453125], [-3.109375], [-3.4375], [-3.328125], [-6.375], [-6.75], [-5.5], [-4.0], [-6.4375], [-3.125], [-2.28125], [-3.578125], [-6.1875], [-7.78125], [-5.96875], [-3.140625], [-2.640625], [-5.15625], [-5.59375], [-4.65625], [-3.90625], [-3.640625], [-1.890625], [-2.953125], [-1.8515625], [-2.546875], [-4.34375], [-6.78125], [-5.0625], [-4.6875], [-6.5], [-7.65625], [-3.75], [-4.46875], [-2.890625], [-3.484375], [-9.25], [-4.25], [-5.25], [-2.546875], [-3.265625], [-3.0625], [-4.03125], [-2.1875], [-4.40625], [-3.84375], [-8.3125], [-2.296875], [-2.4375], [-2.8125], [-3.25], [-5.375], [-1.9140625], [-2.765625], [-3.265625], [-3.46875], [-8.3125], [-2.203125], [-7.3125], [-3.0], [-1.8828125], [-3.0], [-2.421875], [-8.375], [-4.15625], [-1.8671875], [-2.125], [-2.875], [-4.78125], [-3.328125], [-3.859375], [-9.6875], [-6.0625], [-5.53125], [-3.109375]], "anthropic-helpful-base": [[2.84375], [-1.4921875], [1.1015625], [-3.609375], [-1.875], [-2.765625], [-0.1796875], [-0.0150146484375], [-2.421875], [2.421875], [-0.77734375], [-0.00494384765625], [1.28125], [-0.0167236328125], [-2.171875], [2.453125], [-1.4453125], [2.953125], [0.423828125], [-1.3046875], [1.515625], [-0.49609375], [-1.8046875], [-2.234375], [-3.109375], [-0.455078125], [-3.96875], [0.287109375], [2.875], [2.171875], [3.21875], [2.109375], [1.765625], [0.703125], [2.8125], [-3.796875], [-1.8125], [2.203125], [-0.3984375], [-3.109375], [-0.6953125], [1.4453125], [3.4375], [0.89453125], [2.40625], [-0.1787109375], [0.158203125], [0.53125], [3.3125], [2.328125], [-1.96875], [2.875], [1.4453125], [2.5625], [-4.96875], [1.7265625], [0.259765625], [-1.328125], [-0.53125], [-1.4375], [-2.4375], [-1.765625], [-2.40625], [2.65625], [-1.828125], [1.8984375], [-0.30859375], [-2.21875], [1.1875], [-0.36328125], [1.609375], [-1.046875], [-1.2265625], [3.671875], [-3.1875], [3.484375], [2.546875], [-0.61328125], [-1.5859375], [-1.0546875], [1.1328125], [3.34375], [0.169921875], [-1.265625], [0.52734375], [2.5], [2.40625], [-4.21875], [0.296875], [-2.640625], [-0.6328125], [1.0625], [2.25], [-0.3671875], [0.80859375], [1.8359375], [-1.984375], [0.416015625], [-0.6875], [0.9453125], [-1.4453125], [-1.34375], [-2.046875], [1.640625], [3.65625], [-0.042236328125], [0.671875], [1.8125], [0.62109375], [1.9453125], [-1.4140625], [-1.2421875], [0.90625], [2.9375], [-3.03125], [-1.1796875], [-2.09375], [-1.6796875], [2.296875], [-0.470703125], [-0.482421875], [-0.84765625], [-5.5], [1.1484375], [1.5859375], [2.125], [-2.5625], [-0.98046875]], "anthropic-harmless-base": [[-3.75], [-5.5], [-6.25], [-8.5625], [-4.75], [-8.5625], [-6.375], [-2.96875], [-7.90625], [-1.1953125], [-4.15625], [1.0625], [-5.3125], [-7.34375], [-2.71875], [-11.125], [-6.59375], [-2.15625], [-2.09375], [-2.15625], [-5.25], [-8.3125], [-8.125], [-6.75], [-1.6953125], [-7.34375], [-2.609375], [-6.40625], [-3.328125], [-3.78125], [-4.34375], [-5.34375], [-8.875], [-4.09375], [-3.9375], [-2.0], [-6.5], [-2.828125], [-2.515625], [-1.875], [-2.078125], [-5.375], [-2.703125], [-6.5], [-4.625], [-7.71875], [-3.25], [-2.90625], [-4.46875], [-10.0625], [-9.5625], [-4.5], [-7.03125], [-3.015625], [-1.9921875], [-6.4375], [-5.9375], [-6.90625], [-2.859375], [-5.03125], [-6.625], [-1.640625], [-3.828125], [-9.4375], [-6.9375], [-10.5625], [-5.3125], [-2.28125], [-4.25], [-9.5625], [-3.859375], [-4.59375], [-3.28125], [-1.28125], [-4.03125], [-3.890625], [-9.0625], [-5.8125], [-1.703125], [-5.71875], [-6.46875], [-2.140625], [-5.21875], [-2.59375], [-2.453125], [-8.25], [-7.25], [-3.71875], [-7.15625], [-6.0], [-2.65625], [-4.90625], [-7.15625], [-3.90625], [-6.15625], [-1.2109375], [-3.5625], [-5.28125], [-3.328125], [-5.75], [-1.765625], [-6.0625], [-10.125], [-3.375], [-1.28125], [-5.59375], [-7.03125], [-2.765625], [2.84375], [-0.6640625], [-4.84375], [-6.9375], [-3.28125], [-9.0625], [-5.90625], [-5.6875], [-5.1875], [-8.375], [-4.09375], [-4.34375], [-2.015625], [-6.75], [-3.4375], [-2.84375], [-2.296875], [-2.6875], [-7.28125], [-6.15625]], "openai/webgpt_comparisons": [[-1.6171875], [0.232421875], [-1.859375], [-2.265625], [-3.03125], [0.03271484375], [-1.1328125], [-0.373046875], [-2.359375], [-1.4921875], [-3.03125], [-2.078125], [1.1015625], [-2.703125], [-2.96875], [-3.15625], [-0.3515625], [-0.466796875], [-2.75], [-0.4921875], [-3.421875], [-3.71875], [-2.734375], [-0.326171875], [-3.03125], [-4.71875], [-1.03125], [-3.328125], [-2.578125], [-1.9375], [-1.796875], [-2.328125], [-3.28125], [-0.3984375], [-2.5625], [-2.671875], [-2.46875], [-2.65625], [0.1806640625], [-5.1875], [-2.40625], [-2.359375], [-1.890625], [2.890625], [-2.8125], [-4.875], [1.1328125], [-2.90625], [-2.4375], [-3.328125], [-1.609375], [-1.484375], [-1.984375], [-2.703125], [-2.15625], [-2.09375], [-2.984375], [-1.8046875], [-2.78125], [-0.306640625], [-2.515625], [-1.859375], [-0.341796875], [-2.203125], [-1.421875], [-1.21875], [-2.234375], [-2.96875], [-0.404296875], [-0.09130859375], [-2.84375], [-1.25], [-0.91796875], [0.87890625], [-2.78125], [-1.25], [-1.859375], [-2.953125], [-1.0390625], [-2.640625], [-4.125], [-2.546875], [-0.74609375], [-3.015625], [-2.921875], [-1.609375], [-2.515625], [-1.890625], [-1.2265625], [-2.203125], [-0.86328125], [-2.140625], [-1.3046875], [-3.390625], [-2.0625], [-3.296875], [-1.1015625], [-2.328125], [-3.0625], [-2.40625], [-2.390625], [-2.296875], [-1.3515625], [-3.0], [-2.796875], [-2.1875], [-3.9375], [-4.15625], [-2.125], [-1.953125], [0.412109375], [-3.890625], [-0.69140625], [-3.71875], [-0.84375], [-2.96875], [-2.296875], [-2.03125], [-2.671875], [-2.375], [-4.5625], [-3.4375], [-3.484375], [-2.328125], [-4.6875], [-2.875], [-2.734375], [1.7109375]]}
