{"anthropic-red-team": [[-2.5625], [-6.15625], [-4.03125], [-4.28125], [-2.140625], [-2.015625], [-1.9140625], [-3.6875], [-3.46875], [-6.6875], [-1.6171875], [-1.5390625], [-3.015625], [-2.296875], [-2.734375], [-2.703125], [-2.171875], [-3.03125], [-2.078125], [-3.09375], [-3.828125], [-8.5], [-2.453125], [-5.5625], [-1.5390625], [-4.5], [0.197265625], [-9.6875], [-2.8125], [-1.546875], [-2.921875], [-3.125], [-3.484375], [-3.703125], [-3.4375], [-3.890625], [-2.265625], [-3.46875], [-2.34375], [-3.53125], [-7.875], [-2.78125], [1.40625], [-3.6875], [-1.8828125], [-4.90625], [-1.8046875], [-1.5546875], [-0.1904296875], [-3.203125], [-3.921875], [-2.359375], [-4.0625], [-5.03125], [-1.34375], [-3.09375], [-2.796875], [-6.34375], [-3.984375], [-1.0078125], [-1.703125], [-2.921875], [-3.9375], [-2.203125], [-3.390625], [-8.3125], [-2.828125], [-4.71875], [-2.359375], [-2.796875], [-2.84375], [-2.9375], [-1.453125], [-7.125], [-3.890625], [-2.078125], [-2.6875], [-4.15625], [-2.515625], [-4.40625], [-6.90625], [-3.75], [-5.125], [-5.21875], [-9.0], [-1.0546875], [-3.796875], [0.75], [-3.5], [-8.4375], [-4.0625], [-8.8125], [-2.390625], [-1.4765625], [-2.4375], [-4.15625], [-2.21875], [-5.09375], [-1.09375], [-1.9765625], [-2.6875], [-2.71875], [-1.5859375], [-1.7734375], [-1.828125], [-1.8203125], [-1.453125], [-1.7578125], [-2.1875], [-7.90625], [-2.3125], [-8.0625], [-3.234375], [-1.8359375], [-3.0625], [-2.359375], [-10.6875], [-4.28125], [-2.203125], [-0.392578125], [-2.421875], [-6.84375], [-3.453125], [-6.21875], [-5.71875], [-1.53125], [-5.8125], [-1.0703125]], "anthropic-helpful-base": [[2.890625], [-1.5], [1.578125], [-2.671875], [-2.328125], [-2.578125], [-0.2490234375], [0.69140625], [-1.78125], [2.578125], [0.146484375], [0.98046875], [1.171875], [0.7890625], [-2.5625], [2.59375], [-1.234375], [2.8125], [-0.51953125], [-0.8515625], [1.1484375], [0.4921875], [-2.453125], [-1.5625], [-3.203125], [0.306640625], [-4.125], [0.7109375], [2.796875], [2.4375], [2.46875], [2.390625], [1.7421875], [0.82421875], [2.65625], [-3.625], [-1.234375], [3.046875], [-0.146484375], [-2.859375], [2.765625], [1.609375], [3.21875], [0.8125], [2.0], [1.375], [0.6953125], [1.078125], [3.265625], [1.484375], [-2.75], [2.59375], [1.3828125], [2.515625], [-4.625], [1.828125], [0.20703125], [-1.7890625], [1.7265625], [-3.375], [0.3203125], [-2.140625], [0.82421875], [2.75], [-1.640625], [1.6953125], [-0.65234375], [1.203125], [-1.859375], [-0.376953125], [-0.33984375], [-1.0546875], [-3.34375], [3.390625], [-0.96875], [1.2421875], [2.359375], [-0.279296875], [-0.57421875], [-0.94921875], [0.73828125], [2.15625], [0.54296875], [2.046875], [-0.1533203125], [2.0], [2.34375], [-3.453125], [0.36328125], [-2.609375], [-0.28515625], [0.86328125], [2.1875], [0.2236328125], [1.1640625], [1.6640625], [-1.3359375], [1.765625], [-0.72265625], [1.015625], [-1.3828125], [0.46875], [0.828125], [1.34375], [3.265625], [-0.330078125], [-2.828125], [3.046875], [-1.5390625], [2.09375], [-1.4296875], [-2.390625], [1.0703125], [2.875], [-2.125], [-1.8046875], [-2.328125], [2.078125], [1.4453125], [-0.54296875], [-0.4921875], [1.640625], [-5.46875], [1.1015625], [1.1953125], [2.78125], [-1.5859375], [2.484375]], "anthropic-harmless-base": [[-3.75], [-2.34375], [-6.3125], [-1.5078125], [-4.1875], [-8.625], [-4.625], [-3.015625], [-9.125], [-1.125], [-5.0625], [1.7421875], [-6.21875], [-7.78125], [-2.375], [-3.765625], [-2.421875], [-0.6640625], [-1.9609375], [-4.84375], [-3.046875], [-1.1953125], [-1.140625], [-2.3125], [-4.28125], [-6.5], [-2.609375], [-6.03125], [-2.015625], [-2.9375], [-4.25], [-4.9375], [-3.640625], [-2.546875], [-2.234375], [-2.171875], [-5.59375], [-2.359375], [-2.265625], [-2.265625], [-1.8828125], [-5.4375], [-5.3125], [-9.625], [-4.3125], [-5.78125], [-3.40625], [-2.140625], [-3.328125], [-1.2421875], [-0.99609375], [-3.421875], [-1.9921875], [-2.484375], [-2.9375], [-7.625], [-5.5625], [-4.125], [-2.78125], [-5.15625], [-7.25], [-1.390625], [-4.0], [-10.1875], [-5.125], [-2.1875], [-4.9375], [-1.9296875], [-3.046875], [-10.0], [-3.234375], [-5.09375], [-3.4375], [-2.921875], [-6.875], [-3.5625], [-2.3125], [-2.5], [-2.0625], [-4.3125], [-6.6875], [-2.0625], [-5.375], [-2.296875], [-2.171875], [-7.5], [-5.03125], [-4.25], [-5.0], [-3.953125], [-2.390625], [-4.25], [-7.25], [-2.28125], [-2.546875], [-1.5859375], [-2.90625], [-5.71875], [-3.703125], [-0.66796875], [-1.84375], [-3.546875], [-10.625], [-2.3125], [-1.3515625], [-6.6875], [-7.0625], [-2.609375], [3.59375], [-0.38671875], [-4.3125], [-2.09375], [-5.34375], [-3.0], [-1.734375], [-8.0], [-4.84375], [-1.1328125], [-2.953125], [-1.1328125], [-3.453125], [-3.875], [-2.46875], [-1.3046875], [-2.765625], [-2.796875], [-7.46875], [-5.3125]], "openai/webgpt_comparisons": [[-2.5], [0.03125], [-1.6171875], [-2.390625], [-2.5625], [-0.70703125], [-2.59375], [0.7421875], [-2.15625], [-0.70703125], [-2.859375], [-2.453125], [1.3984375], [-2.5625], [-2.625], [-2.171875], [-1.5], [-0.50390625], [-2.65625], [0.765625], [-4.1875], [-2.5], [-2.578125], [-1.5625], [-2.828125], [-3.84375], [-2.1875], [-1.4453125], [-2.0], [-1.0546875], [-1.4375], [-2.421875], [-1.4765625], [-2.125], [-3.3125], [-2.796875], [-2.09375], [-2.875], [-1.6328125], [-1.5625], [-3.140625], [-2.390625], [0.248046875], [2.03125], [-2.265625], [-5.09375], [-1.796875], [-2.484375], [-2.5], [-2.140625], [-1.546875], [-0.87890625], [-2.125], [-2.484375], [-5.03125], [-0.470703125], [-3.015625], [-2.59375], [-1.8125], [-0.60546875], [1.5078125], [-2.1875], [-0.5234375], [-0.74609375], [-2.875], [-0.0224609375], [-2.03125], [-2.78125], [-0.94140625], [-1.6328125], [-1.671875], [-1.296875], [-0.89453125], [0.9453125], [-2.828125], [-0.78125], [-2.0], [-2.734375], [-0.671875], [0.04541015625], [-5.125], [-2.421875], [-0.734375], [-3.03125], [-2.9375], [-2.703125], [-2.28125], [-3.375], [-0.37890625], [-2.484375], [-1.046875], [-0.7734375], [-2.4375], [-3.09375], [-1.3671875], [-3.484375], [-1.5546875], [-1.0546875], [-3.53125], [-2.40625], [-2.390625], [-2.4375], [-0.96484375], [-3.0625], [-2.796875], [-2.25], [-3.125], [-4.09375], [-2.46875], [-1.9765625], [0.40625], [-4.46875], [-0.5], [-2.875], [-0.6953125], [-2.765625], [-2.640625], [-1.3515625], [-2.59375], [-1.140625], [-4.09375], [-2.703125], [-2.234375], [-2.1875], [-3.25], [-2.96875], [-1.421875], [1.3046875]]}
