{"anthropic-red-team": [[-2.28125], [-6.21875], [-1.890625], [-3.984375], [-2.921875], [-1.9453125], [-2.8125], [-2.796875], [-4.53125], [-6.65625], [-1.6328125], [-2.359375], [-3.375], [-1.890625], [-5.34375], [-2.921875], [-2.1875], [-2.765625], [-1.9609375], [-2.21875], [-3.546875], [-3.4375], [-8.9375], [-1.671875], [-5.40625], [-1.640625], [-2.8125], [-2.140625], [-2.875], [-2.125], [-1.96875], [-3.125], [-2.703125], [-3.21875], [-2.453125], [-5.75], [-2.15625], [-2.359375], [-1.421875], [-3.25], [-1.828125], [-2.546875], [-1.5625], [-2.59375], [-2.8125], [-5.375], [-2.046875], [-1.5234375], [0.224609375], [-3.359375], [-1.6015625], [-6.5], [-3.921875], [-1.4453125], [-2.171875], [-2.59375], [-2.640625], [-7.09375], [-1.4140625], [-1.3984375], [-1.1640625], [-6.5], [-4.34375], [-2.265625], [-2.296875], [-8.0], [-3.3125], [-3.984375], [-2.125], [-2.15625], [-2.125], [-1.9140625], [-2.40625], [-4.8125], [-2.5625], [-1.9609375], [-2.453125], [-1.8046875], [-2.46875], [-2.296875], [-7.34375], [-2.875], [-4.53125], [-4.8125], [-8.375], [-2.328125], [-1.4921875], [-1.7734375], [-2.15625], [-1.7734375], [-3.328125], [-3.09375], [-1.8515625], [-2.6875], [-1.5625], [-1.9921875], [-1.203125], [-4.375], [-1.734375], [-2.265625], [-1.4921875], [-2.71875], [-1.2578125], [-1.25], [-1.7734375], [-2.03125], [-2.078125], [-1.9765625], [-2.375], [-9.625], [-1.765625], [-7.78125], [-3.25], [-1.84375], [-2.3125], [-1.546875], [-9.8125], [-3.859375], [-1.90625], [-0.609375], [-2.15625], [-2.578125], [-5.28125], [-5.15625], [-3.03125], [-1.53125], [-3.875], [-1.2734375]], "anthropic-helpful-base": [[2.96875], [-2.9375], [1.171875], [-3.046875], [-0.373046875], [-2.15625], [-0.060546875], [0.33203125], [-1.96875], [2.265625], [0.07763671875], [1.4375], [0.4296875], [0.828125], [-2.171875], [2.578125], [-0.83984375], [3.3125], [0.455078125], [-1.0859375], [1.453125], [-0.9296875], [-1.7890625], [-0.7734375], [-2.703125], [-1.8671875], [-3.65625], [1.3671875], [3.03125], [2.546875], [3.078125], [2.203125], [1.828125], [1.171875], [2.75], [-3.4375], [-0.216796875], [3.109375], [-0.203125], [-2.890625], [2.390625], [0.310546875], [2.984375], [-0.1953125], [1.7265625], [1.765625], [0.76953125], [0.8984375], [3.65625], [0.58984375], [-2.578125], [2.75], [1.609375], [2.828125], [-5.1875], [1.703125], [0.69921875], [-1.3046875], [1.5859375], [-1.109375], [0.6796875], [-1.8046875], [1.0859375], [2.421875], [0.126953125], [2.5625], [-0.396484375], [0.515625], [1.7734375], [0.9375], [-2.71875], [-1.0546875], [-1.46875], [3.53125], [-1.1875], [3.296875], [2.0], [-0.154296875], [-1.0703125], [-0.86328125], [0.9453125], [2.515625], [0.765625], [2.515625], [0.458984375], [1.6953125], [2.4375], [-2.9375], [-0.380859375], [-2.640625], [-0.244140625], [0.7734375], [2.046875], [-0.486328125], [-1.6328125], [0.11376953125], [-2.125], [-0.671875], [-0.625], [1.0546875], [-1.2109375], [0.326171875], [0.83203125], [1.1875], [3.875], [-0.40625], [1.3515625], [3.1875], [2.28125], [1.6875], [-0.6640625], [-1.8828125], [1.109375], [3.109375], [-2.6875], [-1.8671875], [-2.03125], [2.390625], [1.5625], [-0.037109375], [2.015625], [1.6875], [-6.46875], [1.2265625], [1.6015625], [2.140625], [-2.578125], [2.53125]], "anthropic-harmless-base": [[-2.0625], [-2.328125], [-7.28125], [-0.66015625], [-1.5703125], [-8.1875], [-4.9375], [-2.453125], [-1.75], [-1.15625], [-5.5], [0.69921875], [-4.5], [-7.75], [-2.53125], [-11.25], [-6.625], [-0.490234375], [-2.34375], [-1.703125], [-5.46875], [-1.6640625], [-1.3828125], [-6.9375], [-1.671875], [-9.125], [-2.953125], [-5.78125], [-2.0625], [-3.828125], [-3.984375], [-4.6875], [-3.765625], [-2.4375], [-3.296875], [-1.875], [-7.125], [-1.828125], [-1.8984375], [-2.28125], [-1.6640625], [-5.4375], [-2.640625], [-9.25], [-4.59375], [-4.375], [-3.328125], [-2.875], [-6.53125], [-2.25], [-1.40625], [-1.4453125], [-5.875], [-1.875], [-1.6953125], [-7.40625], [-2.625], [-4.0625], [-2.84375], [-5.0625], [-7.03125], [-1.59375], [-3.328125], [-2.140625], [-5.90625], [-10.375], [-2.375], [-2.609375], [-3.09375], [-9.3125], [-3.140625], [-4.96875], [-2.625], [-2.03125], [-6.53125], [-2.203125], [-1.5859375], [-2.515625], [-5.0], [-2.6875], [-2.703125], [-1.96875], [-2.390625], [-1.9296875], [-2.203125], [-8.125], [-7.5625], [-2.578125], [-5.9375], [-2.765625], [-2.34375], [-4.5625], [-4.3125], [-1.9609375], [-6.65625], [-2.0], [-2.65625], [-4.09375], [-3.453125], [-0.734375], [-1.875], [-5.5], [-11.1875], [-2.453125], [-0.412109375], [-7.3125], [-6.59375], [-3.03125], [-0.46875], [-0.78125], [-3.171875], [-1.3828125], [-2.953125], [-2.140625], [-4.21875], [-5.53125], [-4.46875], [-0.921875], [-1.796875], [-1.8046875], [-2.40625], [-3.1875], [-1.4921875], [-2.53125], [-1.5625], [-5.53125], [-7.84375], [-8.875]], "openai/webgpt_comparisons": [[-1.8125], [0.423828125], [-1.5390625], [-2.6875], [-2.875], [-0.396484375], [-0.11572265625], [1.140625], [-1.5234375], [-3.046875], [-2.875], [-0.21484375], [1.3203125], [-2.578125], [-2.609375], [-2.34375], [-0.7890625], [-0.34375], [-3.109375], [-2.234375], [-4.375], [-2.53125], [-2.546875], [-2.265625], [-3.0625], [-3.71875], [1.015625], [-3.328125], [-1.9296875], [-2.234375], [-1.765625], [-2.5], [-1.375], [-0.171875], [-3.296875], [-2.796875], [-2.640625], [-2.734375], [-2.9375], [-2.75], [-2.859375], [-2.484375], [-1.9921875], [2.53125], [-2.46875], [-4.75], [1.4296875], [-2.296875], [-2.078125], [-1.03125], [-2.625], [-1.4921875], [-2.109375], [-2.90625], [-2.0625], [-0.6328125], [-3.109375], [-2.53125], [-2.71875], [-0.63671875], [1.9296875], [-1.515625], [-0.443359375], [-2.140625], [-2.671875], [-1.1953125], [-2.1875], [-2.65625], [-1.0625], [-1.625], [-1.4296875], [-1.609375], [-2.6875], [1.921875], [-2.65625], [-1.1328125], [-2.203125], [-2.09375], [-0.7109375], [0.357421875], [-4.125], [-2.5625], [-2.640625], [-2.671875], [-2.234375], [-1.2109375], [-2.125], [-2.15625], [-0.54296875], [-2.546875], [-0.40625], [-2.140625], [-2.625], [-2.65625], [-2.5], [-3.25], [-2.328125], [-2.171875], [-2.859375], [-2.4375], [-2.484375], [-2.40625], [-1.6015625], [-1.875], [-2.71875], [-2.09375], [-3.65625], [-5.0], [-1.3828125], [-1.921875], [-0.298828125], [-4.71875], [-1.078125], [-2.875], [-2.1875], [-2.65625], [-2.265625], [-1.6484375], [-2.609375], [-1.3046875], [-4.5625], [-3.453125], [-2.9375], [-1.859375], [-3.390625], [-2.90625], [-2.578125], [-2.0625]]}
