{"anthropic-red-team": [[-2.125], [-6.125], [-8.3125], [-3.703125], [-3.0], [-4.96875], [-3.140625], [-3.28125], [-4.5625], [-6.3125], [-5.03125], [-3.640625], [-2.4375], [-2.53125], [-5.0625], [-3.09375], [-2.625], [-5.0625], [-1.9921875], [-3.53125], [-5.3125], [-10.5], [-2.4375], [-6.21875], [-2.78125], [-4.71875], [0.62109375], [-9.75], [-3.09375], [-4.25], [-5.21875], [-3.703125], [-2.9375], [-3.65625], [-3.96875], [-5.0625], [-2.40625], [-3.6875], [-3.796875], [-4.875], [-8.6875], [-6.21875], [0.71484375], [-4.34375], [-2.90625], [-4.71875], [-3.109375], [-2.125], [-0.7890625], [-5.28125], [-3.34375], [-9.0], [-3.890625], [-1.296875], [-3.21875], [-3.078125], [-3.0], [-5.1875], [-4.6875], [-6.15625], [-3.78125], [-6.1875], [-5.1875], [-1.734375], [-2.890625], [-5.15625], [-3.453125], [-5.9375], [-3.203125], [-2.890625], [-4.9375], [-5.53125], [-3.25], [-2.421875], [-3.921875], [-1.9921875], [-2.78125], [-6.5625], [-2.40625], [-2.625], [-6.78125], [-3.234375], [-5.0], [-7.28125], [-6.90625], [-3.6875], [-2.515625], [-2.859375], [-6.46875], [-8.5625], [-6.875], [-7.53125], [-1.9296875], [-4.9375], [-3.265625], [-4.6875], [-2.1875], [-3.359375], [-6.625], [-6.25], [-3.28125], [-2.671875], [-3.1875], [-2.984375], [-5.21875], [-2.1875], [-5.6875], [-3.296875], [-3.453125], [-8.625], [-2.453125], [-7.75], [-3.828125], [-1.765625], [-2.875], [-2.484375], [-10.4375], [-4.0625], [-3.375], [-0.2734375], [-2.859375], [-6.21875], [-5.5625], [-3.21875], [-8.8125], [-6.34375], [-5.1875], [-1.9765625]], "anthropic-helpful-base": [[2.625], [-1.2265625], [1.7578125], [-3.59375], [-2.09375], [-2.484375], [-0.50390625], [0.3359375], [-2.15625], [2.5], [0.330078125], [1.0], [0.4921875], [0.52734375], [-2.171875], [3.046875], [-1.5390625], [3.359375], [0.158203125], [-0.84765625], [1.1484375], [-0.84375], [-2.578125], [-1.1328125], [-3.625], [-0.58203125], [-2.59375], [0.98828125], [0.1455078125], [2.46875], [3.546875], [1.640625], [1.4375], [0.466796875], [2.984375], [-3.9375], [-1.203125], [2.421875], [-0.4140625], [-2.703125], [1.6953125], [-0.7265625], [2.453125], [0.703125], [1.8671875], [1.515625], [0.7109375], [0.87890625], [3.171875], [1.3359375], [-2.359375], [2.828125], [1.3515625], [3.171875], [-4.9375], [2.015625], [0.142578125], [-1.5078125], [1.4609375], [-0.734375], [0.97265625], [-3.0625], [0.9453125], [2.25], [-1.828125], [-2.125], [-1.0859375], [-1.3203125], [-1.578125], [-0.3359375], [1.2265625], [-1.0546875], [-3.40625], [3.71875], [-2.65625], [-0.036865234375], [1.78125], [-0.74609375], [-1.6015625], [-0.9609375], [1.1015625], [2.03125], [0.32421875], [-1.3359375], [0.859375], [2.15625], [2.75], [-3.765625], [0.796875], [-2.828125], [-0.5546875], [1.0546875], [2.1875], [0.1513671875], [0.83203125], [1.453125], [-2.015625], [0.65625], [-0.61328125], [1.7578125], [-0.52734375], [-1.3515625], [-1.3828125], [1.8125], [3.796875], [-0.50390625], [0.74609375], [3.5], [-1.5390625], [2.171875], [-1.2734375], [-1.8046875], [0.97265625], [2.546875], [-2.890625], [-1.7109375], [-1.7890625], [-2.1875], [2.109375], [0.21875], [1.5234375], [-0.984375], [-5.5], [1.15625], [-0.609375], [2.46875], [-2.5625], [2.40625]], "anthropic-harmless-base": [[-3.8125], [-3.3125], [-6.84375], [-8.875], [-4.375], [-8.5625], [-5.65625], [-3.078125], [-7.0625], [-0.734375], [-6.40625], [1.5703125], [-6.09375], [-6.96875], [-3.015625], [-10.875], [-6.78125], [-2.046875], [-3.359375], [-4.59375], [-5.4375], [-8.1875], [-8.0625], [-7.375], [-1.6875], [-9.0625], [-2.9375], [-5.875], [-4.0], [-3.375], [-4.125], [-5.34375], [-5.65625], [-3.34375], [-3.21875], [-2.875], [-7.3125], [-3.578125], [-1.671875], [-2.140625], [-1.8828125], [-5.25], [-4.15625], [-4.15625], [-4.6875], [-8.0625], [-2.75], [-2.921875], [-5.8125], [-8.5625], [-8.75], [-5.40625], [-7.1875], [-4.65625], [-3.140625], [-7.84375], [-4.59375], [-5.25], [-3.609375], [-6.5625], [-6.96875], [-1.421875], [-3.859375], [-9.25], [-7.34375], [-9.9375], [-5.3125], [-1.7734375], [-3.890625], [-9.3125], [-3.640625], [-5.03125], [-3.484375], [-1.9765625], [-6.15625], [-5.15625], [-9.125], [-3.28125], [-6.0], [-4.40625], [-5.75], [-1.953125], [-2.578125], [-2.453125], [-3.15625], [-7.8125], [-4.59375], [-3.421875], [-2.140625], [-4.0625], [-2.609375], [-4.9375], [-6.9375], [-2.1875], [-6.5], [-0.40234375], [-3.96875], [-5.375], [-3.359375], [-5.34375], [-3.046875], [-5.6875], [-10.75], [-3.375], [0.234375], [-6.375], [-6.9375], [-2.640625], [2.421875], [-0.1201171875], [-4.625], [-6.53125], [-5.28125], [-8.9375], [-2.765625], [-4.4375], [-4.8125], [-3.875], [-3.84375], [-4.59375], [-5.03125], [-4.96875], [-3.15625], [-2.875], [-2.046875], [-2.828125], [-7.71875], [-7.09375]], "openai/webgpt_comparisons": [[-2.546875], [0.58984375], [-0.546875], [-2.546875], [-2.625], [-1.734375], [-0.4921875], [0.515625], [-2.578125], [-3.234375], [-2.875], [-0.1591796875], [1.0625], [-2.5], [-2.828125], [-2.390625], [-0.7578125], [-0.62109375], [-3.3125], [-1.5859375], [-3.8125], [-3.859375], [-1.0625], [0.11328125], [-3.421875], [-3.796875], [-2.296875], [-1.15625], [-2.90625], [-2.359375], [-1.328125], [-2.953125], [-3.1875], [-0.92578125], [-3.21875], [-2.5], [-2.515625], [-2.875], [-0.34375], [-4.3125], [-2.875], [-2.359375], [-1.796875], [2.671875], [-2.84375], [-4.875], [0.6328125], [-3.078125], [-2.65625], [-2.484375], [-1.765625], [-2.515625], [-1.6875], [-2.796875], [-4.65625], [-0.34765625], [-3.125], [-2.734375], [-2.53125], [-0.6640625], [-2.484375], [-1.6484375], [-0.03515625], [-2.4375], [-2.75], [-1.2421875], [-2.796875], [-2.3125], [-0.5234375], [-2.171875], [-1.6796875], [-1.1953125], [-0.69921875], [1.234375], [-1.1328125], [-1.2265625], [-2.09375], [-2.0], [-2.4375], [-0.040771484375], [-4.125], [-2.59375], [-0.60546875], [-2.265625], [-2.890625], [-2.640625], [-2.484375], [-1.265625], [-2.359375], [-2.578125], [-0.43359375], [-2.453125], [-2.515625], [-3.515625], [-1.8828125], [-3.453125], [-1.328125], [-2.640625], [-3.09375], [-2.96875], [-3.09375], [-1.71875], [-1.0390625], [-3.046875], [-2.53125], [-2.3125], [-4.5625], [-5.09375], [-2.296875], [-1.9375], [0.3984375], [-4.4375], [-1.578125], [-3.171875], [-1.1640625], [-2.5625], [-2.484375], [-1.890625], [-2.71875], [-2.078125], [-3.9375], [-3.109375], [-2.875], [-2.09375], [-4.21875], [-2.875], [-2.4375], [-1.234375]]}
