{"anthropic-red-team": [[-2.96875], [-5.90625], [-2.203125], [-4.5], [-2.59375], [-1.96875], [-3.40625], [-2.140625], [-4.59375], [-6.375], [-3.796875], [-3.5], [-3.734375], [-1.75], [-5.5625], [-4.875], [-2.40625], [-3.03125], [-1.734375], [-3.359375], [-5.21875], [-2.640625], [-2.453125], [-5.59375], [-2.125], [-3.296875], [1.0703125], [-10.25], [-2.953125], [-2.078125], [-2.0], [-4.375], [-2.671875], [-3.875], [-3.34375], [-5.15625], [-2.390625], [-2.390625], [-2.859375], [-5.3125], [-8.1875], [-2.484375], [-1.53125], [-3.78125], [-2.78125], [-5.1875], [-2.5], [-1.484375], [-0.61328125], [-5.375], [-1.65625], [-8.0625], [-3.8125], [-1.8046875], [-1.921875], [-3.09375], [-2.78125], [-6.53125], [-5.5], [-6.1875], [-3.578125], [-6.40625], [-2.203125], [-2.375], [-2.96875], [-7.21875], [-5.1875], [-5.3125], [-2.984375], [-2.75], [-2.515625], [-2.453125], [-2.4375], [-2.71875], [-2.4375], [-1.7734375], [-2.84375], [-1.8515625], [-2.421875], [-2.15625], [-7.53125], [-3.109375], [-5.125], [-7.0], [-7.28125], [-2.53125], [-1.515625], [-0.0247802734375], [-2.046875], [-9.25], [-4.0], [-7.625], [-2.390625], [-4.15625], [-3.1875], [-2.359375], [-2.1875], [-4.28125], [-3.78125], [-3.734375], [-2.296875], [-2.65625], [-4.375], [-2.71875], [-2.421875], [-1.90625], [-2.25], [-1.890625], [-3.46875], [-4.84375], [-2.359375], [-7.1875], [-2.796875], [-2.0], [-2.546875], [-2.609375], [-9.1875], [-4.09375], [-1.765625], [-2.296875], [-2.875], [-2.65625], [-5.46875], [-2.015625], [-2.515625], [-1.4140625], [-4.75], [-1.328125]], "anthropic-helpful-base": [[3.15625], [-2.640625], [1.453125], [-3.34375], [0.0087890625], [-2.578125], [0.049560546875], [0.79296875], [-1.9765625], [2.421875], [-0.0267333984375], [0.004852294921875], [1.671875], [0.6328125], [-2.171875], [2.71875], [-1.3359375], [2.953125], [0.447265625], [-0.84375], [1.8125], [0.00701904296875], [-1.7109375], [-1.0234375], [-2.71875], [-0.2001953125], [-2.140625], [1.21875], [2.875], [2.6875], [2.609375], [1.78125], [1.71875], [1.3125], [2.9375], [-3.515625], [-1.65625], [2.84375], [-0.054931640625], [-3.03125], [2.515625], [2.125], [3.0625], [0.00689697265625], [0.8828125], [1.6796875], [0.90625], [0.57421875], [3.3125], [1.796875], [-3.15625], [2.71875], [1.3046875], [3.125], [-5.21875], [1.2578125], [0.68359375], [-1.4921875], [1.7578125], [-2.59375], [0.62890625], [-2.078125], [0.46875], [-2.109375], [-0.08984375], [2.40625], [0.10205078125], [0.267578125], [1.2265625], [1.0078125], [0.125], [-1.0546875], [-3.421875], [-2.328125], [-1.4453125], [-0.072265625], [2.5], [-2.8125], [-1.734375], [-0.8984375], [1.34375], [3.34375], [0.37890625], [2.09375], [1.453125], [2.296875], [2.609375], [-1.9609375], [0.326171875], [-2.578125], [-0.35546875], [1.109375], [2.34375], [-0.2490234375], [0.984375], [1.8359375], [-2.1875], [1.3671875], [-0.53125], [1.21875], [-0.578125], [0.7109375], [-1.453125], [1.3984375], [3.71875], [-0.0296630859375], [1.421875], [-0.12060546875], [-1.8671875], [1.2421875], [-0.6484375], [-2.84375], [1.03125], [2.90625], [-2.828125], [-1.2265625], [-1.53125], [2.0625], [-0.33203125], [-0.08935546875], [1.265625], [-1.34375], [-5.96875], [1.5625], [0.84375], [2.5625], [0.63671875], [2.34375]], "anthropic-harmless-base": [[-3.4375], [-6.46875], [-6.1875], [-0.71875], [-4.375], [-7.96875], [-7.0], [-2.953125], [-6.34375], [-1.3515625], [-5.0625], [0.8671875], [-5.40625], [-7.65625], [-2.578125], [-10.625], [-6.34375], [-2.546875], [-3.328125], [-1.7109375], [-6.0625], [-7.875], [-7.875], [-6.0], [-1.8515625], [-7.03125], [-3.09375], [-6.46875], [-2.0625], [-6.15625], [-4.09375], [-5.25], [-3.96875], [-4.03125], [-2.90625], [-1.984375], [-7.15625], [-1.8984375], [-2.03125], [-2.296875], [-2.3125], [-5.21875], [-3.984375], [-10.3125], [-4.21875], [-5.0625], [-1.625], [-1.1015625], [-5.40625], [-0.69921875], [-3.40625], [-5.0], [-1.890625], [-4.59375], [-1.46875], [-7.40625], [-4.5], [-4.875], [-3.015625], [-4.625], [-1.640625], [-1.4140625], [-3.96875], [-10.25], [-6.8125], [-10.25], [-2.796875], [-1.6640625], [-5.6875], [-9.125], [-3.8125], [-5.0625], [-3.484375], [-1.8671875], [-5.1875], [-4.84375], [-9.1875], [-5.0625], [-5.6875], [-3.03125], [-2.84375], [-1.9609375], [-5.5625], [-2.0625], [-2.28125], [-7.59375], [-7.5625], [-4.875], [-1.7578125], [-4.0], [-2.671875], [-4.46875], [-4.09375], [-1.9609375], [-6.46875], [-0.9140625], [-3.078125], [-3.28125], [-1.8984375], [-2.46875], [-2.765625], [-4.59375], [-10.4375], [-2.671875], [-0.6875], [-6.8125], [-6.71875], [-2.875], [2.203125], [-0.65234375], [-4.53125], [-1.5390625], [-4.09375], [-3.859375], [-2.328125], [-4.5], [-4.4375], [-1.40625], [-1.7421875], [-1.8046875], [-5.125], [-3.171875], [-1.6796875], [-1.8359375], [-1.9140625], [-4.9375], [-7.5625], [-4.5625]], "openai/webgpt_comparisons": [[-1.96875], [0.244140625], [-1.5625], [-2.25], [-2.40625], [-0.47265625], [-0.796875], [0.89453125], [-1.7890625], [-2.984375], [-2.625], [-2.53125], [0.96484375], [-2.0625], [-2.5], [-2.0625], [-0.87890625], [-0.41015625], [-2.71875], [-2.25], [-4.25], [-3.65625], [-2.296875], [-2.4375], [-2.734375], [-3.671875], [-1.78125], [-1.1953125], [-2.015625], [-2.125], [-1.484375], [-2.1875], [-1.0625], [-2.59375], [-3.28125], [-2.671875], [-2.359375], [-2.546875], [-0.482421875], [-1.734375], [-2.875], [-2.515625], [-1.921875], [2.3125], [-2.75], [-4.6875], [1.296875], [-3.0625], [-2.1875], [-1.375], [-1.7890625], [-1.109375], [-2.328125], [-1.8046875], [-1.9453125], [-2.328125], [-2.703125], [-2.0625], [-2.59375], [-0.4765625], [-1.578125], [-2.46875], [-2.8125], [-2.296875], [-2.375], [-0.84375], [-2.09375], [-2.484375], [-0.734375], [-1.9921875], [-2.5], [-2.6875], [-0.9921875], [0.71875], [-0.9140625], [-1.046875], [-2.390625], [-1.828125], [-0.7890625], [-2.65625], [-3.703125], [-3.21875], [-0.9296875], [-2.6875], [-2.5625], [-1.75], [-1.6640625], [-1.796875], [-2.09375], [-2.703125], [-0.412109375], [-1.828125], [-1.0859375], [-2.40625], [-1.609375], [-2.859375], [-2.3125], [-2.375], [-0.75], [-2.203125], [-2.4375], [-2.0625], [-1.8984375], [-2.9375], [-2.53125], [-1.96875], [-3.359375], [-3.28125], [-1.8828125], [-2.078125], [0.89453125], [-3.828125], [0.04833984375], [-2.546875], [-2.46875], [-2.796875], [-2.859375], [-2.65625], [-2.421875], [-1.6328125], [-3.875], [-2.65625], [-2.609375], [-1.375], [-3.09375], [-2.546875], [-2.328125], [1.5234375]]}
