{"anthropic-red-team": [[-2.9375], [-6.3125], [-2.078125], [-3.890625], [-2.953125], [-1.9296875], [-3.75], [-2.140625], [-4.4375], [-6.5625], [-4.53125], [-2.6875], [-2.4375], [-3.453125], [-4.28125], [-2.40625], [-2.515625], [-5.03125], [-1.9921875], [-2.453125], [-5.0625], [-2.671875], [-2.46875], [-1.671875], [-1.4140625], [-4.78125], [0.875], [-10.875], [-2.859375], [-2.109375], [-2.015625], [-3.75], [-2.859375], [-3.8125], [-4.125], [-6.1875], [-2.421875], [-3.15625], [-5.40625], [-3.375], [-8.8125], [-2.46875], [1.0859375], [-3.34375], [-2.859375], [-5.09375], [-3.59375], [-1.484375], [-0.34765625], [-5.40625], [-3.375], [-3.078125], [-4.25], [-1.3828125], [-3.109375], [-2.265625], [-2.53125], [-7.03125], [-5.8125], [-5.78125], [-3.234375], [-6.15625], [-2.1875], [-1.6171875], [-2.921875], [-5.75], [-8.0], [-2.921875], [-3.125], [-2.859375], [-2.34375], [-2.921875], [-2.359375], [-2.421875], [-3.46875], [-1.9921875], [-3.515625], [-5.84375], [-2.5], [-2.46875], [-6.375], [-3.234375], [-4.4375], [-5.6875], [-1.8203125], [-3.546875], [-3.453125], [-2.34375], [-6.28125], [-8.3125], [-3.203125], [-6.625], [-1.328125], [-5.59375], [-2.328125], [-4.0], [-2.1875], [-3.453125], [-1.734375], [-2.671875], [-2.3125], [-2.640625], [-4.40625], [-3.109375], [-5.53125], [-2.109375], [-5.1875], [-2.296875], [-2.40625], [-9.3125], [-2.21875], [-7.625], [-3.28125], [-1.8828125], [-3.03125], [-2.078125], [-10.3125], [-4.125], [-1.6953125], [-0.76171875], [-2.859375], [-3.640625], [-3.421875], [-5.21875], [-2.515625], [-2.359375], [-4.84375], [-1.5625]], "anthropic-helpful-base": [[2.71875], [-1.2265625], [1.0234375], [-3.484375], [-0.40625], [-0.8984375], [-0.478515625], [-0.051025390625], [-2.5], [2.859375], [0.042724609375], [1.0234375], [1.859375], [0.71484375], [-2.28125], [2.96875], [-1.2734375], [3.1875], [0.451171875], [-1.0859375], [1.453125], [0.478515625], [-2.578125], [-0.349609375], [-2.84375], [0.7890625], [-3.953125], [0.65625], [2.453125], [0.1064453125], [2.984375], [2.203125], [1.859375], [1.390625], [2.71875], [-3.546875], [-1.8203125], [2.59375], [0.09033203125], [-2.1875], [2.09375], [1.5390625], [3.4375], [0.69140625], [1.6953125], [0.70703125], [0.76171875], [0.4921875], [3.21875], [1.5390625], [-2.25], [3.015625], [1.3515625], [2.671875], [-5.1875], [1.8671875], [0.55859375], [-1.3203125], [0.890625], [-0.8359375], [1.0234375], [-2.859375], [0.5703125], [1.890625], [0.0096435546875], [1.2734375], [-1.1640625], [1.2109375], [-0.09326171875], [0.33203125], [1.0078125], [-1.0546875], [-1.453125], [3.9375], [-2.875], [-1.0234375], [2.625], [-0.11865234375], [-0.890625], [-0.86328125], [0.5546875], [2.828125], [-0.11962890625], [2.046875], [0.7890625], [1.53125], [2.4375], [-3.765625], [0.53125], [-2.671875], [-0.12109375], [0.6328125], [2.25], [-0.326171875], [0.859375], [-1.3046875], [-1.6875], [-0.59375], [-0.5859375], [0.66015625], [-0.7578125], [0.166015625], [-0.609375], [1.953125], [3.75], [-0.1982421875], [0.8984375], [1.625], [-1.71875], [1.3203125], [-1.1484375], [-2.046875], [1.2421875], [3.84375], [-2.53125], [-1.328125], [-2.390625], [-1.1328125], [2.859375], [0.091796875], [1.640625], [-0.302734375], [-5.53125], [1.28125], [-0.7890625], [2.09375], [-2.5625], [0.05810546875]], "anthropic-harmless-base": [[-4.0], [-2.484375], [-6.625], [-0.78125], [-4.34375], [-8.9375], [-7.59375], [-2.96875], [-7.09375], [-1.1484375], [-4.96875], [1.4765625], [-2.5625], [-6.6875], [-2.15625], [-10.875], [-1.7109375], [-1.9921875], [-3.1875], [-5.1875], [-5.0625], [-4.53125], [-2.03125], [-6.875], [-1.65625], [-8.5], [-3.234375], [-5.90625], [-2.1875], [-3.046875], [-4.78125], [-5.15625], [-4.125], [-2.453125], [-3.25], [-2.40625], [-7.21875], [-2.484375], [-2.625], [-2.453125], [-2.078125], [-5.375], [-3.265625], [-7.65625], [-4.625], [-3.09375], [-3.15625], [-1.1640625], [-4.625], [-1.03125], [-2.40625], [-2.90625], [-1.5625], [-4.4375], [-1.6796875], [-8.875], [-4.25], [-4.96875], [-2.921875], [-7.65625], [-5.15625], [-1.390625], [-4.84375], [-9.125], [-7.71875], [-11.125], [-5.3125], [-1.9140625], [-2.84375], [-11.3125], [-3.515625], [-4.5], [-3.390625], [-2.625], [-6.71875], [-4.75], [-10.625], [-5.15625], [-1.625], [-2.84375], [-5.75], [-1.453125], [-3.765625], [-2.5625], [-3.15625], [-8.3125], [-7.375], [-4.375], [-2.109375], [-4.25], [-2.703125], [-5.59375], [-7.3125], [-2.515625], [-6.5], [-2.703125], [-2.75], [-4.28125], [-3.34375], [-5.15625], [-2.6875], [-4.6875], [-10.5625], [-2.515625], [-0.4453125], [-5.46875], [-8.25], [-2.796875], [-0.69140625], [-0.69140625], [-4.9375], [-2.15625], [-3.21875], [-6.125], [-2.84375], [-5.84375], [-4.25], [-1.984375], [-4.125], [-2.828125], [-4.28125], [-3.828125], [-1.7578125], [-2.359375], [-2.1875], [-2.8125], [-7.96875], [-1.8046875]], "openai/webgpt_comparisons": [[-2.03125], [0.396484375], [-1.6640625], [-2.484375], [-1.328125], [-2.484375], [-2.515625], [1.140625], [-1.890625], [-3.03125], [-2.765625], [-0.36328125], [1.53125], [-2.484375], [-2.53125], [-2.34375], [0.84375], [-0.337890625], [-2.375], [-3.046875], [-5.78125], [-2.953125], [-2.390625], [0.158203125], [-2.515625], [-3.796875], [-2.171875], [-0.74609375], [-2.671875], [-1.546875], [-2.265625], [-2.234375], [-1.484375], [-0.3203125], [-3.015625], [-2.015625], [-2.484375], [-2.75], [-1.9453125], [-1.796875], [-3.125], [-2.4375], [-1.8984375], [3.59375], [-2.875], [-4.90625], [1.3046875], [-2.78125], [-2.546875], [-1.359375], [-1.6015625], [-1.21875], [-2.140625], [-1.984375], [-1.9921875], [-0.65234375], [-2.953125], [-2.390625], [-2.65625], [-0.2294921875], [1.8828125], [-1.3046875], [0.018798828125], [-1.9609375], [-2.921875], [-1.4140625], [-2.078125], [-2.671875], [-0.515625], [-1.6796875], [-1.7109375], [-1.5390625], [-1.3671875], [1.1015625], [-2.828125], [-0.578125], [-2.6875], [-2.109375], [-1.0078125], [0.5078125], [-4.46875], [-2.984375], [-0.515625], [-3.0625], [-2.859375], [-2.359375], [-1.8046875], [-1.546875], [0.2333984375], [-2.734375], [-0.458984375], [-2.15625], [-1.5625], [-2.765625], [-1.84375], [-3.125], [-2.578125], [-1.40625], [-3.25], [-2.5], [-2.53125], [-2.359375], [-0.74609375], [-3.09375], [-2.703125], [-2.46875], [-2.890625], [-4.90625], [-2.078125], [-2.125], [0.322265625], [-3.875], [-1.8515625], [-2.265625], [-2.625], [-2.875], [-2.734375], [-2.890625], [-2.265625], [-1.8515625], [-3.96875], [-3.0625], [-2.8125], [-1.53125], [-3.21875], [-2.75], [-2.484375], [-1.703125]]}
