{"anthropic-red-team": [[-1.96875], [-6.9375], [-2.265625], [-1.5546875], [-2.578125], [-1.4921875], [-1.703125], [-3.390625], [-3.46875], [-2.15625], [-1.6171875], [-3.671875], [-1.640625], [-3.203125], [-4.8125], [-5.03125], [-2.078125], [-3.328125], [-1.90625], [-2.109375], [-3.796875], [-2.359375], [-2.859375], [-2.25], [-0.9609375], [-1.96875], [-2.515625], [-5.78125], [-2.6875], [-1.9140625], [-2.28125], [-2.03125], [-2.390625], [-5.9375], [-2.96875], [-2.578125], [-2.515625], [-1.984375], [-1.3359375], [-3.390625], [-1.2578125], [-2.890625], [-0.66015625], [-1.8671875], [-1.53125], [-1.921875], [-2.390625], [-1.9375], [-1.5703125], [-6.8125], [-5.25], [-4.28125], [-2.359375], [-1.2109375], [-2.96875], [-3.25], [-2.453125], [-2.578125], [-1.9921875], [-1.765625], [-1.6328125], [-1.6328125], [-1.7734375], [-1.3359375], [-3.03125], [-1.34375], [-3.953125], [-5.9375], [-3.125], [-1.6171875], [-2.28125], [-2.4375], [-2.171875], [-2.453125], [-2.25], [-1.6875], [-2.03125], [-1.546875], [-2.5625], [-3.25], [-3.28125], [-3.296875], [-4.78125], [-1.5], [-2.09375], [-1.2265625], [-2.375], [-2.15625], [-3.5], [-1.875], [-4.03125], [-2.171875], [-1.9453125], [-3.96875], [-2.0625], [-2.28125], [-1.0703125], [-2.25], [-2.890625], [-2.46875], [-3.390625], [-2.46875], [-4.21875], [-4.625], [-3.5625], [-2.296875], [-1.8671875], [-1.625], [-3.78125], [-1.3828125], [-2.8125], [-3.109375], [-2.25], [-2.296875], [-2.40625], [-2.375], [-1.8125], [-4.28125], [-2.890625], [-1.28125], [-2.640625], [-3.21875], [-4.96875], [-1.765625], [-2.09375], [-7.09375], [-2.484375], [-1.4453125]], "anthropic-helpful-base": [[-2.765625], [-2.984375], [-1.7578125], [-4.0625], [-2.78125], [-1.671875], [-1.1171875], [-1.609375], [-2.484375], [2.1875], [-1.8125], [-1.0390625], [-3.546875], [-1.640625], [-2.53125], [0.66796875], [-2.9375], [2.46875], [0.2578125], [-2.015625], [-2.109375], [-1.859375], [-2.46875], [-2.453125], [-2.40625], [-3.484375], [-3.640625], [-2.734375], [-1.2734375], [-0.62890625], [-2.046875], [1.125], [-2.015625], [-2.515625], [-1.5390625], [-2.421875], [-2.234375], [1.609375], [-2.625], [-3.375], [-2.578125], [-2.171875], [-2.40625], [-1.5546875], [-1.890625], [1.1171875], [-2.921875], [-0.29296875], [-1.59375], [-2.515625], [-3.40625], [-2.171875], [-3.265625], [2.859375], [-4.6875], [-2.4375], [-2.0625], [-2.234375], [-1.59375], [-1.421875], [-2.609375], [-2.375], [-1.953125], [-2.078125], [-1.2734375], [-1.921875], [-2.078125], [-1.8515625], [-1.890625], [-2.40625], [-1.4765625], [-1.4296875], [-2.421875], [-2.734375], [-1.234375], [-1.828125], [-2.171875], [-2.140625], [-2.296875], [-1.25], [-3.203125], [-2.203125], [-2.5625], [-1.96875], [-0.97265625], [-2.34375], [2.515625], [-5.09375], [-2.4375], [-2.59375], [-1.7265625], [-0.61328125], [-1.6640625], [-2.28125], [-1.4296875], [-2.203125], [-1.7421875], [-2.296875], [-2.125], [-1.0625], [-1.5546875], [-1.0859375], [-1.6171875], [-1.3984375], [-0.96875], [-1.90625], [-2.140625], [-2.609375], [-1.9375], [-1.8671875], [-2.0625], [-2.625], [-2.640625], [-1.6328125], [-2.515625], [-2.265625], [-3.15625], [-0.2060546875], [-1.7890625], [-0.94921875], [-1.5], [-0.7109375], [-5.53125], [1.140625], [-2.125], [-1.1875], [-0.04541015625], [-0.91015625]], "anthropic-harmless-base": [[-1.1796875], [-2.125], [-5.40625], [-0.671875], [-1.984375], [-6.34375], [-2.859375], [-2.4375], [-7.1875], [-1.03125], [-4.75], [-1.9609375], [-1.640625], [-2.46875], [-2.765625], [-12.1875], [-4.0], [-2.1875], [-1.984375], [-1.2890625], [-3.09375], [-1.859375], [-1.28125], [-6.34375], [-5.25], [-5.25], [-2.078125], [-7.5625], [-6.15625], [-1.921875], [-3.546875], [-5.15625], [-4.09375], [-1.6484375], [-3.984375], [-2.921875], [-3.71875], [-2.09375], [-2.0625], [-2.296875], [-1.734375], [-1.390625], [-4.09375], [-3.171875], [-5.65625], [-1.75], [-1.3671875], [-0.77734375], [-2.34375], [-0.85546875], [-1.5859375], [-1.90625], [-1.234375], [-5.875], [-2.03125], [-5.28125], [-2.109375], [-4.25], [-3.0], [-2.5625], [-3.25], [-1.453125], [-3.015625], [-3.296875], [-6.34375], [-5.375], [-2.5625], [-0.9453125], [-2.765625], [-8.5625], [-2.21875], [-4.90625], [-4.5625], [-2.6875], [-0.8359375], [-2.21875], [-3.15625], [-3.203125], [-5.1875], [-2.375], [-4.0625], [-1.6875], [-3.328125], [-2.21875], [-2.53125], [-3.421875], [-3.9375], [-2.21875], [-1.8359375], [-4.3125], [-1.78125], [-2.375], [-6.84375], [-0.8671875], [-1.7890625], [-2.078125], [-2.3125], [-1.9765625], [-1.7890625], [-0.3984375], [-1.4375], [-2.765625], [-3.15625], [-4.4375], [-1.890625], [-2.453125], [-2.625], [-1.65625], [-1.390625], [-2.890625], [-2.6875], [-1.703125], [-4.875], [-2.546875], [-1.109375], [-8.3125], [-0.45703125], [-1.1875], [-1.2578125], [-1.1953125], [-4.125], [-5.9375], [-1.515625], [-2.015625], [-2.546875], [-2.328125], [-4.15625], [-1.6171875]], "openai/webgpt_comparisons": [[-2.40625], [-2.65625], [-3.09375], [-2.15625], [-1.921875], [-2.0], [-0.7578125], [-2.640625], [-1.9765625], [-3.0625], [-2.90625], [-3.21875], [-2.375], [-1.9453125], [-2.25], [-2.25], [-1.109375], [-1.6875], [-3.046875], [-2.734375], [-5.0625], [-1.953125], [-2.21875], [-2.296875], [-3.28125], [-4.28125], [-2.015625], [-2.796875], [-2.609375], [-2.015625], [-0.9921875], [-2.21875], [-3.40625], [-1.8046875], [-2.984375], [-1.8671875], [-2.265625], [-2.6875], [-2.171875], [-3.09375], [-1.515625], [-2.4375], [-1.6875], [1.2734375], [-2.4375], [-3.96875], [0.46484375], [-2.359375], [-1.90625], [-1.5078125], [-2.171875], [-1.953125], [-1.5625], [-2.625], [-2.609375], [-2.234375], [-2.546875], [-2.3125], [-2.234375], [-1.203125], [-0.09912109375], [-1.796875], [-3.03125], [-2.265625], [-2.578125], [-0.9765625], [-2.203125], [-2.296875], [-1.46875], [-2.171875], [-2.484375], [-1.6796875], [-1.953125], [-3.046875], [-2.40625], [-1.328125], [-2.5], [-3.078125], [-2.984375], [-0.06884765625], [-3.84375], [-0.83203125], [-1.921875], [-2.75], [-2.859375], [0.0625], [-1.6484375], [-2.8125], [-1.8203125], [-2.5], [-0.88671875], [-2.265625], [-3.015625], [-2.53125], [-2.28125], [-2.78125], [-2.203125], [-2.5], [-3.15625], [-3.078125], [-2.671875], [-2.296875], [-1.84375], [-2.578125], [-2.734375], [-2.359375], [-2.765625], [-3.828125], [-1.9375], [-1.7265625], [-2.546875], [-3.34375], [-1.09375], [-2.984375], [-2.34375], [-2.484375], [-2.578125], [-2.265625], [-2.59375], [-2.28125], [-1.5859375], [-3.296875], [-3.0], [-2.421875], [-3.078125], [-2.046875], [-2.203125], [2.09375]]}
