{"anthropic-red-team": [[-2.53125], [-6.8125], [-1.8359375], [-5.09375], [-2.171875], [-1.828125], [-2.140625], [-3.640625], [-5.0], [-7.8125], [-4.96875], [-5.34375], [-1.75], [-2.953125], [-3.203125], [-2.59375], [-2.171875], [-2.046875], [-1.9921875], [-3.234375], [-3.890625], [-7.96875], [-7.59375], [-5.25], [-1.234375], [-3.421875], [0.77734375], [-10.0], [-2.875], [-1.9375], [-2.015625], [-3.90625], [-2.765625], [-4.9375], [-3.21875], [-6.03125], [-2.359375], [-3.125], [-1.546875], [-3.15625], [-8.6875], [-3.0625], [0.314453125], [-2.234375], [-2.796875], [-5.25], [-2.875], [-1.59375], [-0.404296875], [-4.6875], [-2.828125], [-6.25], [-3.890625], [-1.8125], [-2.5], [-4.65625], [-2.296875], [-6.90625], [-2.3125], [-5.4375], [-4.125], [-6.25], [-1.7734375], [-1.7421875], [-2.765625], [-6.09375], [-3.359375], [-3.984375], [-2.09375], [-2.4375], [-2.21875], [-3.1875], [-3.296875], [-7.78125], [-2.703125], [-1.9921875], [-2.6875], [-1.84375], [-2.515625], [-4.3125], [-7.0625], [-4.5], [-3.78125], [-5.5625], [-7.59375], [-2.859375], [-1.53125], [0.0186767578125], [-3.359375], [-8.8125], [-3.203125], [-8.5], [-1.765625], [-2.078125], [-1.8046875], [-2.390625], [-2.1875], [-2.34375], [-2.109375], [-1.9453125], [-2.234375], [-2.640625], [-2.59375], [-1.9375], [-2.140625], [-1.96875], [-1.7734375], [-1.875], [-3.515625], [-7.625], [-2.453125], [-7.5625], [-2.3125], [-1.6484375], [-3.03125], [-2.3125], [-10.8125], [-4.03125], [-1.8046875], [-1.1640625], [-2.234375], [-4.65625], [-3.421875], [-1.7265625], [-1.59375], [-1.46875], [-5.5], [-1.8203125]], "anthropic-helpful-base": [[2.390625], [-2.125], [1.671875], [-2.921875], [0.154296875], [-2.84375], [0.0380859375], [0.9296875], [-1.7421875], [2.546875], [0.515625], [0.98046875], [1.09375], [0.9296875], [-2.171875], [2.953125], [-1.03125], [2.921875], [-0.46875], [-0.9765625], [1.3671875], [-0.314453125], [0.45703125], [-2.953125], [-2.921875], [0.69921875], [-3.859375], [1.3125], [2.5625], [2.84375], [3.0625], [2.046875], [2.0], [0.298828125], [3.046875], [-3.265625], [-1.5703125], [3.25], [-0.30078125], [-2.71875], [2.875], [1.6171875], [3.25], [0.0296630859375], [1.2421875], [1.6328125], [0.69140625], [0.58984375], [3.078125], [1.4765625], [-2.578125], [0.6484375], [1.6640625], [3.140625], [-5.1875], [1.5859375], [0.26953125], [-1.3359375], [1.1796875], [-3.015625], [0.390625], [-2.140625], [0.6484375], [2.765625], [-1.8359375], [1.875], [-0.64453125], [0.8046875], [-1.5703125], [0.5625], [-0.275390625], [-1.0546875], [-0.5], [3.4375], [-1.75], [3.1875], [2.1875], [-2.21875], [-0.51953125], [-0.953125], [1.0859375], [3.0], [0.076171875], [2.234375], [0.67578125], [2.625], [2.5625], [-3.265625], [-0.28515625], [-2.71875], [-0.291015625], [1.015625], [2.453125], [-0.15625], [1.171875], [1.6640625], [-1.6171875], [1.28125], [-0.625], [0.96484375], [-1.4296875], [-1.34375], [-2.515625], [2.0], [3.828125], [-0.388671875], [1.15625], [3.21875], [0.267578125], [2.234375], [-1.1171875], [-2.40625], [1.140625], [3.328125], [-2.921875], [-1.234375], [-1.6875], [2.375], [-1.515625], [-0.3046875], [1.5078125], [1.4609375], [-5.84375], [-2.296875], [1.6640625], [2.59375], [0.498046875], [2.046875]], "anthropic-harmless-base": [[-1.8984375], [-4.21875], [-6.40625], [-7.75], [-3.765625], [-8.125], [-4.59375], [-2.75], [-9.4375], [-1.375], [-2.8125], [1.2265625], [-1.921875], [-7.78125], [-2.234375], [-2.734375], [-3.21875], [-1.640625], [-0.40234375], [-4.34375], [-6.25], [-1.75], [-1.625], [-6.5], [-1.703125], [-9.4375], [-4.0], [-6.25], [-2.1875], [-2.6875], [-3.234375], [-5.875], [-4.875], [-2.546875], [-3.203125], [-2.9375], [-6.5625], [-2.03125], [-1.71875], [-2.21875], [-1.5234375], [-4.28125], [-2.71875], [-2.203125], [-3.3125], [-2.90625], [-2.328125], [-1.0546875], [-3.75], [-0.63671875], [-1.640625], [-3.09375], [-1.5859375], [-2.828125], [-3.65625], [-6.75], [-4.53125], [-4.9375], [-3.09375], [-5.84375], [-7.5625], [-2.140625], [-3.734375], [-2.40625], [-8.3125], [-9.625], [-3.0625], [-1.546875], [-4.03125], [-9.625], [-3.3125], [-5.21875], [-3.28125], [-1.8203125], [-5.53125], [-4.0625], [-2.3125], [-3.171875], [-2.0625], [-2.625], [-3.890625], [-2.46875], [-3.15625], [-2.59375], [-2.375], [-7.875], [-5.84375], [-3.78125], [-2.90625], [-4.0], [-2.328125], [-5.6875], [-7.25], [-1.6796875], [-5.65625], [-1.8046875], [-2.203125], [-7.4375], [-3.328125], [-0.6953125], [-1.9296875], [-3.71875], [-11.625], [-2.6875], [1.2421875], [-5.90625], [-8.125], [-3.25], [3.28125], [-0.357421875], [-3.3125], [-2.375], [-2.859375], [-8.0625], [-1.703125], [-8.375], [-4.34375], [-6.9375], [-4.5625], [-1.6953125], [-2.46875], [-4.625], [-3.234375], [-7.6875], [-3.0], [-2.8125], [-7.84375], [-1.9296875]], "openai/webgpt_comparisons": [[-1.8125], [0.48046875], [-1.890625], [-1.875], [-3.015625], [-2.1875], [-0.578125], [0.26171875], [-2.109375], [-0.546875], [-2.953125], [-2.609375], [1.0390625], [-2.265625], [-3.015625], [-2.40625], [0.291015625], [-0.06982421875], [-2.875], [-2.5625], [-3.484375], [-2.375], [-2.875], [-2.015625], [-3.390625], [-4.0], [-1.2421875], [-0.498046875], [-2.09375], [-2.296875], [-1.140625], [-2.265625], [-1.28125], [-2.28125], [-3.203125], [-2.859375], [-2.3125], [-2.796875], [-2.09375], [-2.203125], [-2.96875], [-2.265625], [0.1865234375], [2.6875], [-2.828125], [-5.09375], [-2.421875], [-2.65625], [-2.484375], [-0.9765625], [-2.34375], [-1.6875], [-2.171875], [-2.625], [-2.171875], [-0.4765625], [-3.125], [-1.734375], [-2.296875], [-0.515625], [1.3515625], [-1.4609375], [0.1865234375], [-2.21875], [-2.75], [-0.95703125], [-2.28125], [-1.578125], [-0.8203125], [-1.625], [-2.609375], [-1.1875], [-0.7578125], [1.296875], [-1.34375], [-1.25], [-2.65625], [-2.96875], [-0.58984375], [0.25390625], [-4.125], [-2.609375], [-0.53515625], [-2.828125], [-2.9375], [0.056884765625], [-2.125], [-2.296875], [-0.796875], [-2.4375], [-0.0810546875], [-1.703125], [-2.5], [-3.171875], [-2.65625], [-2.34375], [-2.734375], [-0.494140625], [-0.953125], [-2.890625], [-2.3125], [-2.25], [-0.90234375], [-2.078125], [-2.6875], [-2.296875], [-4.0625], [-2.375], [-1.9296875], [-1.9296875], [0.314453125], [-4.78125], [-0.390625], [-2.734375], [-0.90234375], [-2.453125], [-2.171875], [-3.28125], [-2.515625], [-1.65625], [-3.890625], [-3.25], [-2.875], [-1.8671875], [-2.84375], [-2.40625], [-2.828125], [-1.4765625]]}
