{"anthropic-red-team": [[-2.4375], [-5.9375], [-1.8671875], [-4.03125], [-2.578125], [-1.75], [-3.0], [-2.96875], [-4.78125], [-6.875], [-1.9609375], [-2.34375], [-4.78125], [-1.875], [-1.7421875], [-2.203125], [-2.15625], [-3.015625], [-2.046875], [-2.328125], [-3.625], [-2.5], [-2.453125], [-6.0], [-1.5390625], [-1.6953125], [0.435546875], [-10.125], [-2.90625], [-2.203125], [-2.015625], [-4.03125], [-2.859375], [-4.46875], [-2.34375], [-6.21875], [-2.375], [-4.0], [-1.6953125], [-3.140625], [-8.875], [-3.0625], [0.97265625], [-2.421875], [-2.90625], [-5.125], [-4.375], [-1.484375], [-0.5625], [-4.59375], [-3.71875], [-7.25], [-3.390625], [-4.09375], [-2.453125], [-3.34375], [-2.71875], [-5.78125], [-1.3984375], [-2.171875], [-0.9375], [-6.3125], [-2.171875], [-1.6171875], [-2.640625], [-6.375], [-3.1875], [-2.25], [-3.109375], [-2.171875], [-2.484375], [-1.8046875], [-3.25], [-2.703125], [-2.5], [-2.078125], [-2.59375], [-1.859375], [-2.484375], [-4.1875], [-6.15625], [-3.203125], [-5.1875], [-7.3125], [-8.375], [-3.5], [-1.6640625], [-2.03125], [-3.03125], [-8.8125], [-3.765625], [-7.40625], [-1.375], [-2.65625], [-2.84375], [-2.34375], [-2.1875], [-2.328125], [-1.7109375], [-2.921875], [-1.6640625], [-2.6875], [-1.234375], [-2.5625], [-1.828125], [-2.15625], [-1.3515625], [-1.9375], [-3.453125], [-8.0625], [-2.390625], [-8.0], [-1.640625], [-2.25], [-2.984375], [-2.28125], [-10.25], [-4.03125], [-1.8125], [-2.375], [-2.546875], [-2.625], [-3.421875], [-2.03125], [-9.6875], [-1.5390625], [-5.53125], [-1.265625]], "anthropic-helpful-base": [[2.859375], [-1.5], [1.5625], [-3.125], [-0.79296875], [-2.765625], [0.162109375], [0.0191650390625], [-2.015625], [2.34375], [0.06884765625], [0.8203125], [1.15625], [0.2177734375], [-2.171875], [3.0625], [-1.0625], [3.234375], [0.625], [-0.9609375], [1.859375], [-0.130859375], [0.6640625], [-3.328125], [-2.53125], [-0.057861328125], [-3.46875], [1.203125], [3.203125], [2.4375], [3.484375], [1.8671875], [1.6640625], [1.234375], [3.125], [-2.921875], [-2.4375], [2.984375], [-0.578125], [-2.53125], [2.640625], [1.3203125], [2.640625], [0.447265625], [1.90625], [1.5078125], [1.109375], [1.109375], [3.5625], [1.2734375], [-2.90625], [2.671875], [1.0703125], [3.015625], [-5.09375], [1.7421875], [0.408203125], [-1.4921875], [1.0390625], [-2.734375], [-2.546875], [-2.734375], [1.046875], [2.265625], [-0.1494140625], [1.5703125], [-0.76953125], [0.04150390625], [-1.7421875], [0.56640625], [-0.6015625], [-1.046875], [-3.203125], [3.65625], [-2.078125], [1.84375], [1.96875], [-0.1357421875], [-1.109375], [-0.796875], [1.3984375], [3.6875], [0.6171875], [2.28125], [1.0], [0.5234375], [2.578125], [-4.03125], [-0.022705078125], [-2.671875], [-0.890625], [1.0546875], [2.1875], [-0.171875], [1.2734375], [1.9921875], [-1.3046875], [1.125], [-0.53515625], [1.46875], [-0.0888671875], [0.3203125], [0.248046875], [2.078125], [3.828125], [-0.189453125], [1.65625], [3.328125], [-1.96875], [1.515625], [-0.69921875], [-2.421875], [0.98828125], [3.625], [-2.53125], [-1.6171875], [-1.640625], [2.03125], [2.171875], [-0.23046875], [1.5703125], [0.7890625], [-6.03125], [1.140625], [1.203125], [3.546875], [-2.578125], [2.375]], "anthropic-harmless-base": [[-2.078125], [-2.34375], [-7.125], [-1.4609375], [-2.125], [-1.9765625], [-6.625], [-2.875], [-8.1875], [-1.0390625], [-4.0], [1.9375], [-3.125], [-7.71875], [-2.625], [-1.7265625], [-2.75], [-2.53125], [-1.953125], [-4.28125], [-5.40625], [-8.0], [-1.84375], [-7.59375], [-1.6640625], [-8.4375], [-2.890625], [-6.0625], [-2.1875], [-4.125], [-3.25], [-5.25], [-3.796875], [-2.40625], [-2.53125], [-3.25], [-8.25], [-1.8125], [-2.28125], [-2.359375], [-1.671875], [-5.28125], [-4.28125], [-10.1875], [-3.578125], [-1.3359375], [-3.84375], [-1.0859375], [-4.46875], [-1.3125], [-9.125], [-5.3125], [-0.93359375], [-4.4375], [-1.4453125], [-7.03125], [-6.6875], [-4.28125], [-2.953125], [-2.015625], [-7.46875], [-2.046875], [-4.65625], [-2.96875], [-8.6875], [-10.625], [-2.859375], [-1.9765625], [-4.15625], [-9.6875], [-3.640625], [-5.0625], [-2.671875], [-1.6015625], [-6.9375], [-4.875], [-1.5078125], [-2.6875], [-3.140625], [-2.875], [-2.859375], [-1.8515625], [-6.375], [-2.5625], [-2.28125], [-8.0625], [-2.375], [-3.59375], [-2.234375], [-4.53125], [-2.640625], [-3.734375], [-4.15625], [-2.421875], [-1.6796875], [-0.68359375], [-2.25], [-2.859375], [-2.453125], [-0.5703125], [-1.828125], [-5.375], [-10.8125], [-3.140625], [1.21875], [-6.1875], [-7.0], [-2.921875], [1.4609375], [-1.6640625], [-4.53125], [-1.484375], [-2.4375], [-3.328125], [-2.359375], [-4.125], [-4.59375], [-1.8515625], [-3.65625], [-1.8828125], [-4.5], [-4.5625], [-2.703125], [-4.15625], [-1.875], [-3.03125], [-7.4375], [-7.75]], "openai/webgpt_comparisons": [[-2.25], [0.037841796875], [-2.390625], [-2.625], [-2.578125], [-2.1875], [-0.310546875], [0.63671875], [-2.296875], [-2.953125], [-2.9375], [0.02099609375], [1.109375], [-2.015625], [-2.59375], [-2.375], [-0.96875], [-0.34765625], [-3.171875], [-2.265625], [-4.21875], [-3.359375], [-2.421875], [-0.0634765625], [-3.109375], [-3.4375], [-1.6875], [-3.328125], [-2.625], [-1.7421875], [-1.46875], [-2.28125], [-1.6640625], [-2.578125], [-3.171875], [-2.609375], [-2.546875], [-2.734375], [-2.109375], [-1.8203125], [-3.015625], [-2.46875], [-1.7734375], [1.90625], [-2.46875], [-4.8125], [1.015625], [-1.8125], [-2.21875], [-1.046875], [-2.65625], [-0.8671875], [-2.703125], [-1.9375], [-2.046875], [0.2578125], [-2.984375], [-1.515625], [-2.796875], [-0.55078125], [-2.578125], [-1.546875], [-0.11474609375], [-1.9296875], [-2.828125], [-1.1328125], [-1.59375], [-1.6875], [-0.57421875], [-1.6953125], [-1.765625], [-1.2421875], [-2.625], [-2.828125], [-1.2734375], [-1.609375], [-2.640625], [-0.765625], [-0.94921875], [0.14453125], [-4.4375], [-3.28125], [-0.162109375], [-3.015625], [-1.6875], [0.330078125], [-2.25], [-2.078125], [-2.25], [-2.3125], [-0.1484375], [-2.109375], [-1.1953125], [-2.796875], [-1.8671875], [-3.125], [-1.2265625], [-2.234375], [-2.84375], [-2.5], [-2.46875], [-2.359375], [-0.8203125], [-2.109375], [-2.890625], [-2.4375], [-2.140625], [-4.8125], [-2.359375], [-1.8671875], [0.302734375], [-4.125], [-1.359375], [-2.265625], [-0.84375], [-2.75], [-2.09375], [-2.859375], [-2.65625], [-1.5859375], [-3.265625], [-2.421875], [-3.296875], [-1.7890625], [-3.84375], [-2.796875], [-2.421875], [1.5546875]]}
