{"anthropic-red-team": [[-2.234375], [-6.6875], [-3.890625], [-4.0], [-3.15625], [-2.046875], [-2.828125], [-2.953125], [-4.5625], [-6.75], [-1.609375], [-2.34375], [-4.0625], [-1.3671875], [-5.6875], [-2.40625], [-2.15625], [-1.75], [-1.9921875], [-2.640625], [-3.625], [-8.75], [-8.0625], [-6.625], [-1.4296875], [-5.40625], [0.79296875], [-10.4375], [-2.921875], [-2.015625], [-2.609375], [-3.703125], [-3.453125], [-3.671875], [-3.375], [-5.53125], [-2.34375], [-2.390625], [-1.5390625], [-5.1875], [-8.9375], [-5.6875], [-1.875], [-2.640625], [-2.859375], [-5.34375], [-3.390625], [-1.484375], [-0.5546875], [-3.5], [-2.109375], [-3.828125], [-3.859375], [-1.3359375], [-3.015625], [-4.15625], [-2.75], [-6.0], [-4.84375], [-3.890625], [-2.71875], [-6.3125], [-2.03125], [-1.9140625], [-2.765625], [-6.125], [-3.296875], [-6.53125], [-3.140625], [-2.671875], [-3.015625], [-1.7890625], [-2.453125], [-5.15625], [-2.796875], [-1.9921875], [-2.640625], [-5.96875], [-2.484375], [-4.71875], [-6.96875], [-2.046875], [-5.09375], [-6.3125], [-7.5], [-2.828125], [-1.53125], [0.298828125], [-3.359375], [-9.375], [-3.96875], [-5.21875], [-2.890625], [-4.8125], [-1.8671875], [-3.765625], [-2.71875], [-2.234375], [-1.359375], [-6.4375], [-2.46875], [-2.640625], [-2.359375], [-2.34375], [-2.515625], [-1.890625], [-1.859375], [-1.75], [-2.375], [-9.0], [-2.4375], [-7.5625], [-2.640625], [-2.0625], [-2.96875], [-2.875], [-10.1875], [-3.890625], [-8.6875], [-0.5546875], [-2.28125], [-2.640625], [-3.421875], [-6.0], [-4.34375], [-1.1875], [-5.53125], [-1.6015625]], "anthropic-helpful-base": [[3.25], [-1.9765625], [1.625], [-3.09375], [-0.98828125], [-1.796875], [-0.375], [0.30859375], [-1.734375], [2.359375], [-0.55078125], [1.109375], [0.2451171875], [0.353515625], [-2.28125], [2.890625], [-1.28125], [3.375], [0.447265625], [-1.1015625], [1.3359375], [0.2578125], [0.53515625], [-1.7109375], [-2.171875], [-0.77734375], [-4.1875], [1.3203125], [3.421875], [2.921875], [2.890625], [2.484375], [1.4453125], [1.0078125], [2.421875], [-3.3125], [0.3203125], [3.265625], [-0.236328125], [-1.90625], [2.609375], [1.375], [2.75], [1.53125], [2.078125], [1.6640625], [0.91015625], [0.9375], [3.328125], [1.015625], [-3.34375], [2.90625], [1.25], [2.828125], [-5.15625], [2.0625], [0.388671875], [-1.40625], [1.3125], [-1.4375], [0.62109375], [-2.65625], [1.0703125], [1.625], [0.04248046875], [2.203125], [-0.408203125], [0.2294921875], [0.28125], [1.2421875], [0.1748046875], [-1.0546875], [-2.21875], [3.59375], [-1.2421875], [2.4375], [2.65625], [-2.265625], [-0.953125], [-0.71875], [1.140625], [3.0], [0.6484375], [1.3046875], [1.2734375], [1.9765625], [2.46875], [-2.390625], [0.0673828125], [-2.671875], [-0.41796875], [1.15625], [2.53125], [-0.33203125], [1.0234375], [2.109375], [-1.4765625], [0.83203125], [-0.3828125], [1.4140625], [-1.234375], [-0.55078125], [-1.4453125], [1.4921875], [3.46875], [-0.267578125], [1.203125], [3.046875], [1.3125], [2.09375], [-1.1171875], [-2.421875], [1.0859375], [3.015625], [-2.046875], [-1.453125], [-1.3203125], [2.1875], [2.265625], [-0.047119140625], [1.484375], [2.09375], [-6.125], [1.1796875], [-0.33203125], [2.53125], [-2.5625], [2.671875]], "anthropic-harmless-base": [[-1.421875], [-8.75], [-6.1875], [-1.0859375], [-4.8125], [-8.125], [-4.1875], [-2.890625], [-6.6875], [-1.0703125], [-4.96875], [0.859375], [-5.53125], [-7.46875], [-2.203125], [-10.25], [-6.34375], [-0.69140625], [-2.203125], [-3.640625], [-5.71875], [-1.875], [-1.2265625], [-6.6875], [-1.140625], [-7.78125], [-2.875], [-6.6875], [-2.0625], [-3.484375], [-3.859375], [-4.96875], [-6.15625], [-2.109375], [-1.7734375], [-3.8125], [-8.5], [-2.171875], [-2.140625], [-2.296875], [-1.65625], [-5.40625], [-2.3125], [-7.96875], [-3.625], [-5.75], [-3.09375], [-1.453125], [-3.25], [-1.265625], [-9.1875], [-1.3515625], [-2.0], [-6.28125], [-3.359375], [-8.375], [-4.65625], [-5.15625], [-3.046875], [-4.9375], [-7.4375], [-2.9375], [-5.78125], [-8.5], [-5.0625], [-2.921875], [-2.125], [-1.6015625], [-4.03125], [-9.5], [-3.8125], [-5.375], [-3.234375], [-2.375], [-7.90625], [-3.875], [-9.625], [-3.59375], [-4.5], [-2.625], [-6.03125], [-1.8359375], [-4.0625], [-1.765625], [-2.203125], [-8.0625], [-8.125], [-4.71875], [-1.578125], [-3.859375], [-2.59375], [-4.40625], [-7.125], [-2.234375], [-6.75], [-0.63671875], [-3.359375], [-2.984375], [-3.609375], [-0.8046875], [-3.046875], [-4.875], [-10.375], [-2.5], [-0.61328125], [-6.5625], [-2.890625], [-2.90625], [1.1171875], [-0.435546875], [-4.5], [-1.4296875], [-5.0], [-8.9375], [-4.0625], [-9.25], [-4.53125], [-1.03125], [-1.1875], [-4.90625], [-1.7265625], [-2.40625], [-1.6796875], [-3.75], [-1.5234375], [-2.859375], [-6.9375], [-1.6015625]], "openai/webgpt_comparisons": [[-1.78125], [0.40625], [-2.34375], [-2.65625], [-2.953125], [-0.189453125], [-2.25], [0.69921875], [-2.234375], [-1.078125], [-2.9375], [-0.039794921875], [1.0546875], [-2.359375], [-2.90625], [-2.203125], [0.267578125], [-0.4921875], [-2.875], [-2.59375], [-3.875], [-3.0625], [-2.546875], [-1.8359375], [-3.03125], [-3.609375], [-1.9140625], [-0.94921875], [-2.15625], [-2.375], [-1.921875], [-2.15625], [-1.078125], [-1.2421875], [-3.34375], [-2.765625], [-2.578125], [-3.0625], [-0.51953125], [-1.5546875], [-2.640625], [-2.21875], [-2.203125], [3.328125], [-2.84375], [-4.875], [1.1171875], [-2.6875], [-2.265625], [-2.15625], [-2.40625], [-1.125], [-2.140625], [-2.515625], [-2.34375], [0.2060546875], [-3.078125], [-2.53125], [-1.5390625], [-0.306640625], [-2.453125], [-1.984375], [0.1298828125], [-2.34375], [-2.65625], [-1.234375], [-2.078125], [-2.09375], [-1.8671875], [-2.25], [-1.9765625], [-1.25], [-0.96875], [1.6171875], [-3.078125], [-0.8515625], [-2.75], [-3.640625], [-1.2421875], [-0.1572265625], [-4.46875], [-0.625], [-0.2080078125], [-2.96875], [-2.90625], [-2.109375], [-2.25], [-1.9765625], [0.018798828125], [-2.703125], [-0.9296875], [-1.890625], [-0.6875], [-2.25], [-2.546875], [-3.15625], [-2.21875], [-2.5], [-2.90625], [-2.328125], [-2.53125], [-2.4375], [-0.890625], [-2.625], [-2.65625], [-2.34375], [-2.859375], [-4.78125], [-1.9765625], [-1.6640625], [0.5390625], [-5.03125], [-1.1171875], [-3.1875], [-0.71484375], [-2.71875], [-3.09375], [-2.734375], [-2.4375], [-1.3671875], [-4.375], [-3.328125], [-2.890625], [-1.609375], [-2.84375], [-2.828125], [-2.65625], [-1.4140625]]}
