{"anthropic-red-team": [[-2.296875], [-6.34375], [-2.640625], [-2.9375], [-3.078125], [-2.03125], [-2.046875], [-2.515625], [-4.78125], [-6.625], [-2.296875], [-2.734375], [-2.453125], [-2.53125], [-1.6171875], [-1.9609375], [-2.171875], [-2.9375], [-2.265625], [-2.578125], [-4.75], [-3.28125], [-1.9921875], [-1.4609375], [-1.1796875], [-4.34375], [0.8671875], [-1.96875], [-2.8125], [-2.046875], [-2.609375], [-2.9375], [-2.53125], [-5.1875], [-2.453125], [-6.09375], [-2.3125], [-2.0], [-2.734375], [-2.75], [-7.53125], [-6.75], [-0.984375], [-1.6484375], [-2.328125], [-4.5625], [-1.9375], [-1.59375], [-0.26953125], [-4.53125], [-1.4609375], [-4.34375], [-1.53125], [-1.359375], [-2.0625], [-2.984375], [-2.703125], [-5.9375], [-1.234375], [-1.796875], [-1.734375], [-2.25], [-1.9765625], [-1.8671875], [-3.1875], [-1.0546875], [-3.65625], [-2.25], [-3.125], [-2.75], [-2.21875], [-2.203125], [-3.03125], [-2.796875], [-2.953125], [-2.03125], [-2.34375], [-2.265625], [-2.421875], [-4.3125], [-6.375], [-3.296875], [-5.09375], [-5.03125], [-7.875], [-3.171875], [-1.46875], [-2.515625], [-2.046875], [-2.015625], [-3.203125], [-4.75], [-0.8125], [-2.4375], [-1.890625], [-1.984375], [-1.234375], [-2.640625], [-2.3125], [-2.65625], [-2.21875], [-2.640625], [-2.234375], [-1.4296875], [-1.5859375], [-2.25], [-2.296875], [-1.8125], [-2.1875], [-8.625], [-1.96875], [-8.25], [-2.3125], [-1.9921875], [-2.828125], [-1.6953125], [-10.0], [-3.59375], [-1.609375], [-0.220703125], [-1.65625], [-4.59375], [-3.5625], [-1.671875], [-2.125], [-1.8125], [-4.5], [-1.53125]], "anthropic-helpful-base": [[3.140625], [-0.71484375], [1.7109375], [-2.8125], [-0.59375], [-2.515625], [0.40625], [-0.04638671875], [-2.109375], [2.546875], [-0.201171875], [0.921875], [0.99609375], [0.94921875], [-1.578125], [2.609375], [-1.5234375], [3.015625], [-2.609375], [-0.84375], [1.2421875], [0.059326171875], [0.70703125], [-2.8125], [-2.53125], [0.474609375], [-2.375], [2.015625], [2.296875], [2.21875], [3.25], [2.375], [1.7265625], [0.96875], [3.34375], [-3.375], [-0.58203125], [2.359375], [-1.078125], [-2.359375], [2.703125], [1.5], [3.0], [1.6953125], [1.625], [1.7265625], [0.90625], [0.546875], [3.265625], [1.9453125], [-2.640625], [2.75], [1.03125], [2.984375], [-5.0], [2.0], [0.4609375], [-1.8125], [1.390625], [-1.546875], [0.6484375], [-1.1875], [0.99609375], [1.515625], [0.09716796875], [1.53125], [-0.046875], [0.7109375], [1.46875], [0.3046875], [0.87109375], [-1.046875], [-4.125], [3.578125], [-1.9453125], [2.28125], [2.6875], [-2.796875], [-0.54296875], [-0.88671875], [1.125], [2.265625], [0.38671875], [3.03125], [1.140625], [2.0625], [2.625], [-1.96875], [1.046875], [-0.46875], [-0.1318359375], [0.77734375], [2.859375], [-0.07275390625], [1.9140625], [2.109375], [-1.7890625], [-0.86328125], [-0.66015625], [1.1953125], [-1.4453125], [-0.1669921875], [-1.5234375], [1.9453125], [3.546875], [-0.84765625], [0.59765625], [3.40625], [2.59375], [2.25], [-0.5546875], [1.0625], [1.28125], [3.984375], [-2.734375], [-2.578125], [-1.546875], [2.359375], [2.046875], [0.259765625], [1.4296875], [2.0625], [-6.125], [1.0703125], [1.453125], [3.15625], [-1.484375], [2.484375]], "anthropic-harmless-base": [[-1.8046875], [-5.09375], [-7.65625], [-0.671875], [-1.953125], [-8.1875], [-5.75], [-3.265625], [-2.890625], [0.34765625], [-2.28125], [0.93359375], [-5.0], [-7.25], [-2.953125], [-2.71875], [-1.5703125], [-0.1865234375], [-3.296875], [-3.84375], [-2.65625], [-1.84375], [-1.59375], [-2.75], [-1.1328125], [-7.8125], [-2.71875], [-6.15625], [-2.125], [-3.28125], [-2.046875], [-4.90625], [-2.796875], [-2.328125], [-2.828125], [-1.7890625], [-6.5], [-2.015625], [-1.34375], [-2.109375], [-3.671875], [-5.5], [-3.359375], [-2.125], [-1.71875], [-1.9765625], [-2.84375], [-0.9296875], [-1.8125], [-1.0234375], [-1.6171875], [-1.890625], [-1.4609375], [-2.953125], [-1.8046875], [-5.71875], [-1.484375], [-4.4375], [-2.734375], [-4.5625], [-7.34375], [-1.375], [-4.125], [-2.75], [-7.21875], [-2.8125], [-2.40625], [-1.234375], [-3.03125], [-8.6875], [-3.5], [-5.59375], [-2.296875], [-2.515625], [-2.15625], [-2.640625], [-10.4375], [-2.90625], [-2.046875], [-2.84375], [-3.703125], [-1.5078125], [-2.078125], [-2.546875], [-2.265625], [-8.1875], [-3.4375], [-0.9921875], [-1.8125], [-4.25], [-2.375], [-4.6875], [-7.125], [-1.9921875], [-1.65625], [-1.2734375], [-3.0], [-1.859375], [-3.71875], [-0.55859375], [-1.7734375], [-6.65625], [-11.3125], [-2.375], [-1.2890625], [-7.0], [-3.671875], [-2.421875], [2.1875], [-0.431640625], [-1.4296875], [-1.78125], [-4.09375], [-2.8125], [-1.6640625], [-4.5625], [-0.25390625], [-1.234375], [-3.703125], [-2.203125], [-1.859375], [-3.40625], [-2.21875], [-6.5], [-1.796875], [-2.8125], [-7.0625], [-1.9609375]], "openai/webgpt_comparisons": [[-2.296875], [-2.078125], [0.322265625], [-2.09375], [-2.671875], [-1.9140625], [-0.474609375], [0.9453125], [-1.984375], [-2.890625], [-2.609375], [-2.515625], [1.4609375], [-2.390625], [-2.375], [-1.90625], [0.98046875], [-1.734375], [-2.828125], [-1.421875], [-3.609375], [-2.234375], [-2.546875], [-2.140625], [-2.84375], [-3.65625], [-2.234375], [-0.59765625], [-2.484375], [-1.2734375], [-1.6015625], [-1.6484375], [-1.0], [-0.462890625], [-3.3125], [-2.609375], [-2.453125], [-2.21875], [-0.12353515625], [-0.73828125], [-0.81640625], [-2.40625], [-2.21875], [2.890625], [-2.5625], [-4.84375], [-2.140625], [-2.3125], [-2.515625], [-1.4921875], [-1.046875], [-1.265625], [-2.5625], [-3.21875], [-1.890625], [-1.46875], [-2.859375], [-2.078125], [-2.078125], [-0.35546875], [-2.234375], [-1.5], [-0.369140625], [-2.234375], [-1.3125], [-0.1826171875], [-1.4140625], [-2.15625], [-1.1796875], [-1.546875], [-2.921875], [-1.015625], [-0.5703125], [1.640625], [-1.0078125], [-0.64453125], [-0.7109375], [-1.4765625], [-0.240234375], [-2.28125], [-3.96875], [-2.046875], [-1.75], [-2.578125], [-2.640625], [-2.46875], [-2.375], [-2.71875], [-1.96875], [-2.6875], [-0.8515625], [-1.59375], [-1.828125], [-2.71875], [-2.578125], [-2.828125], [-2.296875], [0.86328125], [-2.828125], [-2.453125], [-2.359375], [-1.2109375], [0.169921875], [-2.875], [-2.921875], [-2.453125], [-2.8125], [-4.78125], [-1.8515625], [-2.09375], [-2.140625], [-1.6796875], [-1.3984375], [-2.5], [-2.0625], [-2.734375], [-2.875], [-2.578125], [-2.6875], [-2.234375], [-3.296875], [-3.0625], [-1.890625], [-1.421875], [-2.578125], [-2.546875], [-1.1796875], [-1.3359375]]}
