{"anthropic-red-team": [[-2.4375], [-6.3125], [-2.171875], [-1.5703125], [-2.53125], [-1.71875], [-2.109375], [-2.0625], [-2.546875], [-6.8125], [-1.953125], [-2.984375], [-2.25], [-2.515625], [-2.671875], [-2.296875], [-2.1875], [-3.5625], [-1.9375], [-2.625], [-4.6875], [-2.59375], [-2.71875], [-2.453125], [-1.9921875], [-2.625], [0.283203125], [-9.9375], [-2.859375], [-2.0625], [-2.0], [-2.515625], [-2.703125], [-3.609375], [-2.953125], [-2.046875], [-2.25], [-2.765625], [-2.296875], [-3.015625], [-2.4375], [-2.59375], [-1.484375], [-2.390625], [-2.65625], [-2.0625], [-2.5625], [-2.875], [-1.4609375], [-3.640625], [-3.734375], [-2.90625], [-3.53125], [-1.6171875], [-2.3125], [-2.734375], [-2.578125], [-2.3125], [-1.84375], [-1.921875], [-1.7421875], [-2.0625], [-2.328125], [-1.640625], [-2.65625], [-5.15625], [-4.4375], [-4.53125], [-3.046875], [-2.265625], [-2.34375], [-2.296875], [-2.640625], [-2.4375], [-2.703125], [-1.9375], [-2.34375], [-2.3125], [-2.4375], [-4.15625], [-6.96875], [-3.734375], [-4.59375], [-1.8515625], [-1.8203125], [-2.953125], [-1.546875], [-2.203125], [-2.0], [-2.046875], [-3.28125], [-3.609375], [-2.59375], [-2.328125], [-1.9296875], [-2.671875], [-1.0078125], [-2.265625], [-1.75], [-2.515625], [-2.203125], [-2.578125], [-1.5078125], [-2.015625], [-2.34375], [-1.8125], [-2.046875], [-2.671875], [-2.640625], [-1.859375], [-2.171875], [-8.5], [-2.3125], [-1.9375], [-2.46875], [-2.96875], [-2.84375], [-4.1875], [-2.125], [-2.328125], [-2.15625], [-3.4375], [-3.375], [-1.828125], [-2.578125], [-2.34375], [-2.984375], [-1.2578125]], "anthropic-helpful-base": [[3.171875], [-3.15625], [1.484375], [-3.34375], [-2.4375], [-1.7265625], [-2.046875], [-0.10400390625], [-2.015625], [2.203125], [0.0262451171875], [-0.51953125], [1.2109375], [0.404296875], [-2.578125], [2.78125], [-2.796875], [3.03125], [-2.796875], [-1.09375], [1.015625], [-0.177734375], [0.5234375], [-3.625], [-3.078125], [-0.55859375], [-2.09375], [-3.015625], [3.125], [2.421875], [2.828125], [-1.0078125], [2.0], [0.5859375], [2.90625], [-2.6875], [-1.828125], [2.9375], [-0.166015625], [-2.609375], [2.671875], [1.578125], [3.3125], [-0.00885009765625], [2.03125], [-2.765625], [0.88671875], [-2.703125], [3.59375], [1.3984375], [-2.421875], [3.0], [1.078125], [2.296875], [-5.96875], [2.0625], [0.796875], [-2.875], [1.4609375], [-3.453125], [0.0274658203125], [-2.875], [0.55859375], [-2.46875], [-0.93359375], [2.0], [-0.52734375], [0.98046875], [1.0703125], [-2.578125], [-2.734375], [-1.046875], [-2.5], [4.09375], [-2.171875], [3.078125], [1.3046875], [-2.6875], [-2.59375], [-1.0625], [1.1640625], [2.375], [-2.6875], [-2.703125], [1.34375], [1.4453125], [2.3125], [-2.0625], [0.73046875], [-2.609375], [-3.015625], [0.953125], [2.0625], [-0.447265625], [2.03125], [-1.328125], [-1.8828125], [2.25], [-2.59375], [-2.953125], [-0.1611328125], [-2.46875], [0.50390625], [2.234375], [3.453125], [-0.9375], [1.1015625], [3.6875], [-2.109375], [2.5], [-1.1953125], [-2.984375], [0.87890625], [3.34375], [-2.1875], [-3.28125], [-1.6953125], [2.40625], [1.484375], [-0.3359375], [1.6875], [1.7734375], [-6.0625], [-2.40625], [1.8203125], [3.375], [-1.484375], [1.078125]], "anthropic-harmless-base": [[-1.8828125], [-3.0625], [-2.03125], [-1.015625], [-2.03125], [-2.375], [-6.28125], [-2.375], [-3.1875], [-1.1171875], [-3.140625], [-2.4375], [-2.390625], [-7.8125], [-2.4375], [-2.484375], [-1.90625], [-2.609375], [-2.671875], [-1.15625], [-2.6875], [-2.5], [-2.125], [-2.34375], [-1.671875], [-2.5625], [-2.703125], [-1.7578125], [-3.6875], [-3.375], [-3.359375], [-2.5], [-3.5], [-2.390625], [-2.828125], [-1.8984375], [-6.65625], [-1.7421875], [-2.609375], [-2.265625], [-1.7890625], [-5.46875], [-2.71875], [-2.734375], [-3.609375], [-1.8828125], [-2.046875], [-1.09375], [-1.875], [-1.140625], [-3.0625], [-5.5625], [-1.6875], [-3.84375], [-1.3671875], [-6.78125], [-6.3125], [-4.9375], [-2.953125], [-2.4375], [-1.7421875], [-1.265625], [-3.796875], [-2.390625], [-2.96875], [-2.6875], [-2.546875], [-1.2109375], [-3.96875], [-9.125], [-2.53125], [-5.21875], [-3.4375], [-0.59375], [-6.1875], [-2.4375], [-2.015625], [-2.9375], [-2.171875], [-2.390625], [-3.640625], [-2.109375], [-2.390625], [-2.53125], [-2.609375], [-3.671875], [-3.515625], [-0.59375], [-2.484375], [-4.28125], [-2.640625], [-5.03125], [-2.75], [-1.203125], [-2.421875], [-1.59375], [-3.21875], [-4.0], [-3.453125], [-1.0078125], [-2.0], [-4.34375], [-3.109375], [-3.234375], [-2.625], [-6.65625], [-4.40625], [-1.9375], [-2.234375], [-1.859375], [-3.4375], [-2.015625], [-2.4375], [-2.09375], [-1.5234375], [-3.375], [-4.25], [-2.1875], [-4.25], [-2.34375], [-2.515625], [-3.59375], [-2.34375], [-1.890625], [-1.1875], [-1.9375], [-6.65625], [-2.21875]], "openai/webgpt_comparisons": [[-2.828125], [-2.5625], [-2.90625], [-2.6875], [-2.8125], [-0.462890625], [-2.65625], [0.84765625], [-2.015625], [-3.328125], [-3.046875], [-3.109375], [1.3203125], [-2.359375], [-2.734375], [-2.421875], [1.1796875], [-2.46875], [-2.921875], [-1.1484375], [-2.25], [-2.84375], [-2.875], [-2.9375], [-3.5], [-2.4375], [-2.5], [-0.84765625], [-2.59375], [-2.265625], [-1.6484375], [-2.734375], [-3.359375], [-2.875], [-3.34375], [-2.453125], [-2.921875], [-3.015625], [-0.61328125], [-2.046875], [-2.84375], [-2.484375], [-1.390625], [-3.609375], [-2.546875], [-2.890625], [-2.671875], [-2.75], [-2.421875], [-1.46875], [-2.859375], [-1.453125], [-2.78125], [-1.953125], [-2.46875], [-2.828125], [-3.140625], [-2.484375], [-2.765625], [-2.984375], [1.25], [-2.328125], [-0.006591796875], [-1.7109375], [-2.5625], [-1.25], [-1.3671875], [-2.875], [-2.203125], [-2.609375], [-2.28125], [-1.53125], [-2.53125], [-3.0625], [-2.828125], [-0.44921875], [-2.6875], [-3.234375], [-3.15625], [-2.484375], [-4.0625], [-1.3125], [-2.671875], [-3.125], [-2.75], [-2.78125], [-2.265625], [-2.875], [-2.203125], [-2.578125], [-2.375], [-2.921875], [-1.234375], [-2.75], [-2.671875], [-3.46875], [-2.5625], [-2.8125], [-2.90625], [-2.53125], [-2.4375], [-2.4375], [-2.09375], [-2.84375], [-3.046875], [-2.46875], [-2.453125], [-4.6875], [-2.328125], [-2.0], [0.28515625], [-2.609375], [-1.75], [-2.84375], [-2.5], [-2.78125], [-2.828125], [-3.265625], [-2.6875], [-1.3671875], [-2.28125], [-3.1875], [-2.53125], [-2.421875], [-3.453125], [-2.796875], [-2.6875], [-2.46875]]}
