{"anthropic-red-team": [[-2.296875], [-4.0625], [-4.03125], [-3.984375], [-3.265625], [-3.375], [-2.4375], [-3.296875], [-3.421875], [-2.046875], [-2.984375], [-2.171875], [-2.25], [-10.0625], [-2.1875], [-4.625], [-3.46875], [-4.15625], [-1.5546875], [-2.671875], [-5.09375], [-6.21875], [-5.9375], [-2.71875], [-1.984375], [-3.453125], [-0.5390625], [-2.265625], [-2.15625], [-2.46875], [-3.59375], [-3.96875], [-2.265625], [-3.84375], [-2.9375], [-3.96875], [-2.109375], [-3.015625], [-2.484375], [-4.15625], [-1.2265625], [-2.875], [0.1875], [-3.28125], [-2.203125], [-2.125], [-1.359375], [-2.734375], [-1.4609375], [-3.875], [-2.15625], [-6.65625], [-2.296875], [-2.328125], [-2.1875], [-4.3125], [-3.0625], [-2.734375], [-1.4453125], [-3.796875], [-2.890625], [-1.8984375], [-3.125], [-2.9375], [-4.09375], [-2.265625], [-4.53125], [-3.515625], [-2.390625], [-2.09375], [-5.59375], [-2.921875], [-2.140625], [-4.28125], [-2.8125], [-1.5546875], [-2.1875], [-2.703125], [-1.953125], [-3.953125], [-5.34375], [-2.921875], [-4.375], [-5.21875], [-2.546875], [-3.421875], [-2.15625], [-3.328125], [-3.78125], [-5.34375], [-4.5625], [-2.515625], [-1.1484375], [-6.03125], [-2.0625], [-3.4375], [-3.078125], [-2.703125], [-3.171875], [-2.3125], [-9.0625], [-2.765625], [-1.28125], [-2.4375], [-2.8125], [-2.015625], [-3.21875], [-2.25], [-6.9375], [-1.3984375], [-5.0625], [-3.921875], [-2.65625], [-1.625], [-1.984375], [-2.484375], [-3.453125], [-2.671875], [-3.15625], [-1.7734375], [-2.75], [-2.296875], [-2.140625], [-2.0625], [-5.0625], [-1.46875], [-3.1875], [-4.6875]], "anthropic-helpful-base": [[-2.796875], [0.0791015625], [-2.40625], [-3.265625], [-1.1875], [-2.8125], [-0.6796875], [-1.9609375], [-1.8125], [0.67578125], [-1.078125], [-0.4765625], [-2.484375], [-0.384765625], [-1.8515625], [1.2734375], [-2.609375], [1.046875], [-1.296875], [-2.5], [-0.83203125], [-3.140625], [-2.578125], [-1.9296875], [-2.921875], [-2.34375], [-3.34375], [-2.390625], [-0.0262451171875], [-0.56640625], [-1.875], [-1.078125], [-0.94921875], [-0.345703125], [-1.0390625], [-2.3125], [-1.8515625], [0.6796875], [-0.73046875], [-3.09375], [-2.265625], [-2.25], [-2.21875], [-2.734375], [-2.4375], [-1.546875], [-1.328125], [-0.6328125], [2.359375], [-1.6640625], [-2.484375], [-0.375], [-2.40625], [2.03125], [-1.671875], [-1.3359375], [-1.078125], [-1.8125], [-0.9609375], [-1.890625], [-1.53125], [-3.015625], [-2.375], [-2.296875], [-3.0625], [-1.171875], [-1.0], [-2.515625], [-1.1484375], [-0.92578125], [-0.73046875], [-2.09375], [-2.40625], [-2.59375], [-2.796875], [0.13671875], [0.2119140625], [-1.625], [-1.6796875], [-0.97265625], [-1.65625], [-1.7578125], [-0.89453125], [-0.17578125], [-1.3515625], [-2.328125], [-1.640625], [-2.796875], [-2.15625], [-1.890625], [-1.84375], [-2.328125], [-1.59375], [-2.046875], [-0.322265625], [-1.8203125], [-2.0625], [-1.015625], [-2.53125], [0.490234375], [-2.703125], [-2.421875], [-1.890625], [0.52734375], [-0.3984375], [-2.25], [-1.5859375], [-1.5546875], [-0.609375], [0.408203125], [-1.8203125], [-0.3828125], [-2.71875], [0.2470703125], [-2.453125], [-1.7578125], [-2.109375], [-0.94140625], [-0.88671875], [-2.21875], [-1.1640625], [0.2890625], [-2.0], [-1.171875], [-1.546875], [0.4296875], [-2.09375], [-0.75390625]], "anthropic-harmless-base": [[-3.96875], [-3.5], [-4.96875], [-1.4609375], [-3.28125], [-3.890625], [-2.890625], [-2.015625], [-2.484375], [-2.71875], [-3.3125], [-0.8515625], [-5.46875], [-5.125], [-2.78125], [-4.1875], [-4.25], [-1.171875], [-2.703125], [-2.65625], [-6.75], [-6.375], [-3.9375], [-2.984375], [-2.6875], [-3.546875], [-1.8984375], [-2.75], [-3.9375], [-5.4375], [-4.9375], [-3.859375], [-3.78125], [-3.09375], [-3.328125], [-2.625], [-2.84375], [-2.234375], [-2.921875], [-2.453125], [-2.734375], [-4.3125], [-2.46875], [-5.1875], [-4.25], [-3.453125], [-1.5234375], [-2.234375], [-3.21875], [-2.484375], [-3.6875], [-3.421875], [-5.125], [-2.421875], [-2.625], [-2.890625], [-2.8125], [-4.3125], [-3.4375], [-5.03125], [-3.484375], [-2.984375], [-2.6875], [-1.7109375], [-3.296875], [-4.21875], [-3.0], [-1.6171875], [-2.90625], [-3.671875], [-2.65625], [-5.34375], [-3.375], [-2.109375], [-4.78125], [-0.84765625], [-4.40625], [-3.015625], [-3.15625], [-2.328125], [-3.703125], [-2.375], [-2.8125], [-2.6875], [-1.84375], [-3.515625], [-5.1875], [-2.375], [-3.859375], [-3.875], [-2.25], [-3.203125], [-4.40625], [-1.90625], [-3.34375], [-2.890625], [-3.0625], [-3.203125], [-4.5], [-0.82421875], [-2.65625], [-3.84375], [-4.03125], [-3.046875], [-1.71875], [-3.5], [-3.34375], [-1.546875], [-1.7109375], [-1.8828125], [-5.125], [-2.8125], [-3.46875], [-2.78125], [-1.5703125], [-4.0625], [-3.1875], [-3.390625], [-2.828125], [-2.28125], [-2.9375], [-4.78125], [-2.765625], [-2.71875], [-2.265625], [-1.359375], [-3.25], [-3.671875]], "openai/webgpt_comparisons": [[-2.109375], [-2.765625], [-1.7421875], [-2.0625], [-2.46875], [-2.46875], [-1.9609375], [-2.96875], [-1.859375], [-2.953125], [-2.53125], [-2.125], [-3.046875], [-1.8125], [-2.21875], [-2.84375], [-1.046875], [-1.3984375], [-3.046875], [-2.484375], [-3.03125], [-2.703125], [-2.640625], [-1.7578125], [-2.71875], [-2.8125], [0.0269775390625], [-2.3125], [-1.8515625], [-2.484375], [-1.4140625], [-1.7109375], [-2.40625], [-2.46875], [-3.109375], [-2.703125], [-1.078125], [-2.75], [-2.0], [-1.859375], [-1.4296875], [-2.71875], [-1.8984375], [-1.1484375], [-2.375], [-2.234375], [-0.99609375], [-2.484375], [-1.7890625], [-2.9375], [-2.265625], [-1.5234375], [-2.890625], [-3.25], [-2.734375], [-1.90625], [-2.515625], [-2.109375], [-2.75], [-1.28125], [-1.0], [-1.8359375], [-2.078125], [-2.09375], [-2.5625], [-0.99609375], [-3.59375], [-1.7265625], [-2.375], [-2.328125], [-2.90625], [-2.09375], [-1.3359375], [-0.109375], [-2.90625], [-2.171875], [-1.828125], [-2.71875], [-1.3046875], [-2.703125], [-3.796875], [-1.7734375], [-0.984375], [-4.5], [-2.1875], [-0.90234375], [-1.9375], [-2.6875], [-2.109375], [-2.3125], [-2.40625], [-2.203125], [-1.8984375], [-2.515625], [-1.578125], [-3.296875], [-2.0625], [-2.03125], [-2.546875], [-1.7890625], [-2.515625], [-2.8125], [-1.78125], [-2.484375], [-2.671875], [-1.859375], [-2.78125], [-3.265625], [-2.484375], [-1.9453125], [-1.1171875], [-2.953125], [-2.15625], [-1.9765625], [-2.375], [-2.796875], [-2.828125], [-2.859375], [-2.546875], [-1.7109375], [-3.1875], [-3.15625], [-2.0625], [-2.09375], [-3.546875], [-2.375], [-0.020263671875], [-1.125]]}
