{"anthropic-red-team": [[-2.296875], [-6.3125], [-10.1875], [-3.484375], [-2.875], [-1.8359375], [-2.640625], [-4.4375], [-4.5625], [-6.4375], [-2.0], [-2.359375], [-2.890625], [-1.375], [-5.5625], [-2.59375], [-2.15625], [-3.03125], [-1.9921875], [-2.265625], [-3.625], [-3.25], [-2.453125], [-1.65625], [-1.4765625], [-1.640625], [0.80078125], [-10.5], [-2.9375], [-2.109375], [-2.015625], [-3.28125], [-2.46875], [-3.140625], [-3.09375], [-5.875], [-2.40625], [-2.1875], [-1.5859375], [-3.0], [-8.4375], [-2.46875], [1.25], [-4.34375], [-2.796875], [-5.5], [-2.6875], [-1.5859375], [-0.66796875], [-4.59375], [-2.21875], [-3.0625], [-3.859375], [-1.6953125], [-2.796875], [-2.25], [-2.453125], [-7.53125], [-1.3984375], [-1.546875], [-1.1640625], [-6.0625], [-2.796875], [-2.625], [-2.953125], [-5.3125], [-8.0], [-2.25], [-2.96875], [-2.875], [-2.671875], [-1.8046875], [-2.65625], [-7.46875], [-2.609375], [-1.9453125], [-2.03125], [-1.8125], [-2.484375], [-2.203125], [-6.5], [-3.140625], [-4.90625], [-6.125], [-9.3125], [-2.203125], [-1.3125], [-1.984375], [-2.046875], [-9.0625], [-3.421875], [-2.546875], [-2.609375], [-3.546875], [-3.28125], [-2.65625], [-1.140625], [-4.5625], [-2.0], [-2.65625], [-2.3125], [-2.328125], [-2.71875], [-2.453125], [-2.609375], [-1.921875], [-1.796875], [-2.84375], [-10.8125], [-2.140625], [-2.5625], [-8.125], [-3.03125], [-2.15625], [-2.40625], [-2.359375], [-11.5625], [-3.90625], [-6.65625], [-0.640625], [-2.40625], [-2.640625], [-3.421875], [-5.1875], [-7.75], [-1.5], [-4.40625], [-2.140625]], "anthropic-helpful-base": [[2.390625], [-1.234375], [1.484375], [-3.0625], [-1.5390625], [-1.671875], [-0.1748046875], [0.224609375], [-2.171875], [2.65625], [-2.1875], [0.9375], [1.390625], [0.09130859375], [-2.265625], [2.4375], [-1.0625], [3.40625], [0.421875], [-1.09375], [1.65625], [0.19140625], [0.90625], [-3.484375], [-3.140625], [-1.9609375], [-3.3125], [1.5546875], [2.53125], [-2.4375], [2.703125], [2.546875], [1.2109375], [1.1484375], [3.25], [-3.140625], [-2.4375], [2.859375], [-0.125], [-2.203125], [1.8984375], [1.796875], [3.578125], [0.7734375], [1.1171875], [1.3671875], [-2.703125], [1.2578125], [3.421875], [1.84375], [-2.578125], [2.078125], [1.4375], [2.828125], [-5.09375], [1.734375], [0.84375], [-1.34375], [0.8515625], [-1.484375], [0.49609375], [-1.7734375], [0.00799560546875], [2.40625], [0.546875], [1.6953125], [-1.390625], [0.6171875], [1.3203125], [1.171875], [0.11572265625], [-1.0546875], [-2.765625], [3.640625], [-2.296875], [2.984375], [2.125], [-2.5], [-0.32421875], [-1.1171875], [1.21875], [3.328125], [1.0078125], [2.15625], [1.078125], [1.8046875], [2.578125], [-3.921875], [-0.09619140625], [-2.625], [-0.2021484375], [1.09375], [2.15625], [-0.12109375], [0.859375], [1.28125], [-1.7734375], [1.3828125], [-0.52734375], [1.0234375], [-1.9296875], [0.81640625], [-0.1435546875], [2.1875], [3.71875], [-0.271484375], [1.296875], [3.125], [-1.3984375], [1.4140625], [-1.578125], [0.9140625], [1.03125], [3.453125], [-2.65625], [-1.2734375], [-1.53125], [-1.671875], [-2.046875], [-0.474609375], [1.5546875], [0.031982421875], [-6.1875], [1.1484375], [1.484375], [3.265625], [-0.73046875], [0.0810546875]], "anthropic-harmless-base": [[-2.0625], [-2.328125], [-2.28125], [-1.0078125], [-1.8671875], [-8.625], [-7.65625], [-2.78125], [-6.40625], [-1.1328125], [-5.6875], [1.8359375], [-2.625], [-7.21875], [-2.078125], [-10.6875], [-2.0], [-2.0], [-2.421875], [-2.421875], [-5.125], [-8.75], [-5.15625], [-6.5625], [-1.9453125], [-7.84375], [-3.359375], [-5.125], [-2.25], [-3.6875], [-4.15625], [-5.875], [-6.15625], [-5.34375], [-3.09375], [-1.8671875], [-8.5625], [-1.8828125], [-2.328125], [-2.28125], [-1.84375], [-5.0], [-1.90625], [-3.375], [-4.375], [-1.1875], [-3.375], [-1.234375], [-2.296875], [-1.3359375], [-9.25], [-4.1875], [-2.234375], [-4.375], [-1.46875], [-6.53125], [-1.8046875], [-4.40625], [-2.84375], [-4.65625], [-2.359375], [-1.625], [-3.921875], [-2.109375], [-4.90625], [-11.0625], [-5.21875], [-1.5078125], [-4.21875], [-9.4375], [-3.671875], [-5.09375], [-3.75], [-1.65625], [-6.28125], [-3.59375], [-1.7109375], [-2.625], [-4.3125], [-2.90625], [-6.1875], [-2.34375], [-3.09375], [-1.4296875], [-2.28125], [-8.4375], [-8.75], [-1.1640625], [-1.8125], [-4.21875], [-1.9375], [-4.90625], [-2.515625], [-2.890625], [-1.6875], [-1.4765625], [-2.21875], [-5.5], [-3.4375], [-0.59375], [-1.5], [-5.46875], [-11.375], [-2.84375], [0.248046875], [-4.53125], [-7.3125], [-2.171875], [3.546875], [-0.10205078125], [-4.34375], [-1.484375], [-4.125], [-2.28125], [-4.46875], [-3.9375], [-4.9375], [-1.359375], [-1.546875], [-1.140625], [-1.9921875], [-2.578125], [-2.78125], [-1.5703125], [-2.90625], [-6.15625], [-7.53125], [-6.90625]], "openai/webgpt_comparisons": [[-1.0625], [0.494140625], [-0.7109375], [-2.484375], [-2.65625], [-2.5], [-0.52734375], [0.90625], [-1.6328125], [-2.796875], [-2.765625], [-2.65625], [1.328125], [-2.28125], [-2.59375], [-2.171875], [1.1015625], [-1.7890625], [-2.09375], [-0.10107421875], [-3.90625], [-3.265625], [-2.5], [-2.21875], [-3.03125], [-3.546875], [-2.015625], [-0.98828125], [-2.421875], [-2.125], [-1.40625], [-2.03125], [-1.3984375], [-2.578125], [-3.421875], [-2.5625], [-2.375], [-2.53125], [-0.2421875], [-2.0], [-2.15625], [-2.515625], [-2.34375], [3.21875], [-2.84375], [-4.59375], [1.1171875], [-2.375], [-1.4609375], [-1.03125], [-1.46875], [-1.1640625], [-2.0], [-2.765625], [-1.78125], [0.6796875], [-2.765625], [-2.234375], [-2.40625], [-0.27734375], [-2.203125], [-1.734375], [0.2080078125], [-2.203125], [-2.40625], [0.3046875], [-2.0], [-1.6875], [-0.388671875], [-2.015625], [-1.046875], [-1.5], [-2.203125], [-2.390625], [-3.03125], [-1.0703125], [-2.3125], [-3.015625], [-0.5703125], [-0.099609375], [-3.65625], [-2.640625], [-0.94921875], [-2.4375], [-2.671875], [-2.203125], [-2.015625], [-2.859375], [-2.09375], [-2.796875], [-0.2392578125], [-1.9140625], [-2.34375], [-2.515625], [-1.21875], [-2.703125], [-1.9296875], [-2.09375], [-2.578125], [-2.234375], [-2.265625], [-2.171875], [-0.77734375], [-2.953125], [-2.4375], [-2.25], [-1.90625], [-4.34375], [-2.09375], [-1.53125], [0.83203125], [-4.21875], [-1.65625], [-3.125], [-0.458984375], [-3.078125], [-2.71875], [-2.703125], [-2.40625], [-1.65625], [-3.234375], [-2.984375], [-3.203125], [-2.03125], [-3.09375], [-2.40625], [-2.3125], [-1.3671875]]}
