{"anthropic-red-team": [[-2.296875], [-6.0625], [-2.078125], [-0.92578125], [-2.78125], [-1.796875], [-1.90625], [-4.09375], [-4.90625], [-7.40625], [-2.0], [-3.328125], [-2.421875], [-1.9609375], [-5.375], [-2.90625], [-2.609375], [-3.75], [-2.0625], [-2.25], [-3.609375], [-8.375], [-1.28125], [-5.125], [-1.4609375], [-4.78125], [-2.84375], [-2.5625], [-2.921875], [-2.328125], [-2.015625], [-2.625], [-3.0625], [-3.828125], [-3.015625], [-6.625], [-2.421875], [-2.296875], [-4.65625], [-4.90625], [-8.125], [-2.109375], [0.66015625], [-3.953125], [-2.78125], [-4.96875], [-1.5625], [-1.6171875], [-0.94921875], [-3.65625], [-1.375], [-2.84375], [-3.9375], [-1.3828125], [-2.84375], [-2.234375], [-2.46875], [-6.03125], [-2.015625], [-1.109375], [-1.359375], [-6.25], [-4.9375], [-1.59375], [-2.734375], [-7.34375], [-3.28125], [-1.9921875], [-3.109375], [-2.53125], [-2.90625], [-4.4375], [-3.375], [-3.421875], [-2.5], [-1.984375], [-2.71875], [-4.625], [-2.484375], [-3.4375], [-6.96875], [-3.265625], [-4.34375], [-6.96875], [-9.3125], [-2.65625], [-2.921875], [0.08056640625], [-2.5], [-2.21875], [-4.1875], [-2.5], [-2.03125], [-2.4375], [-1.875], [-1.5390625], [-2.203125], [-2.453125], [-2.3125], [-2.0625], [-2.5625], [-2.640625], [-2.390625], [-2.390625], [-1.875], [-1.8515625], [-1.9765625], [-1.2265625], [-9.625], [-7.34375], [-1.609375], [-7.71875], [-1.703125], [-1.7890625], [-2.875], [-2.515625], [-11.0], [-4.3125], [-2.234375], [-0.52734375], [-2.46875], [-2.828125], [-7.1875], [-5.1875], [-9.0625], [-1.171875], [-5.34375], [-0.875]], "anthropic-helpful-base": [[2.6875], [-0.6171875], [1.6015625], [-3.203125], [-2.59375], [-1.9453125], [0.267578125], [0.474609375], [-2.0], [2.34375], [-0.341796875], [1.015625], [0.77734375], [0.7734375], [-2.171875], [2.5625], [-0.9140625], [3.15625], [0.162109375], [0.447265625], [2.125], [0.80859375], [-1.6640625], [-0.76953125], [-2.34375], [-0.83203125], [-1.8359375], [1.015625], [2.421875], [2.65625], [3.390625], [2.203125], [2.125], [0.546875], [2.75], [-1.8203125], [-1.8203125], [2.875], [0.126953125], [-2.9375], [2.421875], [0.9140625], [3.078125], [0.6328125], [0.921875], [1.6484375], [1.5234375], [0.58984375], [3.171875], [1.125], [-2.53125], [2.78125], [1.5625], [3.125], [-5.65625], [2.078125], [0.75], [-1.453125], [0.1435546875], [-1.4453125], [-2.453125], [-1.515625], [0.7265625], [2.515625], [0.451171875], [2.015625], [-0.330078125], [0.314453125], [1.46875], [1.140625], [1.28125], [-1.0625], [-2.015625], [3.921875], [-1.421875], [2.609375], [1.6875], [-1.8203125], [-1.4921875], [-0.86328125], [0.86328125], [3.25], [0.4453125], [2.3125], [2.03125], [1.7890625], [2.5], [-2.625], [0.73046875], [-2.71875], [-0.546875], [1.546875], [2.109375], [-0.2021484375], [1.3515625], [1.453125], [-1.4140625], [1.2734375], [-0.5546875], [1.7109375], [-0.4609375], [0.447265625], [-2.5], [1.9140625], [3.65625], [-0.416015625], [1.3671875], [3.390625], [2.265625], [1.4140625], [-0.93359375], [-1.34375], [1.09375], [3.234375], [-3.28125], [-0.79296875], [-1.65625], [-2.109375], [1.859375], [-0.083984375], [1.4296875], [1.359375], [-6.375], [1.1640625], [1.9921875], [2.984375], [-2.578125], [2.46875]], "anthropic-harmless-base": [[-2.515625], [-6.5625], [-7.59375], [-1.59375], [-3.875], [-1.703125], [-5.1875], [-2.890625], [-7.9375], [-1.2265625], [-4.65625], [1.7265625], [-1.9296875], [-8.3125], [-2.609375], [-10.4375], [-2.59375], [-0.99609375], [-0.80078125], [-4.0625], [-2.09375], [-1.5546875], [-1.296875], [-6.21875], [-1.671875], [-8.875], [-3.546875], [-5.90625], [-2.25], [-2.65625], [-4.1875], [-4.6875], [-1.859375], [-2.328125], [-2.8125], [-2.921875], [-5.53125], [-2.03125], [-1.8828125], [-2.40625], [-1.890625], [-5.21875], [-2.734375], [-3.71875], [-3.71875], [-2.25], [-1.78125], [-0.84765625], [-3.6875], [-2.328125], [-1.671875], [-2.890625], [-1.4609375], [-4.28125], [-3.90625], [-7.25], [-6.03125], [-6.84375], [-2.84375], [-3.078125], [-7.09375], [-1.4140625], [-6.125], [-3.1875], [-6.28125], [-9.375], [-2.390625], [-1.6953125], [-3.171875], [-9.3125], [-3.484375], [-4.75], [-1.6953125], [-2.671875], [-7.6875], [-2.34375], [-2.28125], [-2.765625], [-1.5625], [-2.734375], [-4.4375], [-2.1875], [-2.234375], [-2.03125], [-2.078125], [-5.875], [-3.4375], [-2.515625], [-1.8203125], [-3.703125], [-2.359375], [-4.90625], [-7.125], [-1.890625], [-6.0], [-1.4921875], [-2.921875], [-1.5234375], [-3.453125], [-0.703125], [-3.71875], [-3.4375], [-10.8125], [-2.515625], [0.009033203125], [-5.375], [-4.125], [-2.46875], [2.125], [-0.44140625], [-3.953125], [-1.09375], [-3.703125], [-8.625], [-0.86328125], [-3.890625], [-3.734375], [-1.921875], [-3.421875], [-2.578125], [-2.828125], [-3.109375], [-3.125], [-6.84375], [-2.109375], [-4.09375], [-7.4375], [-5.21875]], "openai/webgpt_comparisons": [[-2.578125], [-2.140625], [-0.80078125], [-2.140625], [-2.9375], [-2.140625], [-2.5], [0.3359375], [-2.3125], [-0.462890625], [-2.9375], [-3.109375], [1.578125], [-2.515625], [-2.578125], [-2.328125], [1.03125], [-0.2333984375], [-2.21875], [-0.8046875], [-3.734375], [-2.25], [-0.07080078125], [-2.265625], [-3.125], [-3.65625], [-2.03125], [-0.51171875], [-2.453125], [-2.375], [-1.75], [-2.484375], [-1.15625], [-0.54296875], [-3.28125], [-3.0], [-2.671875], [-2.609375], [-1.8984375], [-1.6796875], [-2.828125], [-2.4375], [-1.78125], [-2.859375], [-2.390625], [-4.71875], [-1.421875], [-2.65625], [-1.8046875], [-1.0234375], [-2.4375], [-0.9296875], [-2.015625], [-2.375], [-1.9921875], [-0.07568359375], [-1.03125], [-2.921875], [0.0947265625], [-0.4609375], [2.046875], [-2.203125], [-0.04638671875], [-2.375], [-1.1171875], [-1.203125], [-2.03125], [-2.40625], [-0.486328125], [-1.6953125], [-2.09375], [-0.859375], [-2.609375], [1.6328125], [-1.4765625], [-0.55078125], [-2.640625], [-3.078125], [-1.03125], [0.466796875], [-4.5625], [-1.359375], [-0.205078125], [-3.453125], [-3.03125], [-2.65625], [-2.0625], [-1.3046875], [-0.5859375], [-2.703125], [-0.53515625], [-3.203125], [-1.21875], [-2.21875], [-2.125], [-2.96875], [-2.09375], [-2.4375], [-3.359375], [-2.4375], [-2.53125], [-1.328125], [0.2275390625], [-3.0625], [-2.671875], [-1.2890625], [-3.25], [-5.09375], [-1.734375], [-2.265625], [0.5546875], [-3.375], [-0.75390625], [-2.75], [-0.69921875], [-2.625], [-2.703125], [-3.015625], [-2.296875], [-1.3515625], [-3.296875], [-3.078125], [-2.875], [-1.78125], [-2.953125], [-2.875], [-2.59375], [-1.4140625]]}
