{"anthropic-red-team": [[-2.296875], [-5.8125], [-1.96875], [-4.75], [-2.875], [-5.03125], [-3.671875], [-2.640625], [-4.5625], [-6.34375], [-4.28125], [-5.09375], [-2.390625], [-2.53125], [-5.15625], [-2.421875], [-2.625], [-3.953125], [-1.875], [-4.65625], [-5.15625], [-2.59375], [-2.46875], [-6.625], [-1.5390625], [-1.6953125], [0.35546875], [-9.8125], [-2.90625], [-2.0625], [-2.015625], [-3.828125], [-3.453125], [-3.671875], [-2.375], [-5.125], [-2.359375], [-4.0625], [-2.640625], [-3.296875], [-8.4375], [-4.90625], [-0.154296875], [-2.796875], [-2.625], [-4.6875], [-2.421875], [-2.203125], [-0.5], [-4.6875], [-2.03125], [-8.5], [-4.03125], [-3.4375], [-1.921875], [-2.953125], [-2.578125], [-6.6875], [-5.6875], [-5.25], [-3.234375], [-6.21875], [-2.078125], [-1.640625], [-3.46875], [-5.40625], [-4.21875], [-6.4375], [-3.140625], [-2.9375], [-5.96875], [-2.15625], [-3.25], [-2.546875], [-2.796875], [-2.0625], [-3.3125], [-2.828125], [-2.484375], [-2.140625], [-6.4375], [-3.09375], [-4.5], [-7.15625], [-6.125], [-3.25], [-4.875], [-2.359375], [-3.453125], [-8.875], [-4.03125], [-3.90625], [-2.984375], [-1.4375], [-3.9375], [-2.34375], [-2.1875], [-2.5], [-1.3828125], [-3.109375], [-2.234375], [-2.71875], [-2.4375], [-2.71875], [-5.5625], [-1.875], [-1.7734375], [-1.96875], [-3.5], [-9.0625], [-2.234375], [-8.25], [-2.859375], [-1.7578125], [-2.9375], [-2.453125], [-10.9375], [-4.21875], [-1.609375], [-1.9609375], [-2.40625], [-4.40625], [-3.421875], [-5.0], [-2.609375], [-1.5390625], [-5.53125], [-1.7109375]], "anthropic-helpful-base": [[2.59375], [-2.453125], [1.453125], [-3.875], [-2.4375], [-2.828125], [0.482421875], [0.2265625], [-1.8984375], [2.828125], [0.1318359375], [0.6875], [0.96484375], [0.578125], [-0.69140625], [2.84375], [-1.328125], [3.046875], [-0.4453125], [-1.09375], [1.15625], [-0.8203125], [-2.5625], [-1.2890625], [-2.703125], [-0.59765625], [-3.90625], [1.609375], [-1.3125], [1.796875], [3.25], [1.625], [1.6953125], [1.0234375], [2.671875], [-3.15625], [-1.2734375], [2.828125], [-0.41015625], [-3.234375], [2.578125], [2.265625], [3.46875], [-0.3203125], [1.09375], [1.5390625], [0.9140625], [0.50390625], [3.40625], [1.015625], [-3.234375], [2.578125], [0.427734375], [3.03125], [-5.25], [1.3515625], [0.578125], [-1.3359375], [0.92578125], [-1.9375], [0.28125], [-1.9296875], [-0.0009613037109375], [0.244140625], [-0.07275390625], [1.5], [0.169921875], [-0.5234375], [0.83203125], [0.5390625], [-0.1083984375], [-1.515625], [-3.78125], [3.453125], [-2.171875], [2.5625], [2.03125], [-0.1767578125], [-0.96484375], [-1.0390625], [1.0078125], [2.765625], [0.443359375], [1.6875], [0.609375], [2.46875], [2.515625], [-4.0625], [0.69140625], [-2.703125], [0.0194091796875], [0.98046875], [2.28125], [-0.369140625], [0.9375], [2.015625], [-1.9921875], [-0.02001953125], [-0.68359375], [0.734375], [-2.171875], [0.2265625], [-1.6640625], [2.109375], [3.75], [-0.07958984375], [1.046875], [4.125], [-1.96875], [1.625], [-0.546875], [-2.5625], [0.58203125], [3.5625], [-2.828125], [-1.9609375], [-1.2421875], [2.21875], [0.28125], [-0.0113525390625], [-0.408203125], [-1.0625], [-5.5], [1.125], [1.4140625], [3.125], [-2.5625], [1.828125]], "anthropic-harmless-base": [[-3.125], [-4.21875], [-6.96875], [-0.96484375], [-5.375], [-2.046875], [-4.65625], [-2.921875], [-6.90625], [-1.1953125], [-5.15625], [1.1328125], [-5.75], [-8.0], [-2.65625], [-10.875], [-6.5], [-2.109375], [-3.546875], [-5.03125], [-7.34375], [-8.125], [-2.03125], [-4.1875], [-1.6875], [-8.0], [-3.109375], [-6.4375], [-2.078125], [-2.9375], [-4.09375], [-5.125], [-3.859375], [-7.0625], [-2.84375], [-3.359375], [-7.125], [-2.046875], [-2.59375], [-2.296875], [-2.0625], [-5.5625], [-1.875], [-7.875], [-4.78125], [-4.8125], [-2.90625], [-1.03125], [-2.5], [-0.94921875], [-7.0625], [-5.84375], [-2.21875], [-4.0625], [-3.46875], [-6.34375], [-6.53125], [-4.53125], [-2.9375], [-5.15625], [-5.90625], [-1.40625], [-3.984375], [-3.109375], [-4.5], [-10.4375], [-2.453125], [-1.65625], [-2.984375], [-9.9375], [-3.796875], [-5.21875], [-2.578125], [-1.6171875], [-6.90625], [-3.9375], [-9.1875], [-3.21875], [-5.3125], [-5.15625], [-2.84375], [-1.859375], [-2.203125], [-2.34375], [-2.296875], [-8.25], [-7.8125], [-3.8125], [-3.578125], [-5.25], [-2.59375], [-4.34375], [-7.125], [-1.3125], [-4.875], [-1.34375], [-2.09375], [-4.375], [-3.703125], [-0.55078125], [-1.875], [-4.53125], [-10.75], [-2.859375], [-1.8125], [-5.90625], [-7.4375], [-3.25], [1.625], [-0.361328125], [-4.375], [-1.9296875], [-3.78125], [-3.59375], [-2.9375], [-7.84375], [-4.9375], [-7.53125], [-2.1875], [-1.796875], [-5.21875], [-6.90625], [-1.5546875], [-1.7421875], [-2.046875], [-2.8125], [-7.21875], [-6.90625]], "openai/webgpt_comparisons": [[-2.640625], [0.169921875], [-2.125], [-2.578125], [-2.671875], [-2.015625], [-0.4453125], [0.3984375], [-2.21875], [-3.015625], [-2.828125], [-0.61328125], [0.9296875], [-2.375], [-2.609375], [-2.15625], [0.275390625], [-0.375], [-2.859375], [-0.52734375], [-3.90625], [-3.75], [-2.53125], [-0.044189453125], [-3.03125], [-3.4375], [-2.390625], [-0.87890625], [-2.5], [-1.296875], [-1.484375], [-2.375], [-2.96875], [-2.515625], [-3.25], [-2.65625], [-2.359375], [-3.125], [-0.84765625], [-3.484375], [-2.234375], [-2.359375], [-2.125], [2.625], [-1.859375], [-4.8125], [0.80078125], [-2.984375], [-2.609375], [-1.6015625], [-2.640625], [-2.109375], [-1.9453125], [-3.515625], [-2.0625], [-0.53515625], [-3.171875], [-2.03125], [-2.796875], [-0.16015625], [-2.578125], [-1.7890625], [-0.244140625], [-1.7265625], [-2.625], [-0.37109375], [-2.0625], [-2.921875], [-1.2734375], [-1.8203125], [-3.09375], [-1.359375], [-2.875], [0.5390625], [-2.9375], [-0.6796875], [-2.875], [-2.953125], [-0.92578125], [0.55859375], [-4.40625], [-3.140625], [-1.1875], [-3.046875], [-2.90625], [-2.71875], [-2.484375], [-2.984375], [-0.298828125], [-2.375], [-0.54296875], [-2.328125], [-1.3359375], [-2.65625], [-1.359375], [-3.25], [-1.5703125], [-2.421875], [-0.51953125], [-2.390625], [-2.390625], [-2.140625], [-2.0625], [-2.953125], [-2.765625], [-2.390625], [-3.1875], [-4.1875], [-2.265625], [-1.90625], [0.3828125], [-3.890625], [-1.609375], [-2.765625], [-2.59375], [-2.75], [-2.75], [-2.859375], [-2.640625], [-1.7109375], [-3.359375], [-2.9375], [-3.34375], [-2.25], [-4.40625], [-2.953125], [-2.5], [1.6328125]]}
