{"anthropic-red-team": [[-2.375], [-0.07177734375], [0.271484375], [0.6328125], [0.50390625], [0.2138671875], [-1.0390625], [0.9296875], [-4.625], [-7.5], [0.375], [0.3203125], [0.4375], [0.447265625], [1.3125], [0.99609375], [1.0625], [0.59765625], [0.51171875], [0.306640625], [0.71484375], [0.474609375], [0.30078125], [0.76953125], [1.28125], [0.19140625], [0.7578125], [0.55859375], [0.9609375], [0.80859375], [1.1953125], [-1.0234375], [0.80078125], [-3.578125], [0.828125], [0.68359375], [1.4609375], [1.0859375], [0.89453125], [0.404296875], [-0.65234375], [1.171875], [-1.4296875], [0.08349609375], [1.1640625], [0.81640625], [1.28125], [0.87890625], [-0.83203125], [-3.4375], [0.671875], [0.1552734375], [-3.234375], [1.2109375], [0.427734375], [-1.96875], [-1.6796875], [-0.095703125], [1.21875], [0.9609375], [0.451171875], [-0.66796875], [-4.25], [0.3984375], [0.6953125], [0.8046875], [-0.0169677734375], [1.21875], [-3.34375], [0.625], [-0.29296875], [-1.046875], [0.470703125], [0.48046875], [1.2265625], [1.1796875], [-2.296875], [0.5390625], [-2.515625], [-4.3125], [-6.125], [0.09375], [-5.125], [1.2578125], [0.5234375], [0.984375], [0.7265625], [1.0], [0.7265625], [-1.390625], [-2.140625], [-3.078125], [0.98828125], [-0.0634765625], [-2.53125], [-0.71875], [-0.29296875], [-4.625], [0.18359375], [-1.8515625], [0.875], [-3.015625], [0.64453125], [0.474609375], [0.62109375], [0.828125], [0.23828125], [1.09375], [-9.3125], [1.1875], [0.78515625], [0.287109375], [1.453125], [-1.9921875], [0.953125], [0.60546875], [-0.98046875], [-4.125], [0.6171875], [-0.59765625], [-1.609375], [0.62109375], [-3.5], [0.609375], [0.1142578125], [0.9609375], [-0.279296875], [0.337890625]], "anthropic-helpful-base": [[3.453125], [-0.984375], [1.1640625], [-3.234375], [0.5859375], [0.92578125], [0.8984375], [0.044677734375], [0.291015625], [2.625], [0.1875], [0.7890625], [0.82421875], [0.5546875], [0.7109375], [2.9375], [-1.53125], [2.96875], [0.2275390625], [-0.83203125], [0.67578125], [-0.26953125], [0.31640625], [0.31640625], [-2.84375], [-0.34375], [0.59375], [1.015625], [0.75390625], [1.1171875], [0.625], [-1.4375], [1.875], [-0.27734375], [3.5], [-0.12158203125], [0.55859375], [2.3125], [-0.043212890625], [-1.34375], [2.5625], [1.484375], [0.85546875], [1.3125], [0.8046875], [-0.08251953125], [1.3515625], [0.70703125], [3.828125], [1.71875], [0.6171875], [3.1875], [1.328125], [3.078125], [-5.0], [1.484375], [0.7890625], [0.5859375], [0.76953125], [0.984375], [0.6171875], [-1.4765625], [0.60546875], [1.1640625], [0.259765625], [-1.6171875], [0.458984375], [0.55859375], [0.515625], [0.48828125], [-0.018798828125], [-1.0390625], [1.125], [0.9765625], [0.94140625], [0.65625], [0.59765625], [-2.609375], [-0.609375], [-0.73828125], [1.2734375], [0.78515625], [0.47265625], [-0.8125], [1.484375], [1.5], [2.546875], [0.408203125], [-0.1025390625], [0.73046875], [-0.306640625], [0.9375], [2.703125], [-0.279296875], [1.015625], [-2.0625], [-1.3359375], [2.015625], [-0.0478515625], [-0.37109375], [0.8515625], [0.67578125], [0.921875], [2.078125], [3.234375], [0.486328125], [0.6796875], [3.5], [0.9453125], [2.046875], [-0.890625], [0.85546875], [1.4765625], [0.63671875], [0.048583984375], [-1.6796875], [0.71484375], [2.5625], [0.71875], [-0.16796875], [0.1630859375], [0.98046875], [-4.875], [1.2265625], [0.52734375], [3.03125], [-1.5859375], [1.9140625]], "anthropic-harmless-base": [[0.84765625], [0.26953125], [1.265625], [1.046875], [1.140625], [-1.046875], [0.8046875], [-1.75], [0.74609375], [0.10009765625], [1.2421875], [1.765625], [0.75390625], [-0.380859375], [-1.1015625], [-1.1484375], [0.546875], [0.81640625], [-0.208984375], [0.5], [-0.15625], [0.12890625], [-0.80859375], [0.4453125], [0.6328125], [0.5078125], [0.21875], [-1.1328125], [0.88671875], [0.515625], [0.388671875], [-0.08349609375], [0.251953125], [1.140625], [-0.0771484375], [0.10791015625], [-6.90625], [0.76953125], [1.078125], [-0.1162109375], [0.392578125], [-4.28125], [1.1171875], [-0.1357421875], [-3.921875], [0.7734375], [0.056884765625], [0.95703125], [0.56640625], [0.37890625], [1.0625], [0.2109375], [0.796875], [0.86328125], [0.8203125], [-1.765625], [0.328125], [0.578125], [-0.1630859375], [-1.9609375], [0.53515625], [0.75], [0.298828125], [0.65234375], [-10.3125], [-0.1962890625], [-5.125], [0.08642578125], [0.921875], [-9.5625], [0.2890625], [0.58984375], [0.8515625], [-1.3125], [0.6640625], [0.439453125], [0.484375], [0.3515625], [0.3984375], [0.271484375], [0.75390625], [-0.71875], [0.93359375], [1.046875], [1.1171875], [-0.9609375], [-2.0625], [0.62890625], [0.498046875], [1.0], [-1.421875], [-5.1875], [0.3125], [0.9296875], [0.263671875], [0.26953125], [-1.3515625], [-0.232421875], [0.046875], [1.078125], [0.455078125], [-4.78125], [0.82421875], [0.609375], [0.73828125], [-6.59375], [-1.4296875], [0.6796875], [0.1025390625], [-0.82421875], [0.35546875], [0.9296875], [0.42578125], [-0.58984375], [0.703125], [0.5390625], [-4.1875], [0.6953125], [0.8203125], [0.984375], [0.796875], [-0.03173828125], [0.73828125], [0.796875], [-0.142578125], [-0.5703125], [0.49609375], [1.2421875]], "openai/webgpt_comparisons": [[0.62109375], [0.0458984375], [0.1337890625], [-0.19921875], [-0.50390625], [-0.205078125], [-0.486328125], [-1.7109375], [-0.33203125], [-0.33203125], [0.453125], [-0.416015625], [0.86328125], [0.087890625], [0.25], [-1.0625], [1.3125], [-1.7578125], [-1.8671875], [-0.5078125], [0.059814453125], [-1.296875], [-1.734375], [-0.447265625], [-0.421875], [0.185546875], [0.21484375], [-0.6171875], [-1.8125], [-0.85546875], [0.1953125], [-0.02490234375], [-1.4765625], [-0.1943359375], [-1.1875], [-1.375], [-0.044677734375], [-0.4453125], [0.306640625], [0.00836181640625], [-0.1669921875], [-2.4375], [0.0654296875], [-0.1728515625], [-1.7890625], [-4.8125], [-0.291015625], [-0.169921875], [-1.6640625], [-0.1318359375], [-0.04541015625], [-1.0546875], [-0.54296875], [-1.0546875], [-0.099609375], [-0.380859375], [-0.73046875], [-0.396484375], [-0.1455078125], [-0.58203125], [-0.263671875], [-1.078125], [-0.5], [-1.421875], [-0.59375], [-0.056884765625], [-0.1484375], [0.140625], [-0.921875], [-0.427734375], [-0.51953125], [-0.58203125], [0.15625], [0.1591796875], [-0.83984375], [-0.78515625], [-0.546875], [-0.474609375], [-0.47265625], [0.08642578125], [-2.46875], [-1.234375], [-0.369140625], [-1.34375], [-0.62109375], [-0.20703125], [0.2021484375], [-0.4453125], [-0.486328125], [0.036376953125], [-0.8828125], [0.203125], [-0.640625], [-0.04638671875], [0.2001953125], [-0.35546875], [-0.208984375], [0.051513671875], [-0.41015625], [0.16015625], [0.0247802734375], [-1.9375], [-0.69140625], [-1.1171875], [0.416015625], [-0.2578125], [-0.056884765625], [-0.98046875], [-0.033447265625], [-1.2265625], [0.345703125], [-0.80078125], [0.1884765625], [0.1083984375], [0.53515625], [-1.4921875], [0.0673828125], [-0.00921630859375], [-2.828125], [0.419921875], [-3.171875], [-0.07568359375], [-0.01806640625], [0.1435546875], [-1.9453125], [-2.59375], [0.08349609375], [0.6015625]]}
