{"anthropic-red-team": [[-2.546875], [-6.65625], [-1.859375], [-3.703125], [-3.078125], [-1.890625], [-2.140625], [-2.140625], [-4.9375], [-6.21875], [-1.9921875], [-2.78125], [-2.453125], [-2.25], [-5.625], [-2.15625], [-2.390625], [-2.265625], [-2.03125], [-2.28125], [-3.8125], [-2.5], [-2.0], [-1.65625], [-1.4921875], [-1.6484375], [0.265625], [-2.25], [-2.921875], [-2.15625], [-1.921875], [-2.296875], [-2.9375], [-3.3125], [-2.3125], [-6.1875], [-2.125], [-2.34375], [-2.671875], [-3.375], [-1.9765625], [-6.46875], [1.3671875], [-2.859375], [-2.65625], [-5.84375], [-2.0625], [-1.625], [0.09326171875], [-4.15625], [-1.8671875], [-2.90625], [-3.9375], [-1.6875], [-2.3125], [-3.046875], [-2.84375], [-5.5], [-1.359375], [-1.6328125], [-1.2734375], [-1.9921875], [-2.390625], [-2.625], [-2.671875], [-5.375], [-7.8125], [-2.265625], [-3.078125], [-2.046875], [-2.53125], [-1.796875], [-2.4375], [-2.421875], [-2.609375], [-1.8828125], [-2.0], [-1.65625], [-2.515625], [-2.671875], [-6.0625], [-3.25], [-3.78125], [-7.5625], [-3.21875], [-1.46875], [-1.3984375], [-2.375], [-2.046875], [-8.6875], [-4.21875], [-4.9375], [-1.4609375], [-1.6953125], [-1.9453125], [-2.390625], [-1.3359375], [-2.40625], [-1.6875], [-1.96875], [-1.5546875], [-2.421875], [-2.109375], [-2.96875], [-1.828125], [-1.8203125], [-1.5859375], [-1.921875], [-3.453125], [-8.9375], [-2.5625], [-6.71875], [-3.296875], [-2.078125], [-2.5625], [-2.484375], [-10.4375], [-4.46875], [-1.75], [-2.0], [-2.859375], [-3.84375], [-3.421875], [-1.8671875], [-2.609375], [-1.484375], [-5.5625], [-1.671875]], "anthropic-helpful-base": [[2.984375], [-3.046875], [1.125], [-3.625], [-2.40625], [-2.171875], [-0.244140625], [-0.018310546875], [-1.6328125], [2.46875], [-0.03515625], [1.1015625], [1.0859375], [0.8359375], [-2.421875], [2.65625], [-1.1328125], [3.390625], [-0.50390625], [-1.09375], [1.65625], [-0.828125], [-0.35546875], [-0.94140625], [-2.78125], [-0.65234375], [-3.734375], [0.353515625], [2.953125], [-1.75], [3.578125], [2.375], [2.015625], [0.78125], [3.0], [-3.015625], [-1.6796875], [2.859375], [-0.1513671875], [-2.921875], [2.421875], [2.3125], [3.1875], [-0.008544921875], [1.7109375], [0.78125], [0.54296875], [0.9921875], [3.171875], [1.0546875], [-3.296875], [-2.9375], [1.4765625], [2.921875], [-5.625], [1.0546875], [0.69140625], [-2.828125], [1.6796875], [-2.015625], [0.7578125], [-2.65625], [0.96484375], [2.78125], [-0.7109375], [1.734375], [-0.2021484375], [0.71484375], [1.515625], [1.109375], [-2.71875], [-1.0546875], [-5.28125], [3.890625], [-2.671875], [3.265625], [1.8828125], [-2.8125], [-1.1953125], [-1.1328125], [0.2138671875], [3.140625], [0.58984375], [-2.5625], [0.8046875], [1.8125], [2.796875], [-1.8125], [0.2236328125], [-2.3125], [-0.390625], [1.265625], [2.34375], [-0.40625], [1.1328125], [2.09375], [-2.0625], [1.1875], [-0.419921875], [1.4375], [-0.224609375], [0.36328125], [1.09375], [1.765625], [3.78125], [-0.2060546875], [1.5546875], [3.390625], [-2.109375], [1.2109375], [-0.94140625], [-2.765625], [1.0546875], [2.875], [-2.15625], [-0.9921875], [-1.8203125], [2.1875], [-1.578125], [0.0693359375], [1.7109375], [-0.53125], [-6.1875], [1.1484375], [1.671875], [2.453125], [-1.5859375], [2.5]], "anthropic-harmless-base": [[-2.21875], [-8.5], [-2.4375], [-0.69921875], [-2.28125], [-1.8359375], [-7.1875], [-3.140625], [-7.96875], [-1.125], [-4.9375], [2.25], [-1.890625], [-1.3515625], [-2.703125], [-10.8125], [-1.625], [-1.7578125], [-3.40625], [-5.375], [-5.46875], [-3.703125], [-1.8046875], [-6.84375], [-1.6640625], [-1.609375], [-2.609375], [-5.34375], [-2.1875], [-3.375], [-3.875], [-5.125], [-4.0], [-2.546875], [-2.90625], [-1.8828125], [-7.875], [-1.7578125], [-2.28125], [-2.296875], [-1.546875], [-5.6875], [-5.96875], [-4.375], [-3.375], [-0.8515625], [-1.6875], [-1.0703125], [-2.53125], [-0.66796875], [-9.0625], [-3.3125], [-1.5078125], [-2.75], [-2.390625], [-7.375], [-1.8125], [-4.21875], [-2.875], [-2.65625], [-7.4375], [-1.359375], [-6.1875], [-9.5625], [-5.5625], [-2.078125], [-2.40625], [-2.484375], [-3.390625], [-9.3125], [-2.53125], [-4.96875], [-3.46875], [-2.53125], [-5.125], [-2.234375], [-1.4609375], [-2.640625], [-5.96875], [-2.734375], [-6.46875], [-1.921875], [-5.0], [-1.0390625], [-2.28125], [-7.9375], [-2.1875], [-1.484375], [-1.6328125], [-4.21875], [-2.59375], [-4.9375], [-7.25], [-3.046875], [-1.6875], [-1.7265625], [-2.890625], [-5.0], [-3.6875], [-5.65625], [-2.359375], [-3.25], [-10.9375], [-2.578125], [0.609375], [-7.09375], [-2.890625], [-2.109375], [-0.5390625], [-0.66015625], [-4.0], [-1.6875], [-3.375], [-2.34375], [-4.75], [-1.7421875], [-4.78125], [-1.8984375], [-2.484375], [-1.8046875], [-2.046875], [-2.59375], [-2.71875], [-1.4765625], [-2.78125], [-1.4296875], [-7.96875], [-2.046875]], "openai/webgpt_comparisons": [[-1.765625], [0.7265625], [-2.609375], [-2.328125], [-2.890625], [-0.29296875], [-0.58984375], [-2.703125], [-1.7578125], [-3.046875], [-2.640625], [-2.640625], [1.4375], [-2.125], [-2.046875], [-2.15625], [-0.69140625], [-2.4375], [-2.46875], [-1.53125], [-3.609375], [-2.453125], [-2.328125], [-2.484375], [-2.765625], [-3.84375], [-2.296875], [-0.7578125], [-2.390625], [-2.421875], [-1.3984375], [-2.203125], [-1.0], [-2.625], [-3.34375], [-2.109375], [-2.421875], [-2.71875], [0.431640625], [-1.6015625], [-0.921875], [-2.515625], [-1.875], [-2.6875], [-1.890625], [-4.71875], [1.2578125], [-2.25], [-2.25], [-1.484375], [-2.578125], [-0.98828125], [-2.546875], [-1.8515625], [-1.953125], [-2.625], [-2.6875], [-2.140625], [-2.46875], [-0.6171875], [-2.25], [-2.5], [-0.55078125], [-2.5], [-2.5], [-1.203125], [-2.015625], [-2.484375], [-0.55859375], [-1.40625], [-2.21875], [-1.5546875], [-2.359375], [1.1953125], [-2.625], [-1.0390625], [-2.390625], [-3.234375], [-1.0703125], [-2.46875], [-4.15625], [-3.125], [-0.54296875], [-2.328125], [-2.65625], [-2.375], [-2.03125], [-2.453125], [-2.109375], [-0.291015625], [-0.38671875], [-1.8984375], [-1.1640625], [-2.53125], [-2.421875], [-2.875], [-2.46875], [-1.5546875], [-0.8828125], [-2.234375], [-2.453125], [-2.1875], [-0.84375], [-3.078125], [-2.578125], [-2.25], [-2.546875], [-4.21875], [-1.0703125], [-2.1875], [0.55859375], [-3.625], [-1.6171875], [-2.46875], [-2.640625], [-2.609375], [-2.6875], [-2.609375], [-2.109375], [-1.4765625], [-3.28125], [-3.03125], [-2.921875], [-1.2109375], [-3.953125], [-2.453125], [-2.4375], [2.265625]]}
