{"anthropic-red-team": [[-2.28125], [-6.375], [-1.8515625], [-4.40625], [-2.171875], [-2.234375], [-2.15625], [-2.140625], [-4.5625], [-6.9375], [-2.0], [-3.328125], [-2.796875], [-3.390625], [-6.375], [-2.40625], [-2.15625], [-4.96875], [-2.25], [-2.390625], [-4.0], [-2.703125], [-2.453125], [-2.46875], [-1.4609375], [-1.703125], [0.7890625], [-9.875], [-3.09375], [-3.03125], [-1.9921875], [-3.109375], [-3.453125], [-3.90625], [-2.484375], [-5.8125], [-2.375], [-2.359375], [-2.984375], [-3.3125], [-7.75], [-2.421875], [1.3671875], [-2.546875], [-2.859375], [-4.9375], [-2.0625], [-1.6171875], [-0.55859375], [-3.890625], [-2.046875], [-3.0625], [-3.9375], [-3.59375], [-2.515625], [-3.34375], [-2.46875], [-6.03125], [-1.4921875], [-1.9453125], [-1.5390625], [-2.1875], [-2.171875], [-2.75], [-2.765625], [-4.84375], [-3.3125], [-2.265625], [-3.09375], [-2.65625], [-2.765625], [-3.46875], [-2.921875], [-2.46875], [-3.46875], [-1.8203125], [-2.53125], [-1.859375], [-2.484375], [-4.28125], [-6.40625], [-3.234375], [-5.28125], [-6.40625], [-7.5], [-3.59375], [-1.4921875], [-2.34375], [-3.484375], [-9.0], [-3.1875], [-4.84375], [-0.275390625], [-1.4453125], [-3.53125], [-2.65625], [-2.171875], [-4.5625], [-6.03125], [-2.21875], [-2.3125], [-2.640625], [-4.09375], [-2.390625], [-1.7421875], [-2.15625], [-2.296875], [-2.265625], [-2.390625], [-9.0625], [-2.328125], [-7.46875], [-2.515625], [-2.0625], [-2.875], [-2.34375], [-10.375], [-3.921875], [-1.8984375], [-2.265625], [-2.84375], [-7.25], [-3.40625], [-5.1875], [-2.609375], [-2.484375], [-4.53125], [-2.625]], "anthropic-helpful-base": [[3.046875], [-1.4921875], [0.796875], [-3.53125], [0.326171875], [-2.578125], [0.099609375], [-0.275390625], [-1.4453125], [2.578125], [0.216796875], [1.3203125], [0.88671875], [0.1484375], [-0.796875], [2.796875], [-1.171875], [2.390625], [-0.458984375], [-0.76171875], [0.85546875], [-0.3125], [-2.828125], [-3.3125], [-3.296875], [-0.7578125], [-3.53125], [1.046875], [3.140625], [2.640625], [3.203125], [1.84375], [1.6640625], [0.859375], [3.109375], [-3.40625], [-1.8671875], [2.84375], [-0.5703125], [-2.421875], [2.625], [1.234375], [3.203125], [1.09375], [1.703125], [1.7265625], [1.421875], [1.46875], [3.265625], [1.0625], [-3.734375], [-2.53125], [1.46875], [2.546875], [-5.15625], [2.140625], [0.25], [-1.328125], [1.453125], [-3.4375], [0.69140625], [-1.5859375], [0.921875], [-2.4375], [-0.3125], [2.09375], [-0.60546875], [0.30859375], [0.9140625], [0.78515625], [0.216796875], [-1.0546875], [-3.59375], [3.8125], [-3.046875], [1.3046875], [2.40625], [-2.734375], [-1.0078125], [-1.03125], [0.69140625], [3.125], [0.388671875], [-2.53125], [1.015625], [1.3515625], [2.484375], [-4.09375], [-0.020751953125], [-2.71875], [-0.60546875], [0.8359375], [2.1875], [-0.279296875], [0.11572265625], [2.0625], [-1.109375], [1.5], [-0.6640625], [1.4453125], [-1.046875], [0.255859375], [-1.984375], [1.984375], [3.640625], [-0.47265625], [1.703125], [-2.359375], [-1.921875], [1.1953125], [-0.7734375], [-2.578125], [1.03125], [3.0], [-3.15625], [-1.5234375], [-1.875], [2.265625], [1.6953125], [0.08837890625], [1.5234375], [-1.71875], [-5.53125], [1.171875], [0.015869140625], [2.75], [-0.671875], [2.390625]], "anthropic-harmless-base": [[-2.171875], [-2.25], [-2.421875], [-0.84765625], [-3.234375], [-9.125], [-5.46875], [-2.5625], [-6.21875], [-1.0390625], [-5.03125], [0.064453125], [-5.71875], [-8.1875], [-2.734375], [-10.6875], [-6.59375], [-1.8828125], [-2.921875], [-1.703125], [-5.6875], [-8.625], [-1.9453125], [-6.71875], [-1.6953125], [-8.625], [-4.21875], [-5.71875], [-2.25], [-3.40625], [-4.3125], [-5.25], [-4.21875], [-2.4375], [-2.421875], [-3.046875], [-6.84375], [-2.46875], [-2.125], [-2.4375], [-1.9375], [-5.1875], [-3.265625], [-3.078125], [-4.375], [-5.5], [-3.328125], [-1.8046875], [-1.7890625], [-1.09375], [-2.375], [-2.078125], [-1.1875], [-5.71875], [-1.46875], [-7.65625], [-3.265625], [-4.875], [-2.8125], [-2.890625], [-1.78125], [-1.796875], [-5.625], [-8.6875], [-8.875], [-2.265625], [-2.453125], [-1.9921875], [-2.953125], [-9.125], [-4.1875], [-4.9375], [-3.4375], [-1.9765625], [-1.5703125], [-2.25], [-9.375], [-2.671875], [-1.609375], [-3.0], [-5.5], [-2.515625], [-5.59375], [-2.328125], [-2.28125], [-7.75], [-3.25], [-4.09375], [-2.375], [-4.03125], [-2.65625], [-4.375], [-7.125], [-1.8984375], [-6.71875], [-2.0625], [-2.296875], [-3.90625], [-3.453125], [-0.71875], [-2.140625], [-5.1875], [-9.9375], [-2.46875], [-0.068359375], [-6.28125], [-4.5], [-2.203125], [2.25], [-0.890625], [-4.40625], [-1.484375], [-5.3125], [-8.4375], [-4.4375], [-5.34375], [-4.375], [-1.6796875], [-3.71875], [-1.90625], [-3.59375], [-3.09375], [-1.8984375], [-3.328125], [-2.765625], [-3.84375], [-7.125], [-7.5625]], "openai/webgpt_comparisons": [[-1.4140625], [0.26171875], [-1.3125], [-2.5625], [-2.65625], [-0.34765625], [-0.66015625], [-2.5625], [-1.796875], [-2.65625], [-2.71875], [-1.8046875], [1.25], [-2.109375], [-2.328125], [-2.171875], [1.34375], [0.0888671875], [-2.734375], [-0.6328125], [-3.9375], [-2.25], [-2.296875], [-2.390625], [-2.625], [-3.390625], [-2.1875], [-0.62890625], [-2.46875], [-1.828125], [-1.34375], [-1.484375], [-2.671875], [-2.59375], [-3.234375], [-2.609375], [-2.28125], [-2.5625], [-1.9921875], [-1.484375], [-1.9453125], [-2.484375], [-1.390625], [2.859375], [-2.5], [-5.1875], [1.203125], [-2.578125], [-2.203125], [-1.125], [-1.4140625], [-1.09375], [-2.015625], [-2.9375], [-2.078125], [-2.09375], [-2.78125], [-2.21875], [-2.578125], [-0.59375], [-1.2421875], [-1.6875], [-0.82421875], [-2.390625], [-2.375], [-1.4921875], [-1.96875], [-2.53125], [-0.85546875], [-1.6640625], [-2.640625], [-0.96484375], [-1.34375], [0.7890625], [-0.9375], [-0.93359375], [-2.40625], [-2.984375], [-1.3125], [0.2216796875], [-4.0625], [-2.53125], [-0.73046875], [-2.65625], [-0.80078125], [-2.140625], [-2.015625], [-2.640625], [-0.21484375], [-0.37890625], [-0.014892578125], [-1.921875], [-0.6484375], [-2.453125], [-2.34375], [-2.875], [-2.4375], [-1.015625], [-2.59375], [-2.21875], [-2.421875], [-2.0625], [-1.1171875], [-2.015625], [-2.484375], [-1.8984375], [-2.0625], [-4.625], [-1.96875], [-2.09375], [0.6328125], [-4.4375], [-1.75], [-2.46875], [-2.484375], [-3.1875], [-2.625], [-2.5625], [-2.40625], [-1.7734375], [-3.25], [-2.640625], [-2.609375], [-1.859375], [-3.265625], [-2.59375], [-2.359375], [-1.375]]}
