{"anthropic-red-team": [[-2.296875], [-6.5625], [-4.21875], [-2.125], [-3.015625], [-4.90625], [-2.125], [-3.453125], [-2.09375], [-6.625], [-5.71875], [-2.34375], [-2.40625], [-1.875], [-2.34375], [-4.09375], [-2.578125], [-5.34375], [-1.7421875], [-2.140625], [-5.125], [-9.0], [-8.6875], [-5.71875], [-1.484375], [-3.421875], [0.96484375], [-9.0625], [-2.921875], [-2.53125], [-2.015625], [-4.25], [-3.625], [-6.40625], [-2.375], [-3.96875], [-2.359375], [-3.46875], [-3.109375], [-4.875], [-8.875], [-2.25], [0.78515625], [-3.140625], [-3.078125], [-5.3125], [-3.21875], [-2.671875], [-0.337890625], [-4.71875], [-5.25], [-4.46875], [-4.3125], [-3.28125], [-2.5625], [-3.046875], [-2.46875], [-6.28125], [-1.28125], [-2.375], [-1.6328125], [-6.21875], [-4.59375], [-2.015625], [-3.21875], [-7.78125], [-8.125], [-4.5625], [-2.125], [-2.375], [-3.328125], [-2.21875], [-2.9375], [-4.46875], [-2.703125], [-2.25], [-4.125], [-1.9765625], [-2.40625], [-1.6796875], [-6.5625], [-3.359375], [-5.0625], [-5.09375], [-6.6875], [-2.9375], [-0.76171875], [-2.859375], [-2.046875], [-8.1875], [-3.5], [-8.8125], [-1.4453125], [-4.75], [-2.21875], [-2.34375], [-2.1875], [-4.1875], [-2.328125], [-2.078125], [-2.84375], [-2.703125], [-2.703125], [-2.265625], [-2.546875], [-1.953125], [-1.671875], [-1.734375], [-8.1875], [-7.8125], [-3.28125], [-8.375], [-2.84375], [-1.875], [-2.875], [-2.265625], [-10.3125], [-4.0625], [-2.84375], [0.034423828125], [-2.421875], [-6.0625], [-3.421875], [-3.078125], [-3.703125], [-1.546875], [-4.5], [-1.1171875]], "anthropic-helpful-base": [[2.75], [-1.4609375], [1.359375], [-3.328125], [0.376953125], [-1.6953125], [0.5078125], [0.05859375], [-1.6640625], [2.421875], [0.2490234375], [0.953125], [1.5703125], [-1.6875], [-1.28125], [3.140625], [-1.09375], [2.453125], [0.435546875], [-0.91015625], [1.8359375], [-0.56640625], [0.296875], [-3.234375], [-1.9453125], [-1.2109375], [-2.015625], [0.66015625], [2.3125], [2.65625], [3.546875], [1.9375], [2.21875], [0.85546875], [2.578125], [-3.609375], [-0.33203125], [2.953125], [0.01513671875], [-2.375], [2.671875], [0.97265625], [2.78125], [1.140625], [1.53125], [1.640625], [0.96484375], [0.7109375], [3.25], [0.98046875], [-2.046875], [2.90625], [1.4765625], [2.515625], [-5.03125], [1.8203125], [0.73828125], [-1.3671875], [1.6953125], [-3.4375], [0.55859375], [-1.953125], [0.66796875], [-0.5625], [0.1142578125], [1.8203125], [-0.3359375], [0.072265625], [1.4140625], [-2.5], [1.3125], [-1.0859375], [-2.453125], [3.75], [-1.75], [2.703125], [2.3125], [-2.171875], [-0.70703125], [-0.81640625], [1.0078125], [2.609375], [0.236328125], [2.671875], [0.341796875], [1.6875], [2.390625], [-2.296875], [0.51171875], [-2.8125], [-0.5078125], [0.6015625], [1.9765625], [0.2158203125], [0.6640625], [1.6640625], [-1.3828125], [0.95703125], [1.5703125], [1.3984375], [-0.71875], [-0.43359375], [-2.3125], [1.8046875], [3.28125], [-0.2275390625], [1.171875], [2.078125], [2.296875], [1.515625], [0.234375], [-2.640625], [0.953125], [2.90625], [-2.34375], [-2.5625], [-1.6015625], [-2.046875], [1.40625], [-0.30859375], [1.2734375], [1.734375], [-6.125], [1.078125], [-1.2265625], [2.65625], [0.1357421875], [2.375]], "anthropic-harmless-base": [[-2.015625], [-1.984375], [-6.625], [-1.1796875], [-1.7265625], [-3.078125], [-6.0], [-2.703125], [-7.09375], [-0.83984375], [-2.984375], [0.921875], [-2.84375], [-7.46875], [-3.0], [-5.65625], [-2.484375], [-0.84375], [-1.9609375], [-4.3125], [-6.8125], [-1.8359375], [-1.625], [-1.703125], [-1.125], [-8.375], [-2.890625], [-5.125], [-2.25], [-3.515625], [-3.34375], [-4.84375], [-4.09375], [-2.515625], [-2.375], [-1.984375], [-7.90625], [-5.375], [-1.734375], [-2.296875], [-2.4375], [-1.6171875], [-2.625], [-2.84375], [-4.03125], [-4.71875], [-1.46875], [-1.078125], [-3.375], [-1.6484375], [-1.5625], [-2.125], [-1.2421875], [-2.6875], [-3.078125], [-6.25], [-6.15625], [-4.0], [-3.28125], [-2.5], [-1.6328125], [-2.03125], [-3.65625], [-10.375], [-5.25], [-1.7421875], [-3.03125], [-1.8359375], [-2.21875], [-9.875], [-2.34375], [-5.65625], [-3.25], [-2.796875], [-1.1484375], [-2.234375], [-1.5078125], [-3.546875], [-1.609375], [-2.640625], [-4.28125], [-1.9453125], [-2.40625], [-2.546875], [-2.625], [-9.0], [-3.453125], [-4.4375], [-1.2109375], [-4.0], [-1.5], [-5.25], [-7.1875], [-1.4453125], [-6.71875], [-1.703125], [-2.234375], [-2.984375], [-3.296875], [-0.81640625], [-3.296875], [-3.515625], [-11.0625], [-2.671875], [-2.8125], [-7.6875], [-7.84375], [-2.234375], [2.0], [0.353515625], [-1.3984375], [-1.765625], [-2.8125], [-9.25], [-2.671875], [-8.875], [-4.59375], [-2.46875], [-2.203125], [-4.03125], [-2.84375], [-2.8125], [-3.734375], [-2.234375], [-1.9453125], [-1.28125], [-7.0625], [-1.9921875]], "openai/webgpt_comparisons": [[-2.078125], [-2.390625], [-1.5], [-2.6875], [-1.5625], [-2.421875], [-0.90234375], [0.49609375], [-2.140625], [-3.359375], [-2.90625], [-0.828125], [0.85546875], [-1.0390625], [-2.828125], [-2.28125], [-0.63671875], [0.0029144287109375], [-1.6640625], [-0.322265625], [-4.28125], [-2.609375], [-2.828125], [-2.59375], [-3.15625], [-3.828125], [-2.421875], [-0.83203125], [-3.203125], [-1.390625], [-2.046875], [-2.15625], [-1.1796875], [-0.34375], [-3.375], [-2.875], [-2.328125], [-2.75], [0.043212890625], [-2.171875], [-3.171875], [-2.421875], [-1.484375], [2.859375], [-2.859375], [-5.4375], [-2.609375], [-2.59375], [-2.40625], [-1.6796875], [-2.40625], [-1.1484375], [-1.734375], [-1.8125], [-2.125], [-0.66015625], [-3.203125], [-2.625], [-3.03125], [-0.765625], [1.6796875], [-2.125], [-0.4296875], [-2.0], [-2.578125], [-0.1708984375], [-1.96875], [-2.9375], [-1.1953125], [-2.203125], [-2.1875], [-0.95703125], [-0.87890625], [1.2265625], [-2.84375], [-0.8203125], [-2.671875], [-1.671875], [-0.56640625], [0.51953125], [-4.40625], [-0.921875], [-0.08203125], [-2.09375], [-2.90625], [-2.765625], [-2.125], [-1.9921875], [-0.67578125], [-0.73828125], [-2.140625], [-2.140625], [-0.77734375], [-2.78125], [-1.5546875], [-3.328125], [-2.4375], [-2.796875], [-1.0078125], [-2.40625], [-2.546875], [-1.546875], [-0.1513671875], [-1.7109375], [-2.90625], [-2.4375], [-2.875], [-5.15625], [-1.9765625], [-2.078125], [0.3515625], [-2.71875], [-0.734375], [-2.671875], [-0.23046875], [-2.65625], [-2.484375], [-3.296875], [-2.609375], [-1.7890625], [-3.296875], [-3.265625], [-2.875], [-2.03125], [-4.21875], [-2.96875], [-2.734375], [1.59375]]}
