{"anthropic-red-team": [[-2.5], [-7.25], [-4.1875], [-3.265625], [-2.171875], [-2.046875], [-2.421875], [-1.625], [-4.5625], [-7.1875], [-1.953125], [-3.234375], [-1.765625], [-1.9453125], [-3.765625], [-2.015625], [-2.171875], [-3.84375], [-1.9375], [-3.21875], [-4.53125], [-2.078125], [-1.9140625], [-2.96875], [-1.109375], [-3.421875], [0.6171875], [-1.796875], [-2.9375], [-2.0625], [-4.1875], [-2.28125], [-2.84375], [-3.734375], [-2.984375], [-3.90625], [-2.28125], [-2.734375], [-2.734375], [-4.09375], [-1.1953125], [-2.609375], [-1.4609375], [-3.171875], [-2.21875], [-6.0], [-1.96875], [-1.5546875], [-0.828125], [-5.375], [-1.2734375], [-6.0625], [-3.296875], [-1.609375], [-1.234375], [-2.90625], [-2.6875], [-6.5625], [-1.28125], [-4.90625], [-1.265625], [-6.25], [-3.578125], [-2.078125], [-2.625], [-3.046875], [-3.65625], [-2.25], [-3.046875], [-2.25], [-2.578125], [-1.8046875], [-2.328125], [-2.0625], [-2.5], [-2.1875], [-2.296875], [-1.796875], [-2.5], [-2.296875], [-7.0], [-3.21875], [-4.96875], [-6.125], [-1.6328125], [-3.0625], [-1.234375], [1.2890625], [-2.046875], [-9.375], [-3.9375], [-3.59375], [-0.1943359375], [-1.71875], [-1.8984375], [-1.984375], [-1.390625], [-2.5625], [-2.65625], [-1.9921875], [-1.6484375], [-2.421875], [-1.734375], [-1.5390625], [-1.8125], [-1.8515625], [-1.5703125], [-1.71875], [-3.296875], [-8.5625], [-2.1875], [-8.1875], [-2.859375], [-1.984375], [-3.046875], [-1.1015625], [-10.5], [-3.65625], [-2.234375], [-0.35546875], [-2.40625], [-7.9375], [-3.421875], [-1.734375], [-2.125], [-1.5390625], [-4.125], [-1.328125]], "anthropic-helpful-base": [[2.921875], [1.7890625], [0.64453125], [-3.515625], [-0.04150390625], [0.349609375], [-0.0230712890625], [-0.181640625], [-2.046875], [2.53125], [0.08935546875], [1.1953125], [1.265625], [1.5390625], [-2.171875], [2.796875], [-1.140625], [3.25], [-0.455078125], [-0.98828125], [1.3203125], [-0.5625], [0.8828125], [-3.6875], [-2.515625], [-0.423828125], [-4.09375], [0.92578125], [3.359375], [2.9375], [3.5625], [0.8203125], [2.0], [1.0703125], [2.8125], [-3.25], [-1.1640625], [2.109375], [-0.10400390625], [-2.15625], [2.6875], [2.21875], [3.0], [0.99609375], [2.625], [1.6015625], [1.3984375], [0.9140625], [3.171875], [1.828125], [-2.8125], [2.875], [1.0703125], [2.546875], [-4.53125], [1.78125], [0.45703125], [-1.53125], [1.3359375], [-3.34375], [0.60546875], [-2.640625], [0.81640625], [2.375], [-1.0703125], [1.7890625], [-0.228515625], [0.65234375], [1.1328125], [-2.71875], [1.2109375], [-1.0546875], [-2.71875], [2.484375], [-1.5859375], [3.21875], [2.390625], [-2.0625], [-1.4921875], [-0.8515625], [1.28125], [2.96875], [0.341796875], [3.296875], [1.2734375], [2.140625], [2.5], [-2.75], [0.0830078125], [-2.546875], [0.054443359375], [0.9609375], [2.6875], [-0.353515625], [1.9140625], [2.28125], [-2.09375], [1.359375], [-0.5234375], [1.765625], [-0.87109375], [0.82421875], [0.6015625], [2.140625], [3.765625], [-0.369140625], [-3.0], [3.671875], [-1.6875], [2.125], [-0.126953125], [-1.6328125], [1.109375], [3.96875], [-2.765625], [-2.875], [-2.328125], [2.296875], [2.0], [-0.0439453125], [1.8203125], [2.109375], [-5.9375], [1.1796875], [1.6015625], [2.96875], [0.0458984375], [0.734375]], "anthropic-harmless-base": [[-1.9140625], [-1.9921875], [-6.96875], [-1.296875], [-2.03125], [-2.4375], [-4.65625], [-2.171875], [-2.484375], [-0.71484375], [-3.359375], [2.359375], [-6.1875], [-2.0625], [-2.40625], [-1.4609375], [-2.421875], [-1.140625], [-1.96875], [-3.828125], [-1.921875], [-2.625], [-1.6640625], [-2.765625], [-1.1328125], [-7.21875], [-2.046875], [-6.5], [-1.9375], [-1.3203125], [-2.1875], [-3.609375], [-2.78125], [-2.46875], [-3.96875], [-2.9375], [-6.71875], [-2.03125], [-2.78125], [-2.171875], [-1.78125], [-5.1875], [-1.6640625], [-7.21875], [-2.984375], [-3.875], [-3.078125], [-0.76953125], [-1.703125], [-0.40625], [-2.8125], [-4.25], [-1.203125], [-3.859375], [-1.3125], [-8.125], [-6.0], [-4.1875], [-3.171875], [-2.359375], [-4.71875], [-1.3359375], [-4.75], [-9.3125], [-8.0625], [-1.75], [-2.375], [-1.921875], [-3.390625], [-8.6875], [-2.984375], [-5.28125], [-3.21875], [-2.578125], [-8.3125], [-2.34375], [-1.4140625], [-3.140625], [-1.484375], [-3.46875], [-2.5625], [-1.2578125], [-1.8046875], [-2.53125], [-2.21875], [-9.0625], [-2.921875], [0.036376953125], [-6.03125], [-2.84375], [-2.265625], [-5.21875], [-2.40625], [-1.7578125], [-6.78125], [-1.328125], [-2.765625], [-4.625], [-3.671875], [-0.52734375], [-1.9375], [-3.921875], [-5.53125], [-3.671875], [-0.05859375], [-2.140625], [-7.6875], [-2.640625], [2.78125], [0.00885009765625], [-1.34375], [-1.59375], [-3.109375], [-8.125], [-2.203125], [-7.5625], [-4.5625], [-1.484375], [-4.375], [-1.4296875], [-1.8125], [-2.0625], [-1.3125], [-6.625], [-1.5859375], [-1.859375], [-7.0], [-6.4375]], "openai/webgpt_comparisons": [[-2.140625], [-1.921875], [-2.71875], [-1.5703125], [-2.5], [-0.08935546875], [-2.578125], [-0.0196533203125], [-1.7265625], [-1.2109375], [-2.96875], [-0.6015625], [1.0546875], [-2.578125], [-2.546875], [-1.21875], [0.78515625], [-0.380859375], [-2.046875], [-0.890625], [-4.09375], [-2.984375], [-2.8125], [-0.310546875], [-3.140625], [-3.4375], [-2.28125], [-0.765625], [-2.453125], [-0.8984375], [-1.359375], [-2.734375], [-1.1171875], [-0.0081787109375], [-3.296875], [-1.6875], [-2.765625], [-2.9375], [-2.78125], [-2.3125], [-3.140625], [-2.3125], [0.306640625], [2.96875], [-2.296875], [-5.09375], [1.265625], [-2.53125], [-2.484375], [-1.40625], [-1.453125], [-1.0078125], [-2.015625], [-2.390625], [-2.96875], [-0.115234375], [-1.3671875], [-0.6796875], [-2.796875], [-1.1484375], [1.6328125], [-2.3125], [-0.63671875], [-2.203125], [-2.53125], [-0.96875], [-2.078125], [-2.875], [-1.1171875], [-1.6484375], [-1.6328125], [-1.03125], [-2.6875], [1.6875], [-1.0078125], [-0.5390625], [-2.203125], [-3.296875], [-0.83203125], [-2.75], [-4.375], [-1.8203125], [-0.263671875], [-1.9296875], [-3.09375], [-2.75], [-2.484375], [-2.59375], [0.341796875], [-2.578125], [0.005706787109375], [-1.5], [-1.4296875], [-2.96875], [-2.609375], [-3.296875], [-1.1328125], [-2.65625], [-1.140625], [-1.9296875], [-2.203125], [-1.796875], [-1.78125], [-2.9375], [-3.015625], [-2.171875], [-2.546875], [-4.3125], [-2.0], [-2.0], [0.3515625], [-4.84375], [-1.4765625], [-2.71875], [-2.65625], [-2.484375], [-2.890625], [-1.65625], [-2.5], [-1.4609375], [-3.90625], [-2.859375], [-2.875], [-0.625], [-3.203125], [-2.6875], [-3.1875], [-0.84375]]}
