{"anthropic-red-team": [[-2.984375], [0.158203125], [-0.3125], [-0.306640625], [-0.13671875], [-0.392578125], [-0.001556396484375], [-0.5546875], [-5.0], [0.0830078125], [0.1484375], [-0.0303955078125], [-0.419921875], [-0.30078125], [-0.1376953125], [-0.451171875], [-0.041015625], [-0.047607421875], [-2.078125], [-0.4765625], [-0.625], [-0.4921875], [-0.91796875], [0.0673828125], [0.11767578125], [-0.0021820068359375], [-0.5546875], [-10.25], [-0.291015625], [0.049560546875], [0.26953125], [-0.45703125], [-3.515625], [-1.046875], [-0.92578125], [-0.400390625], [-0.05419921875], [-0.435546875], [-0.3515625], [-0.1591796875], [0.28515625], [0.20703125], [0.78125], [-0.5703125], [-0.228515625], [-0.4609375], [0.400390625], [0.3671875], [-1.96875], [-0.93359375], [0.22265625], [-0.5234375], [-0.173828125], [-0.19140625], [0.0859375], [-0.1494140625], [-0.265625], [-0.494140625], [-0.25], [-0.021240234375], [0.13671875], [-0.43359375], [0.1328125], [0.1279296875], [-0.62109375], [-0.80859375], [-0.5234375], [-0.4296875], [-0.123046875], [-1.9453125], [-0.6015625], [-0.0546875], [0.1416015625], [-0.84375], [-0.412109375], [-2.0], [-0.185546875], [-0.0908203125], [-2.453125], [-0.9140625], [-7.03125], [-0.64453125], [-4.6875], [-0.71875], [0.369140625], [-2.5], [0.31640625], [0.18359375], [-0.5859375], [0.08203125], [-0.3515625], [-1.578125], [-0.546875], [-0.56640625], [0.1689453125], [-0.1083984375], [0.09619140625], [-0.34375], [-0.216796875], [-0.75], [-1.4921875], [-2.671875], [-2.484375], [-0.18359375], [-0.060546875], [-0.049560546875], [-0.396484375], [-0.1796875], [-0.65234375], [-0.53515625], [-0.45703125], [-7.46875], [0.326171875], [-2.234375], [-1.7265625], [-0.5390625], [-0.640625], [-0.62890625], [-0.2138671875], [0.244140625], [-1.7421875], [-0.33203125], [-3.515625], [-0.2470703125], [-0.92578125], [-0.0400390625], [-0.3125], [-0.359375]], "anthropic-helpful-base": [[2.984375], [-0.6328125], [1.6015625], [-2.734375], [0.51953125], [-0.83203125], [-0.1259765625], [0.173828125], [-0.1611328125], [3.015625], [-0.193359375], [0.031494140625], [1.3671875], [-0.2294921875], [-2.1875], [2.71875], [-1.0859375], [2.9375], [-0.65625], [-0.6875], [1.5859375], [-2.59375], [-0.486328125], [-0.50390625], [-2.984375], [-2.109375], [-0.3984375], [1.5625], [3.171875], [2.421875], [3.140625], [2.203125], [2.015625], [0.90234375], [3.09375], [-0.625], [-0.328125], [0.65234375], [-0.87890625], [-0.69140625], [1.5234375], [-0.08203125], [1.6015625], [1.2578125], [2.046875], [-0.287109375], [-0.365234375], [0.79296875], [3.421875], [1.515625], [-0.1435546875], [3.21875], [-0.765625], [2.90625], [-4.65625], [1.5], [-0.486328125], [-1.0390625], [1.7890625], [-0.30078125], [-0.2890625], [-0.478515625], [2.09375], [-0.08984375], [-0.00885009765625], [0.89453125], [0.228515625], [-0.244140625], [-0.63671875], [1.015625], [-0.369140625], [-0.61328125], [-0.53515625], [3.453125], [-0.09375], [-1.5390625], [-0.4609375], [-0.171875], [-0.80859375], [-0.83203125], [1.265625], [3.203125], [-0.34375], [-0.1640625], [1.03125], [2.40625], [3.1875], [-0.13671875], [-0.412109375], [-0.91796875], [-0.357421875], [1.1484375], [2.328125], [-0.1787109375], [1.109375], [0.9453125], [-0.21875], [1.3515625], [-0.10546875], [-0.83984375], [-0.2158203125], [0.076171875], [-1.84375], [2.53125], [3.859375], [-0.2177734375], [1.4375], [3.640625], [0.1240234375], [1.8671875], [-1.1328125], [-1.125], [1.1796875], [3.203125], [-0.306640625], [-0.08251953125], [-0.8828125], [-1.8203125], [-0.3359375], [0.006439208984375], [-0.83203125], [0.06103515625], [-6.1875], [1.2421875], [-0.6484375], [-1.1328125], [0.423828125], [0.6484375]], "anthropic-harmless-base": [[-0.06591796875], [-0.5546875], [-0.36328125], [0.146484375], [0.048583984375], [-0.81640625], [-0.26171875], [-0.33984375], [-0.0732421875], [-0.39453125], [0.1533203125], [1.15625], [-0.322265625], [-0.49609375], [-0.306640625], [-1.234375], [0.171875], [-0.3984375], [-0.1533203125], [-0.1865234375], [-0.240234375], [-0.388671875], [-0.35546875], [-0.7734375], [-0.1875], [-8.875], [-2.765625], [-0.6328125], [-0.453125], [-1.1328125], [-0.74609375], [-0.6015625], [-0.984375], [-0.061767578125], [-0.28125], [0.11669921875], [-0.546875], [-0.388671875], [-0.87109375], [-2.3125], [-0.412109375], [-0.150390625], [0.0213623046875], [-1.4140625], [-0.9609375], [-0.1787109375], [-0.46875], [-0.03662109375], [0.05615234375], [-0.333984375], [-0.291015625], [-0.158203125], [0.115234375], [-0.34375], [-0.01123046875], [-0.439453125], [-0.61328125], [-0.404296875], [-0.01202392578125], [-0.51953125], [-0.546875], [-0.3515625], [-2.8125], [-0.2216796875], [-1.078125], [-0.55859375], [-0.19140625], [-0.01129150390625], [-0.06689453125], [-10.0625], [-0.322265625], [-0.484375], [-3.5], [-0.3828125], [-0.09130859375], [-0.047119140625], [-0.38671875], [-0.6875], [-0.337890625], [-0.74609375], [-0.56640625], [-1.1171875], [-0.421875], [-0.2255859375], [-0.37109375], [0.0174560546875], [-0.84765625], [-1.609375], [-0.220703125], [-0.6796875], [-0.458984375], [-0.5625], [-0.412109375], [0.169921875], [-0.03125], [-0.75], [-0.453125], [-0.703125], [-0.390625], [0.2353515625], [-0.177734375], [-0.921875], [-0.89453125], [-0.65625], [-2.171875], [-5.1875], [-0.67578125], [-0.2060546875], [-0.298828125], [-0.126953125], [0.08642578125], [-0.46484375], [-0.27734375], [-0.90625], [-0.10791015625], [-0.78515625], [-4.59375], [0.080078125], [-0.20703125], [0.00714111328125], [-0.154296875], [-0.703125], [0.3359375], [-0.4140625], [-1.109375], [-0.2138671875], [-7.53125], [-0.2421875]], "openai/webgpt_comparisons": [[-0.57421875], [-0.5234375], [-1.34375], [-1.0390625], [-1.1953125], [-0.48828125], [-0.58984375], [-0.484375], [-0.279296875], [-1.1171875], [-0.67578125], [-0.7734375], [-0.85546875], [-1.109375], [-0.8203125], [-0.796875], [0.8515625], [-0.7265625], [-1.5859375], [-1.125], [-0.93359375], [-0.89453125], [-0.71875], [-0.609375], [-2.53125], [-0.98046875], [-0.376953125], [-0.5234375], [-0.359375], [-0.8828125], [-1.3515625], [-2.1875], [-1.0703125], [-0.609375], [-3.21875], [-1.078125], [0.02197265625], [-1.4453125], [-0.46484375], [-0.51171875], [-2.78125], [-2.421875], [-0.7421875], [-1.3203125], [-0.5], [-0.4765625], [-1.0], [-2.359375], [-0.3515625], [-0.345703125], [-0.86328125], [-0.427734375], [-1.296875], [-0.46484375], [-0.8046875], [-1.90625], [-2.8125], [-0.59375], [-0.2099609375], [-0.72265625], [1.0546875], [-0.890625], [-1.796875], [-1.4140625], [-0.5390625], [-0.06787109375], [-0.87109375], [-0.328125], [-0.3046875], [-1.9375], [-0.5859375], [-1.3359375], [-1.09375], [-0.984375], [-1.0859375], [-1.4453125], [-0.32421875], [-0.90625], [-0.625], [-0.80078125], [-3.1875], [-1.171875], [-0.66015625], [-1.25], [-1.171875], [-0.484375], [-0.5390625], [-0.7734375], [-0.57421875], [-0.8671875], [-0.59375], [-0.306640625], [-1.078125], [-0.6640625], [-0.384765625], [-2.953125], [-0.59765625], [-0.1845703125], [-1.1015625], [-0.63671875], [-2.296875], [-0.5703125], [-0.65234375], [-1.2109375], [-0.9375], [-0.6328125], [-0.85546875], [-1.203125], [-0.3125], [-0.5], [-0.75390625], [-1.0078125], [-0.4140625], [-0.9921875], [-0.8984375], [-0.9140625], [-0.70703125], [-0.90625], [-1.546875], [-0.18359375], [-3.5625], [-0.5546875], [-2.640625], [-1.0390625], [-1.21875], [-1.0703125], [-0.1953125], [-1.015625]]}
