{"anthropic-red-team": [[-2.3125], [-6.71875], [-8.625], [-4.03125], [-2.65625], [-0.84765625], [-2.734375], [-2.140625], [-4.625], [-6.15625], [-5.03125], [-2.375], [-1.5625], [-1.609375], [-5.0625], [-2.25], [-2.4375], [-1.765625], [-1.765625], [-2.59375], [-3.9375], [-7.59375], [-8.3125], [-6.03125], [-1.5390625], [-4.625], [0.9609375], [-10.25], [-1.8125], [-2.015625], [-2.625], [-1.75], [-2.59375], [-3.9375], [-2.203125], [-4.375], [-2.375], [-4.0625], [-1.4921875], [-4.9375], [-8.1875], [-6.90625], [-1.5625], [-2.546875], [-2.8125], [-4.9375], [-1.671875], [-2.515625], [-0.380859375], [-5.125], [-2.84375], [-3.359375], [-3.640625], [-1.6953125], [-1.859375], [-3.390625], [-2.859375], [-5.09375], [-1.375], [-1.65625], [-3.4375], [-5.09375], [-1.625], [-2.46875], [-2.734375], [-6.40625], [-3.6875], [-2.140625], [-3.078125], [-2.96875], [-5.96875], [-2.90625], [-4.6875], [-2.296875], [-2.515625], [-1.890625], [-4.3125], [-1.8046875], [-2.421875], [-3.375], [-6.8125], [-3.140625], [-5.09375], [-4.84375], [-8.125], [-2.25], [-4.625], [-2.828125], [-6.53125], [-8.6875], [-3.421875], [-3.953125], [-2.578125], [-1.4609375], [-1.3046875], [-1.609375], [-2.21875], [-4.75], [-2.0625], [-3.078125], [-1.3203125], [-2.21875], [-1.5703125], [-1.78125], [-4.78125], [-1.890625], [-2.40625], [-2.71875], [-3.46875], [-9.625], [-2.390625], [-7.53125], [-2.90625], [-2.0625], [-2.90625], [-2.34375], [-10.625], [-3.984375], [-1.6953125], [-0.7421875], [-2.421875], [-3.84375], [-4.40625], [-1.921875], [-2.265625], [-2.109375], [-4.40625], [-1.734375]], "anthropic-helpful-base": [[2.796875], [-1.9140625], [1.25], [-3.40625], [-2.40625], [-1.6796875], [0.1484375], [-0.267578125], [-1.921875], [2.5], [0.3046875], [0.6640625], [1.3984375], [0.1142578125], [-2.15625], [2.859375], [-0.953125], [3.40625], [0.142578125], [-1.09375], [1.375], [-0.1630859375], [-0.54296875], [-1.109375], [-3.015625], [-0.0625], [-4.21875], [0.486328125], [2.640625], [2.90625], [2.890625], [2.5], [1.796875], [1.2265625], [2.75], [-1.859375], [-2.4375], [2.6875], [-0.01434326171875], [-2.5], [1.3359375], [2.21875], [2.9375], [0.5390625], [1.8828125], [1.5078125], [1.515625], [1.1796875], [3.3125], [1.9375], [-2.359375], [2.546875], [1.484375], [2.78125], [-4.96875], [1.984375], [0.26953125], [-1.4453125], [0.5390625], [-0.2490234375], [1.046875], [-1.6953125], [1.1640625], [2.578125], [-0.1474609375], [1.6484375], [-1.0625], [0.5], [0.3984375], [0.59765625], [1.390625], [-1.046875], [-3.515625], [3.734375], [-1.265625], [2.59375], [2.03125], [-2.203125], [-0.98046875], [-0.8046875], [0.91796875], [3.078125], [0.671875], [2.4375], [0.984375], [2.8125], [2.828125], [-4.09375], [0.11669921875], [-2.640625], [0.061767578125], [1.1328125], [1.6484375], [-0.169921875], [0.70703125], [0.1171875], [-1.3671875], [0.890625], [-0.451171875], [1.4453125], [-0.52734375], [-0.54296875], [-0.2265625], [1.7109375], [3.625], [-0.462890625], [0.87109375], [2.703125], [2.1875], [2.03125], [-0.81640625], [-1.53125], [1.1328125], [3.15625], [-2.578125], [-1.125], [-1.4453125], [2.203125], [-1.7890625], [-0.271484375], [1.4296875], [1.1484375], [-6.5], [1.125], [-0.2578125], [2.265625], [0.2470703125], [2.40625]], "anthropic-harmless-base": [[-2.09375], [-2.34375], [-6.6875], [-8.4375], [-4.84375], [-1.3984375], [-5.65625], [-2.96875], [-8.875], [-3.359375], [-6.125], [1.5], [-5.40625], [-8.9375], [-2.59375], [-10.6875], [-2.109375], [-2.5625], [-1.9765625], [-1.8046875], [-5.125], [-8.5625], [-1.203125], [-6.78125], [-1.1328125], [-8.1875], [-2.734375], [-4.78125], [-2.015625], [-3.40625], [-3.421875], [-5.25], [-5.1875], [-2.46875], [-3.265625], [-2.0], [-7.21875], [-1.765625], [-1.8125], [-2.265625], [-1.3359375], [-5.28125], [-1.578125], [-10.5625], [-3.53125], [-2.09375], [-3.21875], [-1.0546875], [-4.0625], [-0.94140625], [-2.34375], [-5.25], [-1.25], [-2.78125], [-3.0], [-5.53125], [-3.296875], [-5.53125], [-2.6875], [-2.375], [-6.34375], [-1.0703125], [-3.96875], [-9.125], [-5.6875], [-11.625], [-2.375], [-1.7421875], [-2.21875], [-9.375], [-3.53125], [-5.3125], [-3.28125], [-1.7421875], [-5.125], [-4.84375], [-9.625], [-3.390625], [-6.1875], [-2.71875], [-5.84375], [-1.78125], [-5.59375], [-2.375], [-2.21875], [-8.4375], [-8.9375], [-3.53125], [-2.515625], [-5.03125], [-2.5], [-3.65625], [-7.28125], [-1.8359375], [-2.375], [-1.5546875], [-3.171875], [-5.875], [-3.890625], [-0.7890625], [-1.828125], [-4.25], [-10.5625], [-2.53125], [0.7578125], [-4.96875], [-7.09375], [-2.484375], [3.25], [-0.29296875], [-2.125], [-1.1875], [-2.359375], [-9.0], [-2.515625], [-5.0625], [-3.5625], [-1.53125], [-1.2265625], [-3.921875], [-1.484375], [-2.71875], [-2.71875], [-1.3984375], [-1.8359375], [-4.78125], [-6.875], [-3.328125]], "openai/webgpt_comparisons": [[-1.8671875], [0.2353515625], [-1.7734375], [-2.359375], [-2.28125], [-2.1875], [-0.8046875], [0.60546875], [-1.90625], [-0.62890625], [-2.859375], [-0.57421875], [1.046875], [-2.71875], [-2.8125], [-2.09375], [0.6796875], [-0.51171875], [-2.359375], [-0.46875], [-4.25], [-3.65625], [-2.40625], [-0.8203125], [-3.140625], [-3.6875], [-1.7109375], [-0.9765625], [-2.40625], [-2.3125], [-1.25], [-2.46875], [-3.28125], [-2.578125], [-3.234375], [-2.84375], [-1.9921875], [-2.765625], [-2.078125], [-2.234375], [-3.140625], [-2.5625], [-1.6953125], [1.7421875], [-2.828125], [-4.84375], [1.2578125], [-2.46875], [-2.265625], [-1.84375], [-2.671875], [-1.5078125], [-1.9609375], [-2.796875], [-2.0625], [-1.828125], [-3.21875], [-2.640625], [-2.09375], [-0.61328125], [-2.53125], [-1.6328125], [0.0556640625], [-2.28125], [-2.625], [-1.2734375], [-2.28125], [0.58984375], [-0.94921875], [-1.7109375], [-1.703125], [-1.4296875], [-1.2734375], [1.3515625], [-1.296875], [-0.75], [-2.515625], [-1.6640625], [-2.34375], [-0.1669921875], [-4.1875], [-2.734375], [-0.34765625], [-2.28125], [-2.9375], [-2.390625], [-1.9296875], [-2.046875], [-1.7890625], [-2.578125], [-0.412109375], [-2.015625], [-1.0078125], [-2.015625], [-2.546875], [-3.453125], [-2.484375], [-2.71875], [-2.84375], [-2.40625], [-1.75], [-2.5], [-1.203125], [-2.453125], [-2.796875], [-1.859375], [-2.984375], [-4.65625], [-1.6796875], [-2.0625], [0.3203125], [-3.90625], [-1.421875], [-2.328125], [-0.1923828125], [-2.265625], [-2.6875], [-3.40625], [-2.625], [-1.0859375], [-3.484375], [-2.15625], [-3.015625], [-1.859375], [-3.40625], [-2.734375], [-2.546875], [-0.859375]]}
