{"anthropic-red-team": [[-2.921875], [-6.46875], [-2.328125], [-3.375], [-2.78125], [-1.15625], [-4.40625], [-3.90625], [-4.90625], [-6.71875], [-2.046875], [-5.28125], [-1.9609375], [-1.4453125], [-5.4375], [-4.375], [-2.40625], [-3.328125], [-1.984375], [-2.359375], [-3.59375], [-8.125], [-8.9375], [-5.09375], [-1.3984375], [-2.875], [1.234375], [-10.25], [-3.0], [-2.09375], [-3.71875], [-5.625], [-2.890625], [-3.90625], [-3.40625], [-6.0], [-2.078125], [-4.0], [-1.65625], [-3.484375], [-7.59375], [-5.6875], [-1.625], [-2.609375], [-2.84375], [-4.96875], [-1.5546875], [-1.5234375], [-1.296875], [-3.28125], [-3.4375], [-5.28125], [-4.25], [-3.953125], [-1.2421875], [-3.0625], [-2.375], [-5.5625], [-5.15625], [-5.46875], [-2.234375], [-6.3125], [-1.96875], [-2.515625], [-2.765625], [-5.21875], [-3.296875], [-4.46875], [-3.109375], [-2.0625], [-2.4375], [-3.46875], [-2.328125], [-5.0], [-2.5], [-1.984375], [-2.40625], [-4.53125], [-2.484375], [-2.609375], [-6.96875], [-2.953125], [-5.15625], [-6.0], [-7.53125], [-2.796875], [-1.53125], [-1.8671875], [-3.453125], [-9.75], [-4.1875], [-5.34375], [-1.4296875], [-2.3125], [-1.8046875], [-5.5], [-1.203125], [-2.375], [-2.265625], [-6.71875], [-2.40625], [-2.640625], [-1.703125], [-2.8125], [-5.78125], [-1.859375], [-4.96875], [-1.7578125], [-3.453125], [-9.125], [-2.5], [-7.46875], [-2.859375], [-2.234375], [-2.4375], [-2.46875], [-10.5625], [-4.15625], [-1.75], [-0.412109375], [-1.640625], [-2.640625], [-3.40625], [-2.609375], [-9.5625], [-2.3125], [-4.5], [-0.90625]], "anthropic-helpful-base": [[2.65625], [-1.5625], [1.609375], [-3.265625], [-2.53125], [-1.75], [0.052978515625], [0.625], [-1.8046875], [2.578125], [0.17578125], [1.109375], [0.7734375], [0.73046875], [-2.15625], [2.140625], [-1.28125], [2.859375], [0.431640625], [-1.09375], [1.21875], [-0.6875], [0.392578125], [-3.171875], [-1.7578125], [0.466796875], [-4.09375], [1.4140625], [1.8046875], [2.40625], [2.984375], [2.125], [1.46875], [1.1796875], [2.640625], [-3.65625], [-0.275390625], [2.765625], [-0.08203125], [-2.5], [1.71875], [2.265625], [3.21875], [-0.83984375], [2.140625], [1.40625], [0.8046875], [1.3828125], [3.140625], [2.046875], [-3.6875], [2.375], [1.7109375], [2.640625], [-4.5625], [1.7734375], [0.443359375], [-0.78125], [1.3046875], [-3.25], [1.0390625], [-1.5625], [0.78515625], [3.125], [0.1845703125], [1.8984375], [0.030029296875], [0.09228515625], [0.8984375], [0.33203125], [1.3359375], [-1.0546875], [-3.375], [3.3125], [-2.015625], [2.71875], [1.890625], [-0.40625], [-0.765625], [-0.9296875], [0.7109375], [3.3125], [0.5703125], [1.65625], [0.73046875], [2.015625], [1.9609375], [-2.046875], [0.4375], [-2.703125], [0.0732421875], [0.87109375], [2.203125], [-0.31640625], [0.9375], [1.9296875], [-1.75], [0.8046875], [-0.77734375], [1.09375], [-0.400390625], [0.6171875], [-2.6875], [2.3125], [3.09375], [-0.921875], [1.6875], [3.796875], [1.53125], [1.9921875], [-1.0703125], [-2.453125], [1.0234375], [3.40625], [-2.578125], [-1.3515625], [-1.4765625], [2.484375], [0.349609375], [-0.2431640625], [-0.412109375], [-0.7890625], [-5.5], [1.1171875], [1.125], [3.40625], [-2.5625], [2.421875]], "anthropic-harmless-base": [[-2.8125], [-4.34375], [-7.1875], [-1.0625], [-1.1328125], [-3.71875], [-2.71875], [-3.1875], [-6.90625], [-1.2578125], [-2.4375], [-0.01214599609375], [-5.6875], [-6.4375], [-2.046875], [-10.875], [-6.6875], [-1.015625], [-2.84375], [-2.28125], [-5.3125], [-9.0], [-5.21875], [-5.5625], [-1.6953125], [-7.09375], [-3.40625], [-5.46875], [-2.0625], [-3.796875], [-2.90625], [-5.40625], [-3.921875], [-2.515625], [-2.421875], [-2.359375], [-7.1875], [-7.53125], [-2.109375], [-2.234375], [-1.5625], [-5.25], [-4.0625], [-9.1875], [-4.21875], [-5.46875], [-3.5], [-5.78125], [-4.59375], [-1.09375], [-2.09375], [-1.2265625], [-2.25], [-5.03125], [-3.125], [-7.8125], [-4.53125], [-4.3125], [-2.6875], [-2.1875], [-7.0], [-1.453125], [-4.09375], [-3.203125], [-8.4375], [-10.5], [-4.84375], [-1.71875], [-5.0625], [-9.5625], [-3.796875], [-4.8125], [-3.25], [-2.390625], [-6.71875], [-5.09375], [-9.5625], [-2.625], [-5.1875], [-2.765625], [-4.40625], [-1.8828125], [-5.0], [-1.8359375], [-2.21875], [-7.375], [-9.625], [-3.53125], [-1.2265625], [-6.0], [-1.96875], [-4.34375], [-7.1875], [-1.6640625], [-6.25], [-2.046875], [-3.265625], [-2.9375], [-3.578125], [-0.78125], [-3.0], [-4.15625], [-10.75], [-3.375], [-2.03125], [-7.15625], [-2.671875], [-3.03125], [0.427734375], [-0.255859375], [-4.53125], [-1.03125], [-3.109375], [-8.5625], [-2.15625], [-5.53125], [-4.59375], [-1.2890625], [-3.734375], [-3.75], [-5.15625], [-3.140625], [-2.421875], [-2.296875], [-1.7578125], [-5.84375], [-7.6875], [-2.859375]], "openai/webgpt_comparisons": [[-2.1875], [0.734375], [-1.859375], [-2.234375], [-1.890625], [-1.9296875], [-2.578125], [0.80078125], [-1.9375], [-1.125], [-2.84375], [-0.1435546875], [1.1875], [-2.578125], [-2.8125], [-2.390625], [-0.62890625], [-0.287109375], [-2.46875], [-0.48828125], [-3.84375], [-2.8125], [-2.328125], [-2.390625], [-3.234375], [-3.890625], [-1.84375], [-0.64453125], [-2.53125], [-2.234375], [-1.7734375], [-2.34375], [-1.2265625], [-2.515625], [-3.265625], [-1.890625], [-2.21875], [-2.75], [-0.50390625], [-3.6875], [-2.625], [-2.4375], [-1.71875], [2.546875], [-2.828125], [-5.15625], [0.5625], [-2.140625], [-2.5], [-2.0], [-2.25], [-1.390625], [-2.140625], [-2.546875], [-4.84375], [-0.498046875], [-1.2109375], [-2.9375], [-2.203125], [-0.76953125], [-2.53125], [-2.171875], [0.51171875], [-1.9453125], [-2.625], [-1.21875], [-2.0], [0.91015625], [-0.44921875], [-0.0035400390625], [-1.953125], [-1.0859375], [-2.578125], [0.796875], [-2.640625], [-2.046875], [-2.65625], [-1.7265625], [-1.234375], [-2.484375], [-4.15625], [-2.5625], [-0.4296875], [-2.65625], [-3.03125], [-2.75], [-0.72265625], [-1.1328125], [0.2490234375], [-2.6875], [-0.42578125], [-0.7265625], [-0.5546875], [-2.25], [-2.265625], [-3.375], [-1.3203125], [-1.9921875], [-2.984375], [-2.40625], [-2.65625], [-1.7109375], [-0.6484375], [-2.390625], [-2.21875], [-2.078125], [-3.40625], [-4.34375], [-1.7265625], [-2.015625], [0.0654296875], [-3.875], [-1.171875], [-2.75], [-0.6875], [-3.15625], [-2.734375], [-2.875], [-2.640625], [-1.2265625], [-3.53125], [-2.96875], [-2.03125], [-2.328125], [-3.03125], [-2.71875], [-2.515625], [-1.4765625]]}
