{"anthropic-red-team": [[0.1591796875], [0.06689453125], [-0.66796875], [0.06298828125], [0.01483154296875], [-1.7734375], [-0.7890625], [-0.54296875], [-1.125], [0.1142578125], [-0.62890625], [-1.3671875], [0.49609375], [-0.07177734375], [-0.5625], [0.609375], [0.045166015625], [-0.1357421875], [0.84375], [-0.10302734375], [-0.80078125], [0.1533203125], [-3.0], [-1.171875], [-1.8515625], [-0.8359375], [2.578125], [-0.1865234375], [0.859375], [0.408203125], [-0.97265625], [-0.283203125], [-1.125], [0.83984375], [-1.7265625], [-1.484375], [0.16015625], [-0.2578125], [-1.46875], [-0.1796875], [-3.359375], [-0.44140625], [1.0234375], [-0.05615234375], [-0.8046875], [-0.66015625], [-1.1796875], [-0.609375], [0.51953125], [-2.109375], [1.5625], [-2.734375], [-2.0625], [1.7109375], [-0.265625], [1.8359375], [0.61328125], [-0.265625], [-0.2578125], [-1.0546875], [0.1845703125], [-0.80859375], [-1.0078125], [-0.007110595703125], [-0.65234375], [-1.40625], [-0.8984375], [-1.03125], [0.01153564453125], [0.63671875], [-1.1484375], [-0.859375], [0.345703125], [-1.2421875], [-2.78125], [-3.078125], [-1.203125], [-0.455078125], [-0.373046875], [-1.03125], [0.0311279296875], [-2.40625], [0.40625], [-2.34375], [-0.49609375], [1.625], [-0.83203125], [0.2890625], [-1.5078125], [2.265625], [-0.10986328125], [0.8046875], [-0.400390625], [0.796875], [-0.203125], [-1.1796875], [-1.6015625], [0.58984375], [-0.92578125], [-4.0], [-0.9140625], [0.197265625], [-0.546875], [-0.7578125], [-0.875], [-0.369140625], [-2.0], [0.5078125], [-0.220703125], [0.92578125], [-0.7421875], [-0.95703125], [1.0078125], [-0.8671875], [-0.01397705078125], [-0.171875], [-1.984375], [-0.1591796875], [-0.6015625], [1.515625], [1.0546875], [-0.765625], [-2.578125], [-0.15234375], [-0.69921875], [-1.0], [-1.1328125], [-0.63671875]], "anthropic-helpful-base": [[0.0859375], [-1.046875], [0.5859375], [0.0693359375], [0.609375], [1.984375], [0.4609375], [1.5], [0.31640625], [2.046875], [-1.0703125], [0.58984375], [0.67578125], [0.0169677734375], [0.298828125], [0.89453125], [0.6328125], [2.578125], [-0.296875], [0.40234375], [1.1171875], [-0.298828125], [1.703125], [-0.326171875], [1.1640625], [0.392578125], [1.203125], [0.232421875], [2.375], [1.28125], [-0.453125], [1.0546875], [0.82421875], [2.265625], [0.09033203125], [-0.318359375], [0.1328125], [1.1796875], [0.3203125], [-1.203125], [-0.14453125], [0.95703125], [0.3046875], [-1.5546875], [1.6171875], [0.060546875], [0.5390625], [1.203125], [1.9921875], [0.455078125], [-0.640625], [0.384765625], [0.263671875], [1.234375], [-0.34375], [0.56640625], [1.2421875], [-0.9453125], [-0.1025390625], [1.40625], [-0.369140625], [0.018798828125], [0.46484375], [0.90234375], [-0.29296875], [-0.3125], [0.384765625], [-0.04345703125], [0.357421875], [1.0], [0.89453125], [0.439453125], [0.71484375], [-0.1904296875], [0.8515625], [0.8515625], [1.28125], [0.53125], [0.8203125], [0.181640625], [-0.0966796875], [2.046875], [1.2265625], [2.109375], [2.625], [-0.5390625], [1.84375], [-0.359375], [0.25390625], [0.345703125], [0.275390625], [-0.408203125], [1.3828125], [1.09375], [1.3671875], [0.3984375], [0.3125], [0.98046875], [0.19140625], [0.1826171875], [1.0625], [-0.298828125], [-0.1279296875], [0.703125], [3.125], [-0.0732421875], [-0.08642578125], [1.9140625], [0.353515625], [2.0], [0.625], [-0.330078125], [-0.24609375], [0.53515625], [0.86328125], [0.55078125], [-0.291015625], [0.359375], [2.0625], [-0.474609375], [-0.2734375], [0.388671875], [-0.060546875], [-0.390625], [0.017822265625], [1.8984375], [0.23046875], [0.7265625]], "anthropic-harmless-base": [[-1.3359375], [-1.4765625], [0.5703125], [0.384765625], [-0.458984375], [-0.70703125], [-0.4296875], [-0.84375], [-1.4375], [0.62109375], [0.08203125], [1.234375], [-0.5703125], [1.59375], [0.439453125], [-3.15625], [-0.29296875], [-0.7578125], [0.70703125], [-0.5546875], [-1.578125], [1.0078125], [1.328125], [-1.2421875], [-1.9609375], [-3.140625], [-1.7734375], [-1.6171875], [-1.109375], [0.123046875], [-0.26171875], [-1.5703125], [-1.390625], [-1.5078125], [-0.3984375], [-0.1953125], [-1.1015625], [0.2001953125], [0.462890625], [0.4609375], [-0.2314453125], [-0.1533203125], [-0.1826171875], [-0.83203125], [-0.54296875], [-0.298828125], [-0.55859375], [-0.8203125], [0.953125], [-0.484375], [-0.6328125], [-0.3515625], [-0.07666015625], [-0.703125], [-0.2099609375], [-1.265625], [-1.3359375], [-0.94921875], [1.1328125], [-0.83203125], [0.447265625], [0.458984375], [1.6484375], [-2.0625], [-0.66796875], [-4.03125], [-1.21875], [-0.2197265625], [-1.0625], [-1.6015625], [-0.98046875], [-1.5625], [-0.69921875], [-0.2890625], [-0.44140625], [-0.50390625], [0.7421875], [-0.8515625], [-0.111328125], [-1.0625], [-1.734375], [-0.11669921875], [-0.765625], [-0.078125], [-0.2451171875], [-1.3125], [-3.328125], [0.119140625], [-0.412109375], [-0.59375], [0.357421875], [-2.296875], [-1.6640625], [-0.0140380859375], [0.10302734375], [0.028076171875], [1.328125], [-0.2734375], [-0.578125], [0.39453125], [-0.63671875], [-1.5234375], [-4.0625], [-2.34375], [0.0859375], [-0.69921875], [-1.3359375], [-0.2890625], [2.390625], [0.12158203125], [-1.2265625], [-0.796875], [-0.31640625], [-1.671875], [0.67578125], [-1.609375], [-0.62109375], [-1.2578125], [-0.06494140625], [0.765625], [0.94921875], [-1.34375], [1.40625], [0.205078125], [1.265625], [-1.90625], [1.3203125], [1.2421875]], "openai/webgpt_comparisons": [[-1.0234375], [-0.4453125], [-0.8203125], [-0.447265625], [-1.1484375], [-0.73828125], [-0.314453125], [0.54296875], [-0.546875], [-0.09130859375], [-1.1015625], [-0.6171875], [1.265625], [-0.77734375], [-0.84375], [-1.875], [0.37890625], [-0.5078125], [-1.671875], [-0.73828125], [-1.7578125], [-1.0], [-0.5703125], [-0.40625], [-1.1328125], [-0.74609375], [0.2412109375], [-0.671875], [-0.3671875], [-0.51953125], [-0.859375], [-0.0011138916015625], [-1.265625], [-0.380859375], [-0.8515625], [-1.15625], [-0.490234375], [-1.28125], [-0.546875], [-0.6015625], [-0.703125], [-1.1328125], [-1.5078125], [0.275390625], [-0.53515625], [-1.1875], [0.2314453125], [-1.5390625], [-0.8046875], [-1.2421875], [-0.47265625], [-0.359375], [-1.0859375], [-0.54296875], [-0.73828125], [-0.189453125], [-1.5546875], [-1.2421875], [0.447265625], [-0.984375], [0.5078125], [-0.1923828125], [-0.640625], [-0.90625], [0.8359375], [-0.0245361328125], [-0.8046875], [-0.91796875], [0.01531982421875], [-0.73828125], [-0.9765625], [-1.65625], [-0.9296875], [-0.671875], [-0.9140625], [-1.0390625], [-0.0069580078125], [-0.9921875], [-0.953125], [-0.267578125], [-2.671875], [-0.546875], [-0.43359375], [-1.171875], [-0.83203125], [0.05712890625], [-1.015625], [-1.7265625], [-0.326171875], [-0.42578125], [-0.71875], [-0.322265625], [-0.8203125], [-0.54296875], [-1.21875], [-1.828125], [-0.6953125], [-0.8828125], [-0.255859375], [-0.83203125], [-0.265625], [-0.435546875], [-0.201171875], [-0.984375], [-1.234375], [-0.88671875], [-1.21875], [-1.6484375], [-0.058349609375], [-0.97265625], [1.0078125], [-1.3984375], [-0.01275634765625], [-1.2734375], [-0.8984375], [-0.302734375], [-0.78125], [-0.41796875], [-1.2421875], [-0.29296875], [-0.7421875], [-1.203125], [-1.140625], [-0.05078125], [-2.375], [-0.84375], [0.1416015625], [0.2392578125]]}
