{"anthropic-red-team": [[-2.9375], [-6.96875], [-2.171875], [-1.2421875], [-3.125], [-1.5859375], [-3.53125], [-2.140625], [-4.5625], [-6.15625], [-2.0], [-2.546875], [-4.4375], [-1.8515625], [-2.34375], [-2.34375], [-2.15625], [-2.703125], [-2.125], [-3.890625], [-4.9375], [-3.515625], [-7.25], [-2.796875], [-1.4921875], [-1.6953125], [-2.953125], [-1.796875], [-3.046875], [-2.015625], [-3.078125], [-3.640625], [-2.6875], [-4.53125], [-2.578125], [-5.78125], [-2.28125], [-2.046875], [-1.5390625], [-5.46875], [-8.875], [-5.9375], [-1.5625], [-3.171875], [-2.90625], [-4.71875], [-1.9296875], [-1.5859375], [0.08056640625], [-3.859375], [-3.09375], [-7.75], [-3.953125], [-1.8125], [-2.5], [-2.734375], [-2.640625], [-7.25], [-1.7265625], [-5.3125], [-1.4296875], [-4.96875], [-1.671875], [-1.9453125], [-2.5625], [-5.96875], [-3.65625], [-2.03125], [-3.109375], [-2.640625], [-2.9375], [-3.0], [-3.03125], [-2.0625], [-2.5], [-1.8203125], [-2.484375], [-5.09375], [-2.53125], [-1.578125], [-6.59375], [-4.46875], [-5.375], [-6.125], [-7.96875], [-3.390625], [-1.40625], [0.98046875], [-2.5], [-2.8125], [-4.875], [-2.3125], [-1.7578125], [-2.078125], [-2.6875], [-1.8515625], [-0.96875], [-2.390625], [-2.4375], [-8.25], [-1.4765625], [-2.5], [-1.640625], [-3.59375], [-1.6484375], [-1.8359375], [-4.5], [-1.6640625], [-4.8125], [-7.875], [-2.328125], [-7.875], [-2.578125], [-1.9921875], [-2.546875], [-2.484375], [-11.25], [-4.15625], [-3.8125], [-0.5390625], [-2.875], [-2.28125], [-3.421875], [-2.9375], [-1.9140625], [-1.546875], [-5.34375], [-1.3125]], "anthropic-helpful-base": [[3.03125], [-3.078125], [1.328125], [-3.4375], [0.279296875], [-0.376953125], [0.33984375], [0.76171875], [-2.046875], [2.625], [0.65625], [1.328125], [1.65625], [0.30859375], [-2.171875], [3.3125], [-0.9296875], [3.140625], [0.46875], [-0.2099609375], [1.6796875], [0.314453125], [0.70703125], [-3.40625], [-2.765625], [0.4375], [-2.3125], [1.40625], [3.0625], [2.40625], [3.5625], [2.421875], [2.046875], [0.74609375], [2.5625], [-3.734375], [-0.69140625], [2.390625], [0.12060546875], [-3.109375], [1.8046875], [1.9765625], [2.328125], [0.83984375], [1.4453125], [1.84375], [1.328125], [0.78515625], [3.0], [1.7265625], [-2.140625], [2.921875], [1.296875], [3.1875], [-5.21875], [1.75], [0.55078125], [-1.71875], [0.96875], [-0.84375], [0.423828125], [-2.0], [-0.2138671875], [2.1875], [0.80078125], [1.4140625], [-0.60546875], [0.546875], [1.1015625], [0.81640625], [1.171875], [-1.53125], [-3.96875], [3.6875], [-1.28125], [1.3671875], [2.5], [0.05126953125], [-0.76953125], [-0.7265625], [1.046875], [4.3125], [0.66796875], [2.46875], [1.1875], [2.421875], [2.421875], [-3.078125], [1.0234375], [-2.65625], [-0.291015625], [0.72265625], [2.0625], [-0.671875], [1.3828125], [1.6015625], [-1.515625], [1.140625], [-0.66796875], [1.0859375], [-2.140625], [-0.4921875], [-1.671875], [1.7265625], [3.75], [-0.486328125], [1.1875], [3.640625], [2.328125], [2.140625], [-0.640625], [-2.890625], [1.046875], [3.15625], [-2.546875], [-2.59375], [-1.2734375], [2.375], [2.453125], [-0.1923828125], [0.9609375], [1.5625], [-5.90625], [1.296875], [2.796875], [3.1875], [0.466796875], [2.453125]], "anthropic-harmless-base": [[-3.625], [-4.75], [-1.4609375], [-1.421875], [-2.046875], [-9.25], [-6.0625], [-3.3125], [-8.875], [-1.453125], [-2.375], [1.4296875], [-1.65625], [-3.0], [-3.46875], [-2.65625], [-1.5703125], [-0.74609375], [-1.5703125], [-1.1875], [-3.109375], [-2.515625], [-1.421875], [-1.8046875], [-1.09375], [-7.46875], [-2.3125], [-6.71875], [-2.53125], [-1.3125], [-3.703125], [-5.03125], [-4.125], [-2.46875], [-2.84375], [-2.015625], [-7.53125], [-1.8671875], [-1.640625], [-2.3125], [-3.140625], [-4.90625], [-2.671875], [-1.9921875], [-3.671875], [-3.03125], [-1.4453125], [-0.69140625], [-5.65625], [-1.6484375], [-1.5546875], [-5.5], [-0.9765625], [-2.625], [-1.234375], [-1.5859375], [-5.9375], [-5.21875], [-2.984375], [-6.0], [-7.4375], [-1.25], [-4.09375], [-8.4375], [-4.9375], [-1.7734375], [-4.96875], [-2.109375], [-2.671875], [-9.0625], [-3.234375], [-4.75], [-4.0], [-1.8125], [-1.1171875], [-2.28125], [-1.3515625], [-3.0625], [-1.515625], [-3.53125], [-3.75], [-1.3046875], [-5.1875], [-2.46875], [-2.21875], [-8.6875], [-7.90625], [-1.28125], [-5.90625], [-3.890625], [-1.2734375], [-4.34375], [-7.3125], [-0.71484375], [-1.65625], [-1.390625], [-2.75], [-1.90625], [-4.0625], [-1.203125], [-3.359375], [-5.03125], [-11.3125], [-2.5], [-2.5625], [-5.6875], [-7.21875], [-2.609375], [3.390625], [-0.89453125], [-3.578125], [-1.609375], [-1.546875], [-2.8125], [-1.5546875], [-1.703125], [-4.84375], [-1.296875], [-4.09375], [-1.9765625], [-1.765625], [-3.125], [-1.984375], [-7.78125], [-2.5], [-2.828125], [-7.46875], [-5.84375]], "openai/webgpt_comparisons": [[-2.828125], [-2.53125], [-1.34375], [-2.203125], [-2.6875], [-2.5625], [-2.1875], [0.1435546875], [-0.78125], [-0.58984375], [-2.765625], [-2.59375], [1.4921875], [-2.34375], [-2.375], [-2.265625], [1.015625], [-0.060791015625], [-2.953125], [-0.10498046875], [-5.75], [-2.453125], [-2.40625], [-2.296875], [-3.09375], [-4.0], [-2.421875], [-0.69921875], [-2.125], [-0.8046875], [-1.421875], [-1.9296875], [-0.890625], [-0.05224609375], [-3.140625], [-2.0], [-1.390625], [-2.890625], [-0.0966796875], [-1.6484375], [-2.703125], [-2.234375], [-2.359375], [3.234375], [-2.390625], [-5.03125], [1.625], [-2.203125], [-2.09375], [-2.046875], [-2.640625], [-2.15625], [-2.078125], [-2.609375], [-2.0], [0.39453125], [-2.875], [-2.109375], [0.017333984375], [-0.68359375], [-2.265625], [-1.1640625], [0.26953125], [-2.0625], [-2.53125], [-1.2109375], [-2.09375], [-2.0625], [-1.96875], [-1.4140625], [-2.21875], [-1.3671875], [-2.40625], [1.5546875], [-2.8125], [-0.640625], [-2.265625], [-1.328125], [-2.140625], [-2.515625], [-3.984375], [-2.875], [-0.322265625], [-1.6640625], [-2.6875], [-2.5], [-2.375], [-2.765625], [-1.21875], [-2.703125], [-0.341796875], [-1.6640625], [-2.71875], [-2.0], [-2.296875], [-3.09375], [-2.359375], [-0.67578125], [-2.609375], [-2.359375], [-1.953125], [-2.234375], [-0.55078125], [-3.1875], [-2.96875], [-2.0625], [-3.390625], [-4.65625], [-1.828125], [-2.015625], [0.46875], [-3.46875], [-1.7578125], [-1.578125], [-2.671875], [-2.734375], [-2.65625], [-2.984375], [-2.453125], [-1.40625], [-3.59375], [-1.7265625], [-2.671875], [-2.09375], [-3.53125], [-2.671875], [-1.7890625], [0.265625]]}
