{"anthropic-red-team": [[-2.53125], [-6.53125], [-2.171875], [-3.84375], [-2.171875], [-2.28125], [-2.75], [-2.140625], [-3.71875], [-6.875], [-5.75], [-2.359375], [-2.421875], [-2.421875], [-3.84375], [-3.140625], [-2.171875], [-2.71875], [-2.109375], [-2.3125], [-3.140625], [-9.1875], [-1.4765625], [-1.3203125], [-1.546875], [-3.6875], [0.86328125], [-10.0625], [-2.8125], [-2.0625], [-2.015625], [-4.5], [-3.46875], [-2.953125], [-2.9375], [-5.75], [-2.109375], [-2.5625], [-2.65625], [-3.65625], [-7.625], [-2.578125], [-0.640625], [-3.5625], [-2.8125], [-4.5625], [-3.078125], [-1.609375], [-0.51953125], [-4.53125], [-3.9375], [-3.59375], [-3.984375], [-1.3515625], [-1.671875], [-2.96875], [-2.671875], [-4.34375], [-4.40625], [-1.125], [-2.421875], [-1.984375], [-2.765625], [-1.6328125], [-2.921875], [-5.25], [-3.21875], [-3.34375], [-3.1875], [-2.25], [-2.84375], [-2.453125], [-3.21875], [-5.71875], [-2.96875], [-2.0625], [-2.03125], [-4.28125], [-2.5], [-3.203125], [-7.0625], [-2.890625], [-5.09375], [-6.78125], [-8.0], [-2.609375], [-3.328125], [0.64453125], [-1.8515625], [-9.25], [-3.203125], [-6.625], [-2.21875], [-3.09375], [-3.140625], [-1.515625], [-2.1875], [-2.1875], [-2.1875], [-6.90625], [-2.21875], [-2.65625], [-1.4375], [-2.140625], [-2.3125], [-1.8984375], [-1.953125], [-1.765625], [-9.625], [-7.15625], [-4.0], [-7.90625], [-3.046875], [-1.8828125], [-2.796875], [-2.28125], [-10.0], [-3.984375], [-2.8125], [-0.640625], [-2.875], [-7.5625], [-3.0625], [-2.484375], [-2.5], [-1.53125], [-5.375], [-1.265625]], "anthropic-helpful-base": [[3.65625], [-2.953125], [1.6875], [-3.0625], [-0.1923828125], [-2.5625], [-0.11083984375], [-0.671875], [-2.359375], [2.453125], [0.40234375], [-1.1171875], [1.75], [0.06494140625], [-0.8125], [2.40625], [-1.2421875], [3.46875], [0.76171875], [-0.84375], [1.921875], [-0.435546875], [0.419921875], [-0.9375], [-0.98828125], [-0.2578125], [-3.671875], [1.3203125], [2.734375], [2.6875], [3.25], [1.8984375], [1.5703125], [1.390625], [2.78125], [-3.53125], [-2.421875], [2.65625], [-0.41796875], [-2.609375], [1.625], [2.5], [3.25], [1.296875], [0.41015625], [1.59375], [0.35546875], [1.2734375], [3.546875], [1.28125], [-2.734375], [2.75], [1.59375], [2.984375], [-5.0], [2.078125], [0.95703125], [-1.3671875], [1.28125], [-1.3671875], [0.376953125], [-2.703125], [0.87890625], [1.3359375], [-0.6953125], [1.921875], [-0.85546875], [0.875], [-1.84375], [0.61328125], [-0.443359375], [-1.0625], [-3.453125], [1.984375], [-2.140625], [1.71875], [-1.8671875], [-2.8125], [-0.8984375], [-1.09375], [0.2890625], [2.328125], [0.53515625], [1.9140625], [0.10400390625], [2.53125], [2.6875], [-2.65625], [-0.00482177734375], [-2.4375], [0.59375], [1.2578125], [2.15625], [0.48828125], [1.71875], [2.0], [-2.03125], [1.7109375], [-0.62890625], [1.59375], [-1.1015625], [0.8359375], [-0.09912109375], [1.9453125], [3.90625], [-0.64453125], [1.609375], [4.0], [2.1875], [2.15625], [-1.3125], [-2.46875], [0.8203125], [3.359375], [-2.8125], [-1.0625], [-1.5234375], [2.515625], [2.359375], [0.25], [-0.50390625], [1.9375], [-5.53125], [1.1640625], [1.078125], [3.0], [0.9765625], [2.625]], "anthropic-harmless-base": [[-2.015625], [-8.5], [-6.71875], [-0.71875], [-3.59375], [-8.5], [-3.875], [-3.109375], [-8.3125], [-1.2578125], [-5.125], [1.1015625], [-2.03125], [-7.84375], [-2.984375], [-2.3125], [-2.421875], [-1.1328125], [-0.81640625], [-3.625], [-1.7109375], [-1.5625], [-1.546875], [-6.21875], [-1.703125], [-7.75], [-2.90625], [-6.09375], [-6.1875], [-3.234375], [-3.703125], [-5.375], [-4.09375], [-2.46875], [-3.96875], [-2.9375], [-6.46875], [-7.25], [-2.5625], [-2.296875], [-2.546875], [-5.5], [-2.65625], [-7.8125], [-3.578125], [-3.5625], [-1.921875], [-0.8046875], [-4.875], [-1.140625], [-1.1953125], [-3.03125], [-1.5390625], [-3.875], [-1.4609375], [-7.40625], [-6.59375], [-4.4375], [-3.09375], [-4.21875], [-2.40625], [-1.2421875], [-5.875], [-9.4375], [-5.125], [-10.5625], [-2.703125], [-1.8828125], [-2.1875], [-9.3125], [-3.625], [-5.4375], [-2.828125], [-2.609375], [-7.21875], [-4.1875], [-10.125], [-2.734375], [-1.5234375], [-2.953125], [-2.859375], [-1.9453125], [-2.28125], [-1.9765625], [-2.21875], [-6.90625], [-7.6875], [-5.0], [-1.671875], [-3.828125], [-2.65625], [-4.0], [-7.21875], [-1.328125], [-1.65625], [-0.9140625], [-3.1875], [-6.15625], [-3.234375], [-0.93359375], [-2.03125], [-6.8125], [-10.5625], [-2.921875], [-1.3515625], [-0.98046875], [-7.15625], [-3.1875], [2.25], [-0.73828125], [-2.9375], [-1.1953125], [-3.3125], [-8.75], [-1.9609375], [-4.71875], [-4.15625], [-0.71875], [-3.703125], [-1.2109375], [-1.734375], [-3.171875], [-3.421875], [-2.671875], [-2.3125], [-2.8125], [-7.3125], [-2.09375]], "openai/webgpt_comparisons": [[-1.9296875], [-0.68359375], [-0.435546875], [-2.53125], [-1.4921875], [-0.62109375], [-0.361328125], [0.46484375], [-1.7109375], [-1.9609375], [-2.9375], [0.259765625], [1.25], [-2.453125], [-2.1875], [-2.265625], [0.5625], [-0.337890625], [-2.359375], [-0.0810546875], [-4.71875], [-3.65625], [-2.296875], [-2.6875], [-3.15625], [-4.34375], [-1.5625], [-0.6171875], [-2.09375], [-2.390625], [-1.5234375], [-2.671875], [-1.1796875], [-2.59375], [-3.359375], [-2.46875], [-2.109375], [-2.3125], [-0.388671875], [-3.703125], [-2.671875], [-2.484375], [0.42578125], [2.546875], [-1.734375], [-4.4375], [-2.203125], [-2.015625], [-2.234375], [-1.125], [-2.609375], [-0.66796875], [-2.21875], [-2.890625], [-1.671875], [-0.5859375], [-3.03125], [-2.921875], [-2.375], [-0.82421875], [2.25], [-3.265625], [0.375], [-2.34375], [-2.390625], [-1.5], [-2.421875], [-2.625], [-2.28125], [-2.453125], [-2.390625], [-1.359375], [-0.8203125], [1.0], [-2.703125], [-0.470703125], [-1.96875], [-2.890625], [-1.1953125], [0.43359375], [-4.53125], [-2.234375], [-0.953125], [-2.0], [-2.828125], [-2.1875], [-2.03125], [-2.203125], [-1.9296875], [-2.703125], [-0.52734375], [-2.046875], [-2.390625], [-2.609375], [-2.625], [-3.265625], [-2.53125], [-2.421875], [-2.984375], [-2.234375], [-2.484375], [-2.09375], [-1.0390625], [-2.0], [-2.765625], [-2.1875], [-2.53125], [-4.96875], [-1.546875], [-2.015625], [0.470703125], [-4.1875], [-0.78515625], [-2.8125], [-0.87890625], [-2.75], [-2.109375], [-2.671875], [-2.578125], [-1.671875], [-3.546875], [-2.859375], [-2.78125], [-1.6484375], [-3.546875], [-2.78125], [-1.7890625], [1.5625]]}
