{"anthropic-red-team": [[-2.984375], [-7.25], [-10.8125], [-3.546875], [-3.03125], [-4.09375], [-3.953125], [-4.5], [-3.53125], [-1.65625], [-3.671875], [-2.28125], [-2.21875], [-8.5], [-3.234375], [-5.4375], [-1.984375], [-5.375], [-1.9375], [-4.09375], [-4.125], [-9.0625], [-3.578125], [-2.6875], [-1.2265625], [-2.328125], [0.58203125], [-11.0], [-2.015625], [-3.484375], [-3.828125], [-2.96875], [-3.671875], [-4.71875], [-3.546875], [-4.625], [-2.140625], [-4.71875], [-2.4375], [-5.78125], [-7.9375], [-3.984375], [-0.3125], [-6.03125], [-2.84375], [-7.15625], [-3.3125], [-2.046875], [-1.671875], [-5.625], [-2.328125], [-5.0], [-3.171875], [-1.7734375], [-2.78125], [-3.046875], [-2.953125], [-3.40625], [-5.375], [-5.0625], [-1.546875], [-6.03125], [-3.078125], [-2.3125], [-2.8125], [-0.875], [-5.8125], [-7.1875], [-3.0], [-2.109375], [-6.0], [-2.640625], [-5.4375], [-6.65625], [-2.0], [-1.6171875], [-3.34375], [-7.65625], [-2.484375], [-4.28125], [-5.53125], [-5.3125], [-4.875], [-5.0625], [-3.859375], [-2.71875], [-2.046875], [-2.578125], [-2.6875], [-4.28125], [-3.5625], [-5.84375], [-0.53515625], [-2.9375], [-1.8515625], [-4.875], [-1.15625], [-2.078125], [-9.1875], [-3.828125], [-9.5625], [-2.65625], [-2.84375], [-3.546875], [-2.0625], [-1.71875], [-3.046875], [-3.09375], [-3.15625], [-9.375], [-2.703125], [-4.65625], [-3.6875], [-2.125], [-3.609375], [-2.921875], [-9.625], [-4.34375], [-8.0], [-0.337890625], [-2.453125], [-2.859375], [-3.21875], [-3.53125], [-2.703125], [-6.75], [-2.5625], [-2.8125]], "anthropic-helpful-base": [[-0.0517578125], [-2.625], [0.26171875], [-4.96875], [-1.8359375], [-2.59375], [-4.25], [-0.7578125], [-2.53125], [2.640625], [-2.046875], [-1.5234375], [-0.60546875], [0.5859375], [-1.03125], [2.515625], [-2.203125], [1.8984375], [0.00689697265625], [-1.2890625], [-0.490234375], [-0.62109375], [-1.25], [-2.203125], [-2.578125], [0.1533203125], [-2.5], [-0.73828125], [-1.3203125], [1.671875], [2.28125], [0.30859375], [1.296875], [0.828125], [2.46875], [-2.8125], [-2.09375], [-0.0615234375], [-0.25390625], [-3.03125], [-0.302734375], [-0.73828125], [1.90625], [1.21875], [-0.796875], [-0.6328125], [-0.34765625], [-1.40625], [2.890625], [1.6796875], [-3.890625], [1.953125], [0.53515625], [2.4375], [-5.65625], [0.306640625], [-0.087890625], [-0.85546875], [-0.484375], [-2.078125], [-2.15625], [-3.140625], [0.046630859375], [1.3046875], [-0.7578125], [0.546875], [-0.4453125], [-2.0], [-1.1171875], [0.34375], [-0.458984375], [-1.515625], [-0.435546875], [2.5625], [-2.171875], [-0.89453125], [2.125], [-1.3125], [-1.5], [-1.7890625], [-2.3125], [-3.25], [0.439453125], [-2.75], [1.5859375], [-1.6953125], [1.0], [-3.796875], [-1.4140625], [-1.609375], [-1.6640625], [0.8046875], [1.015625], [-0.74609375], [0.953125], [-1.7265625], [-3.8125], [0.546875], [-1.7578125], [-0.470703125], [-0.40234375], [-1.0234375], [-2.390625], [1.109375], [2.515625], [-2.21875], [0.953125], [2.171875], [0.53515625], [0.291015625], [-1.640625], [-2.65625], [0.53515625], [3.453125], [-4.96875], [-1.2890625], [-0.984375], [1.765625], [0.98828125], [-0.416015625], [0.87109375], [0.0125732421875], [-2.96875], [0.94140625], [-1.3203125], [2.765625], [0.08349609375], [1.3515625]], "anthropic-harmless-base": [[-1.8125], [-5.34375], [-4.15625], [-0.78515625], [-2.1875], [-7.28125], [-7.75], [-2.65625], [-10.5], [-1.1171875], [-5.15625], [1.0859375], [-3.53125], [-7.71875], [-2.65625], [-12.125], [-5.125], [-2.84375], [-2.40625], [-3.734375], [-4.96875], [-4.5], [-3.0], [-4.9375], [-2.125], [-7.8125], [-2.9375], [-6.9375], [-6.1875], [-3.15625], [-4.09375], [-5.6875], [-6.5], [-2.21875], [-3.546875], [-4.09375], [-6.1875], [-1.90625], [-2.6875], [-2.5], [-1.7890625], [-6.625], [-2.71875], [-2.359375], [-4.71875], [-1.4140625], [-3.5], [-2.828125], [-3.234375], [-1.453125], [-7.15625], [-1.46875], [-1.9453125], [-5.28125], [-3.421875], [-5.65625], [-5.59375], [-8.125], [-3.140625], [-2.546875], [-5.3125], [-1.3984375], [-5.21875], [-7.46875], [-4.65625], [-7.71875], [-4.6875], [-2.078125], [-3.140625], [-9.6875], [-4.21875], [-5.40625], [-5.25], [-2.109375], [-1.5625], [-3.0625], [-1.9921875], [-3.140625], [-5.65625], [-3.59375], [-7.65625], [-1.8828125], [-6.40625], [-3.046875], [-1.8984375], [-7.625], [-3.3125], [-1.96875], [-1.7890625], [-3.671875], [-2.34375], [-5.15625], [-4.375], [-0.9921875], [-1.5546875], [-2.59375], [-3.265625], [-8.4375], [-3.953125], [-1.03125], [-4.3125], [-6.375], [-10.0625], [-2.484375], [-1.765625], [-6.0625], [-7.0625], [-2.921875], [2.828125], [-2.59375], [-8.75], [-2.140625], [-2.671875], [-3.65625], [-3.34375], [-3.3125], [-0.388671875], [-3.984375], [-1.140625], [-2.5625], [-5.5], [-6.15625], [-2.546875], [-1.40625], [-1.9375], [-2.28125], [-6.5625], [-4.59375]], "openai/webgpt_comparisons": [[-2.546875], [0.36328125], [-2.453125], [-2.65625], [-2.96875], [-0.06689453125], [-1.5078125], [-0.236328125], [-2.421875], [-2.1875], [-3.4375], [-0.9609375], [1.0], [-2.328125], [-2.859375], [-3.140625], [-0.94140625], [-0.78515625], [-3.203125], [-1.3828125], [-5.4375], [-3.28125], [-1.734375], [-0.99609375], [-2.3125], [-2.625], [-2.046875], [-2.734375], [-1.4375], [-1.7890625], [-0.9140625], [-2.921875], [-1.28125], [-1.3984375], [-3.3125], [-3.390625], [-1.1484375], [-2.578125], [-2.53125], [-4.1875], [-1.0625], [-2.4375], [-1.671875], [2.25], [-2.0], [-4.9375], [0.328125], [-2.078125], [-2.046875], [-1.28125], [-1.921875], [-1.7578125], [-2.890625], [-3.125], [-4.3125], [-0.796875], [-1.6328125], [-2.234375], [-0.38671875], [-1.6328125], [-0.0693359375], [-2.4375], [-0.4765625], [-2.375], [-2.59375], [-0.328125], [-2.28125], [-3.21875], [-1.5234375], [-1.28125], [-3.625], [-1.3515625], [-1.1328125], [-0.80078125], [-2.453125], [-1.015625], [-2.40625], [-3.203125], [-0.91796875], [0.208984375], [-5.46875], [-1.6953125], [-1.3671875], [-2.484375], [-1.2265625], [0.02978515625], [-1.5], [-3.671875], [-1.3359375], [-0.7734375], [-0.67578125], [-2.390625], [-1.421875], [-3.03125], [-2.609375], [-2.96875], [-1.7890625], [-2.828125], [-1.234375], [-2.125], [-2.0], [-1.765625], [-1.9375], [-2.78125], [-3.03125], [-2.5], [-3.609375], [-6.8125], [-2.578125], [-1.4921875], [0.123046875], [-2.375], [-0.5625], [-2.84375], [-1.265625], [-3.09375], [-1.9921875], [-2.8125], [-2.359375], [-2.65625], [-2.125], [-2.125], [-2.796875], [-2.65625], [-4.65625], [-2.90625], [-1.5625], [1.5390625]]}
