{"anthropic-red-team": [[-2.59375], [-5.8125], [-7.34375], [-2.390625], [-2.4375], [-3.28125], [-3.921875], [-2.28125], [-3.5], [-1.9609375], [-2.5], [-2.84375], [-4.15625], [-7.96875], [-2.953125], [-5.4375], [-2.5], [-3.75], [-1.6015625], [-1.7890625], [-7.875], [-4.21875], [-2.953125], [-2.4375], [-1.265625], [-2.734375], [-1.7109375], [-2.65625], [-2.359375], [-3.34375], [-3.359375], [-2.40625], [-3.203125], [-5.40625], [-3.734375], [-4.59375], [-2.140625], [-4.375], [-2.15625], [-6.15625], [-1.4609375], [-3.609375], [-1.390625], [-4.125], [-2.890625], [-5.0], [-3.5625], [-2.671875], [-1.96875], [-5.03125], [-1.6640625], [-4.09375], [-3.78125], [-1.484375], [-2.46875], [-2.4375], [-2.9375], [-4.1875], [-3.765625], [-5.15625], [-1.7578125], [-2.375], [-4.0], [-3.859375], [-3.0], [-6.21875], [-7.28125], [-3.421875], [-3.140625], [-2.8125], [-2.296875], [-2.171875], [-3.5625], [-4.6875], [-2.3125], [-1.8515625], [-2.921875], [-7.1875], [-2.328125], [-4.15625], [-4.53125], [-10.875], [-3.46875], [-6.21875], [-6.125], [-3.375], [-2.4375], [-3.1875], [-6.28125], [-1.8515625], [-5.40625], [-6.28125], [-2.53125], [-4.3125], [-2.5], [-4.125], [-1.7265625], [-2.3125], [-1.65625], [-2.34375], [-10.375], [-2.796875], [-4.09375], [-4.96875], [-4.5], [-2.28125], [-1.6796875], [-2.921875], [-3.46875], [-7.40625], [-2.546875], [-7.09375], [-3.21875], [-1.6015625], [-2.90625], [-2.53125], [-2.640625], [-4.5], [-2.140625], [-2.484375], [-2.625], [-6.84375], [-1.921875], [-7.9375], [-5.125], [-1.59375], [-6.03125], [-1.203125]], "anthropic-helpful-base": [[-2.609375], [-3.21875], [-2.421875], [-3.5], [-1.828125], [-3.078125], [-1.78125], [-2.828125], [-2.15625], [1.6875], [-2.09375], [0.4765625], [-1.0390625], [-1.078125], [-2.484375], [2.515625], [-1.9453125], [2.46875], [0.359375], [-2.140625], [-1.15625], [-1.7109375], [-2.515625], [-2.328125], [-4.5625], [-2.421875], [-3.15625], [-2.8125], [-0.5078125], [1.484375], [2.625], [-2.203125], [1.4140625], [-0.640625], [1.53125], [-4.15625], [-2.828125], [-0.859375], [-0.57421875], [-3.21875], [-1.0390625], [-2.75], [-1.25], [-2.359375], [-2.59375], [-0.91015625], [-1.578125], [-1.8515625], [-2.234375], [0.86328125], [-2.953125], [0.59765625], [0.01007080078125], [0.52734375], [-5.875], [-0.30078125], [-1.8046875], [-2.796875], [-1.8828125], [-1.6953125], [-2.140625], [-3.25], [-1.65625], [-1.5859375], [-1.5078125], [-0.6171875], [-2.140625], [-1.921875], [-2.125], [0.69140625], [-2.921875], [-1.4453125], [-2.265625], [-3.25], [-2.203125], [-0.439453125], [-2.484375], [-1.7109375], [-2.609375], [-1.7890625], [0.96484375], [2.328125], [-0.2119140625], [-1.8671875], [-1.4765625], [-1.7734375], [-0.423828125], [-3.578125], [-1.921875], [-2.796875], [-2.0625], [-1.015625], [-2.359375], [-0.06298828125], [-0.5], [-2.421875], [-3.40625], [0.1181640625], [-2.171875], [-2.984375], [-2.4375], [-2.46875], [-2.46875], [0.0208740234375], [2.640625], [-2.1875], [-2.984375], [-2.65625], [-0.97265625], [-2.25], [-2.625], [-2.3125], [0.23046875], [3.578125], [-3.234375], [-2.640625], [-3.265625], [1.3046875], [-0.51953125], [-1.1953125], [0.11328125], [-2.1875], [-5.03125], [1.078125], [-2.671875], [1.6953125], [-0.5078125], [-1.4609375]], "anthropic-harmless-base": [[-2.125], [-3.90625], [-2.484375], [-4.59375], [-4.5625], [-4.65625], [-2.34375], [-3.484375], [-6.75], [-4.90625], [-2.84375], [-0.9765625], [-2.1875], [-1.4375], [-2.75], [-10.6875], [-4.875], [-1.9453125], [-2.734375], [-5.15625], [-4.8125], [-5.84375], [-2.53125], [-3.125], [-4.375], [-5.3125], [-1.9375], [-5.25], [-3.875], [-4.53125], [-4.6875], [-5.65625], [-4.65625], [-1.640625], [-3.765625], [-2.828125], [-5.15625], [-3.359375], [-2.96875], [-2.15625], [-1.6015625], [-5.6875], [-3.328125], [-2.296875], [-4.5], [-8.0], [-4.9375], [-5.34375], [-5.71875], [-1.078125], [-2.046875], [-5.375], [-5.78125], [-5.625], [-4.0], [-5.59375], [-3.890625], [-7.71875], [-3.28125], [-4.625], [-5.6875], [-3.6875], [-2.5], [-7.15625], [-4.09375], [-9.25], [-3.0625], [-2.171875], [-3.6875], [-1.7265625], [-4.3125], [-5.65625], [-3.078125], [-1.828125], [-1.7421875], [-2.84375], [-7.15625], [-3.1875], [-5.15625], [-3.640625], [-7.75], [-2.421875], [-1.9609375], [-2.984375], [-2.875], [-5.375], [-3.015625], [-2.171875], [-2.015625], [-6.6875], [-2.640625], [-3.828125], [-6.78125], [-1.5625], [-2.625], [-2.3125], [-4.28125], [-4.0625], [-3.265625], [-0.84375], [-3.078125], [-6.15625], [-3.0625], [-2.71875], [-2.453125], [-3.078125], [-6.75], [-1.9140625], [-0.72265625], [-1.4140625], [-5.21875], [-1.859375], [-4.34375], [-2.734375], [-6.375], [-7.21875], [-2.0625], [-1.171875], [-1.6328125], [-3.3125], [-4.65625], [-3.78125], [-2.921875], [-4.40625], [-2.828125], [-5.25], [-5.4375], [-6.6875]], "openai/webgpt_comparisons": [[-2.71875], [-1.296875], [-2.96875], [-2.28125], [-2.9375], [-2.28125], [-2.84375], [-0.671875], [-2.015625], [-2.078125], [-2.90625], [-1.2421875], [-0.27734375], [-2.15625], [-2.859375], [-3.359375], [-0.4921875], [-2.71875], [-3.328125], [-2.59375], [-5.03125], [-3.40625], [-1.6640625], [-2.953125], [-3.25], [-2.53125], [-1.390625], [-3.15625], [-2.4375], [-2.40625], [-1.90625], [-2.140625], [-1.7578125], [-2.96875], [-3.3125], [-2.40625], [-2.109375], [-2.1875], [-2.234375], [-2.96875], [-1.5546875], [-2.609375], [-2.140625], [-1.953125], [-2.5625], [-4.375], [-0.8203125], [-2.65625], [-2.75], [-3.125], [-2.796875], [-2.140625], [-2.625], [-3.078125], [-4.75], [-1.9140625], [-2.171875], [-2.546875], [-2.296875], [-2.046875], [-0.4453125], [-1.9609375], [-0.8515625], [-2.390625], [-2.8125], [-1.171875], [-1.890625], [-2.71875], [-2.265625], [-2.1875], [-3.234375], [-2.78125], [-1.828125], [-2.171875], [-3.109375], [-1.625], [-2.453125], [-3.125], [-2.4375], [-1.2421875], [-4.5625], [-2.78125], [-2.453125], [-3.609375], [-2.796875], [-1.4453125], [-2.75], [-3.421875], [-1.8203125], [-2.484375], [-1.3515625], [-1.3046875], [-1.78125], [-3.421875], [-2.46875], [-3.4375], [-1.5], [-2.140625], [-1.0625], [-2.9375], [-2.546875], [-2.59375], [-2.15625], [-3.125], [-3.0], [-1.8671875], [-4.21875], [-3.375], [-2.515625], [-2.203125], [-0.6171875], [-4.71875], [-0.8046875], [-2.96875], [-2.953125], [-3.0625], [-3.171875], [-2.765625], [-2.78125], [-3.28125], [-3.375], [-3.53125], [-3.1875], [-2.734375], [-3.875], [-2.859375], [-2.515625], [0.71484375]]}
