{"anthropic-red-team": [[-2.890625], [-6.65625], [-2.140625], [-4.0625], [-3.203125], [-1.9453125], [-2.828125], [-2.265625], [-4.53125], [-6.53125], [-1.6328125], [-2.34375], [-1.53125], [-3.203125], [-5.0], [-1.5546875], [-2.140625], [-2.921875], [-2.046875], [-2.515625], [-5.0], [-2.578125], [-2.265625], [-1.6640625], [-4.875], [-1.6875], [0.42578125], [-9.75], [-3.15625], [-2.125], [-1.96875], [-5.5625], [-2.890625], [-3.109375], [-2.265625], [-6.125], [-2.390625], [-3.234375], [-3.4375], [-3.609375], [-7.8125], [-2.78125], [-1.4921875], [-3.28125], [-2.8125], [-5.53125], [-2.984375], [-1.7421875], [-1.453125], [-3.5], [-1.3359375], [-3.015625], [-3.796875], [-1.59375], [-1.953125], [-2.203125], [-2.765625], [-6.53125], [-1.375], [-2.15625], [-3.046875], [-6.3125], [-2.15625], [-2.1875], [-2.90625], [-7.3125], [-4.46875], [-2.4375], [-3.109375], [-2.609375], [-2.578125], [-3.484375], [-2.34375], [-2.625], [-2.765625], [-2.046875], [-4.09375], [-1.84375], [-2.484375], [-3.875], [-6.5], [-3.546875], [-4.875], [-6.59375], [-7.34375], [-2.0625], [-1.4375], [-2.03125], [-1.9140625], [-9.375], [-3.03125], [-8.0625], [-2.953125], [-1.4140625], [-2.890625], [-2.390625], [-2.171875], [-2.5], [-1.7109375], [-2.390625], [-1.6171875], [-2.609375], [-2.3125], [-2.546875], [-2.34375], [-2.046875], [-1.4921875], [-1.8671875], [-2.1875], [-2.703125], [-2.171875], [-8.125], [-2.609375], [-2.046875], [-3.015625], [-2.359375], [-11.0], [-3.84375], [-1.671875], [-1.09375], [-2.21875], [-3.609375], [-5.5], [-3.421875], [-2.53125], [-2.40625], [-5.625], [-0.97265625]], "anthropic-helpful-base": [[2.515625], [-1.015625], [0.8515625], [-3.578125], [-0.62109375], [-2.28125], [0.076171875], [-0.3671875], [-2.03125], [2.375], [0.455078125], [1.15625], [1.5625], [0.6015625], [-2.28125], [3.0625], [-1.578125], [3.03125], [0.447265625], [-2.15625], [0.9453125], [-0.37890625], [0.498046875], [-1.265625], [-3.03125], [-1.1484375], [-3.546875], [1.140625], [2.921875], [-2.515625], [2.328125], [2.625], [1.4375], [0.859375], [3.140625], [-3.6875], [-1.5546875], [2.796875], [-0.220703125], [-2.90625], [1.4140625], [-0.83984375], [-2.609375], [1.0703125], [1.8046875], [1.5078125], [1.0], [0.6953125], [3.734375], [1.5390625], [-2.0], [3.140625], [1.4140625], [2.71875], [-4.78125], [1.4765625], [0.71484375], [-1.3125], [1.1015625], [0.984375], [0.57421875], [-1.6484375], [0.75390625], [-2.25], [-1.75], [1.6796875], [-0.373046875], [0.27734375], [0.52734375], [0.80078125], [-0.1533203125], [-1.0546875], [-4.28125], [3.140625], [-2.453125], [1.6953125], [1.890625], [0.484375], [-1.96875], [-0.89453125], [0.7890625], [3.328125], [-0.10302734375], [-2.203125], [1.2890625], [2.015625], [2.359375], [-3.84375], [0.921875], [-1.0625], [-0.578125], [0.77734375], [2.0625], [-0.2177734375], [2.15625], [-1.2890625], [-1.40625], [1.6640625], [-0.451171875], [1.28125], [-1.3828125], [0.65625], [-2.453125], [2.359375], [3.6875], [-0.546875], [0.91796875], [3.34375], [-2.03125], [2.140625], [-0.82421875], [-2.640625], [1.0703125], [3.1875], [-3.03125], [-1.046875], [-1.8359375], [-1.7578125], [2.046875], [0.033935546875], [-0.474609375], [1.21875], [-6.21875], [1.140625], [0.6953125], [3.21875], [-2.5625], [2.859375]], "anthropic-harmless-base": [[-1.8203125], [-2.25], [-6.75], [-0.859375], [-1.3984375], [-1.703125], [-5.6875], [-2.84375], [-8.1875], [-1.1875], [-5.625], [1.6484375], [-5.3125], [-7.1875], [-2.921875], [-10.875], [-1.6953125], [-1.875], [-2.390625], [-1.25], [-2.265625], [-8.5625], [-2.015625], [-6.96875], [-1.7109375], [-9.0], [-3.1875], [-5.875], [-2.25], [-1.7890625], [-3.4375], [-4.5], [-4.28125], [-4.25], [-3.0625], [-2.734375], [-7.0625], [-1.9140625], [-2.265625], [-2.265625], [-1.5390625], [-5.15625], [-3.875], [-2.6875], [-4.125], [-1.28125], [-3.40625], [-1.1171875], [-2.046875], [-0.8359375], [-9.0625], [-1.3125], [-1.09375], [-4.09375], [-3.296875], [-6.90625], [-6.25], [-4.6875], [-2.9375], [-2.640625], [-1.796875], [-1.4140625], [-3.890625], [-4.59375], [-6.65625], [-2.015625], [-2.15625], [-1.7734375], [-2.6875], [-10.3125], [-3.875], [-4.84375], [-2.765625], [-2.484375], [-1.546875], [-2.234375], [-8.875], [-2.71875], [-5.0625], [-4.40625], [-2.828125], [-2.75], [-4.96875], [-1.8359375], [-2.875], [-9.3125], [-3.234375], [-2.078125], [-2.296875], [-4.15625], [-2.65625], [-5.5625], [-7.0625], [-2.375], [-6.46875], [-0.72265625], [-2.734375], [-3.140625], [-3.640625], [-0.8125], [-1.984375], [-5.125], [-11.1875], [-3.234375], [-0.85546875], [-5.09375], [-6.5], [-1.859375], [2.1875], [-0.478515625], [-3.9375], [-1.78125], [-4.09375], [-6.3125], [-3.03125], [-4.8125], [-4.25], [-1.6328125], [-3.875], [-2.03125], [-2.0], [-2.859375], [-1.96875], [-1.859375], [-1.7890625], [-3.453125], [-7.34375], [-2.03125]], "openai/webgpt_comparisons": [[-1.90625], [0.53125], [-2.625], [-2.703125], [-2.59375], [-0.4453125], [-2.5], [0.50390625], [-1.8125], [-3.0625], [-2.890625], [-2.765625], [1.03125], [-2.3125], [-2.578125], [-2.453125], [0.859375], [-0.7109375], [-3.25], [-0.63671875], [-3.6875], [-2.625], [-2.4375], [-2.546875], [-3.15625], [-2.453125], [-2.390625], [-0.7734375], [-2.546875], [-1.7265625], [-1.9375], [-2.40625], [-1.453125], [-0.1181640625], [-3.296875], [-2.875], [-2.65625], [-2.75], [-2.640625], [-2.140625], [-1.53125], [-2.28125], [-1.34375], [-3.328125], [-2.984375], [-4.875], [0.515625], [-2.34375], [-2.703125], [-1.21875], [-1.953125], [-1.0625], [-2.984375], [-2.828125], [-2.25], [-0.09375], [-3.0], [-3.078125], [-2.796875], [-0.5859375], [-2.53125], [-1.1015625], [-0.07470703125], [-2.171875], [-2.671875], [-1.25], [-2.25], [-2.765625], [-1.078125], [-1.8515625], [-2.78125], [-1.40625], [-2.578125], [-2.734375], [-1.0546875], [-1.6328125], [-2.59375], [-2.9375], [-1.234375], [0.263671875], [-4.15625], [-1.8046875], [-0.259765625], [-2.265625], [-2.9375], [-2.390625], [-2.203125], [-1.4765625], [-2.3125], [-1.3359375], [-0.1630859375], [-2.453125], [-1.203125], [-2.828125], [-2.53125], [-2.734375], [-2.515625], [-1.9140625], [-2.90625], [-2.390625], [-2.515625], [-2.421875], [-1.4140625], [-1.8828125], [-2.796875], [-1.828125], [-3.09375], [-5.15625], [-2.109375], [-1.875], [0.392578125], [-2.953125], [-1.6875], [-2.625], [-2.609375], [-2.71875], [-2.71875], [-2.859375], [-2.625], [-1.5703125], [-3.265625], [-3.125], [-2.78125], [-1.8046875], [-4.125], [-2.796875], [-2.25], [1.9140625]]}
