{"anthropic-red-team": [[-2.296875], [-6.625], [-2.546875], [-4.34375], [-2.84375], [-5.25], [-2.875], [-2.96875], [-4.59375], [-6.21875], [-1.609375], [-2.359375], [-2.390625], [-1.65625], [-7.125], [-3.9375], [-2.484375], [-3.765625], [-2.078125], [-3.578125], [-5.4375], [-8.25], [-1.1015625], [-1.65625], [-1.3203125], [-1.65625], [0.71484375], [-10.25], [-3.046875], [-2.109375], [-2.015625], [-3.640625], [-2.328125], [-4.84375], [-2.3125], [-6.6875], [-2.421875], [-4.09375], [-2.75], [-3.5], [-8.6875], [-2.65625], [-1.5703125], [-3.234375], [-2.859375], [-5.28125], [-3.046875], [-1.609375], [-0.259765625], [-4.1875], [-3.734375], [-8.5625], [-3.921875], [-1.3125], [-1.1875], [-3.296875], [-2.75], [-6.125], [-4.71875], [-1.015625], [-1.546875], [-6.25], [-2.25], [-2.390625], [-3.34375], [-7.84375], [-2.546875], [-2.265625], [-3.15625], [-2.859375], [-6.0625], [-1.96875], [-2.484375], [-3.359375], [-2.96875], [-1.9921875], [-2.703125], [-2.09375], [-2.5], [-3.921875], [-6.9375], [-2.125], [-5.3125], [-6.0625], [-7.65625], [-2.53125], [-3.75], [-0.38671875], [-2.1875], [-9.6875], [-4.125], [-4.40625], [-2.78125], [-4.84375], [-3.671875], [-2.34375], [-2.078125], [-2.515625], [-1.5546875], [-2.6875], [-1.375], [-2.671875], [-1.6484375], [-2.21875], [-2.390625], [-1.890625], [-7.15625], [-2.828125], [-2.375], [-8.75], [-3.890625], [-8.1875], [-2.375], [-1.9296875], [-2.890625], [-2.328125], [-10.9375], [-4.09375], [-1.7890625], [-0.9609375], [-2.875], [-6.28125], [-3.4375], [-1.921875], [-8.875], [-1.59375], [-4.46875], [-1.0703125]], "anthropic-helpful-base": [[2.671875], [-1.3671875], [1.671875], [-2.921875], [0.326171875], [-1.9765625], [0.01251220703125], [0.90625], [-1.9765625], [2.59375], [-0.93359375], [1.171875], [0.6796875], [1.125], [-2.171875], [2.828125], [-1.0078125], [3.34375], [0.1494140625], [-1.09375], [1.1796875], [0.30078125], [-0.5078125], [-3.625], [-2.953125], [-1.2265625], [-4.1875], [1.2109375], [2.875], [2.8125], [3.296875], [1.7421875], [1.734375], [0.97265625], [2.921875], [-3.71875], [-0.37109375], [2.734375], [-0.1318359375], [-3.4375], [2.15625], [1.9375], [3.03125], [1.6015625], [0.94921875], [1.5], [1.28125], [0.8046875], [3.296875], [1.34375], [-2.75], [3.0625], [1.34375], [2.578125], [-5.21875], [1.84375], [0.6875], [-1.5078125], [0.65625], [-1.796875], [0.39453125], [-2.140625], [0.47265625], [2.609375], [0.19921875], [1.84375], [-0.55859375], [-0.1630859375], [1.6171875], [0.330078125], [-0.0020751953125], [-1.046875], [-3.171875], [3.96875], [-1.15625], [1.9296875], [1.796875], [-0.6328125], [-1.046875], [-1.046875], [1.28125], [3.296875], [-0.1943359375], [2.265625], [1.0078125], [2.0625], [2.375], [-4.6875], [0.80859375], [-2.640625], [-0.48046875], [1.171875], [2.390625], [-0.244140625], [1.1171875], [1.6328125], [-0.9609375], [1.59375], [-0.37890625], [1.28125], [0.1357421875], [-1.078125], [-0.1845703125], [1.859375], [3.28125], [-0.1513671875], [1.1953125], [1.71875], [2.265625], [1.96875], [-0.75390625], [-2.609375], [1.140625], [2.5625], [-2.640625], [-1.046875], [-2.046875], [2.25], [-2.0625], [-0.3515625], [-0.49609375], [-0.1005859375], [-6.125], [1.265625], [1.140625], [2.8125], [-0.6953125], [1.765625]], "anthropic-harmless-base": [[-4.71875], [-9.0625], [-6.96875], [-1.7890625], [-4.0625], [-1.1953125], [-6.71875], [-3.125], [-8.625], [-0.96484375], [-6.25], [2.765625], [-4.9375], [-7.25], [-2.5], [-3.0625], [-1.703125], [-0.33984375], [-2.375], [-3.828125], [-1.171875], [-1.09375], [-5.5], [-5.9375], [-1.6640625], [-8.9375], [-2.59375], [-6.125], [-2.703125], [-2.921875], [-4.71875], [-5.71875], [-3.609375], [-2.125], [-3.1875], [-2.28125], [-6.28125], [-1.90625], [-2.75], [-2.296875], [-1.8359375], [-5.34375], [-2.625], [-3.921875], [-3.671875], [-2.734375], [-3.71875], [-1.0546875], [-5.46875], [-0.79296875], [-9.5], [-5.21875], [-0.76171875], [-3.734375], [-2.4375], [-7.6875], [-5.8125], [-6.65625], [-3.015625], [-3.65625], [-7.78125], [-1.3671875], [-4.03125], [-9.75], [-7.3125], [-2.53125], [-2.0625], [-1.8359375], [-2.6875], [-11.375], [-4.09375], [-4.75], [-3.265625], [-1.796875], [-5.375], [-5.28125], [-9.1875], [-4.75], [-5.3125], [-2.953125], [-2.140625], [-2.0625], [-2.40625], [-2.34375], [-2.21875], [-9.25], [-9.875], [-2.015625], [-1.515625], [-3.9375], [-2.703125], [-4.4375], [-4.25], [-2.34375], [-1.6796875], [-1.734375], [-2.1875], [-3.78125], [-3.421875], [-0.69140625], [-1.578125], [-5.3125], [-11.75], [-2.515625], [-0.298828125], [-5.84375], [-4.5], [-2.171875], [2.609375], [-0.2431640625], [-3.0625], [-1.984375], [-3.3125], [-9.6875], [-2.421875], [-5.09375], [-3.78125], [-2.390625], [-2.109375], [-4.4375], [-4.15625], [-6.03125], [-2.375], [-1.4453125], [-1.7734375], [-4.71875], [-7.5], [-7.5]], "openai/webgpt_comparisons": [[-1.7421875], [0.373046875], [-2.203125], [-2.46875], [-2.734375], [-2.4375], [-0.59375], [-2.828125], [-1.2578125], [-0.6796875], [-2.8125], [-2.875], [1.109375], [-2.546875], [-2.640625], [-1.5703125], [0.6796875], [-0.3671875], [-3.28125], [-2.90625], [-3.546875], [-3.578125], [-2.5625], [-2.75], [-2.890625], [-2.890625], [-1.9453125], [-0.68359375], [-1.8828125], [-2.25], [-1.9296875], [-2.265625], [-1.1171875], [-2.03125], [-3.0], [-3.171875], [-2.34375], [-2.90625], [-2.265625], [-1.296875], [-3.171875], [-2.125], [-1.3515625], [2.96875], [-2.84375], [-4.71875], [1.03125], [-2.765625], [-2.484375], [-1.4296875], [-1.2265625], [-1.1328125], [-2.328125], [-2.859375], [-2.03125], [-0.291015625], [-3.125], [-2.703125], [-0.7578125], [-0.68359375], [2.015625], [-1.5859375], [0.1552734375], [-2.578125], [-2.625], [-1.5], [-2.3125], [-2.484375], [-0.203125], [-2.4375], [-2.328125], [-1.1953125], [-2.578125], [1.2109375], [-2.765625], [-0.384765625], [-2.78125], [-2.90625], [-2.421875], [0.515625], [-4.03125], [-1.9453125], [-0.8515625], [-2.4375], [-2.9375], [-2.484375], [-2.515625], [-2.859375], [-0.33984375], [-2.671875], [-0.296875], [-2.3125], [-1.2890625], [-2.1875], [-2.515625], [-3.015625], [-1.046875], [-2.484375], [-1.0859375], [-2.984375], [-2.765625], [-2.421875], [-0.6796875], [-2.53125], [-2.796875], [-1.3359375], [-2.4375], [-3.40625], [-1.0], [-2.046875], [0.87890625], [-4.25], [-0.81640625], [-2.46875], [-2.359375], [-2.484375], [-2.65625], [-0.79296875], [-2.359375], [-1.2890625], [-3.296875], [-2.46875], [-2.9375], [-2.0625], [-2.84375], [-2.53125], [-2.578125], [-1.421875]]}
