{"anthropic-red-team": [[-2.296875], [-6.46875], [-3.015625], [-4.46875], [-2.6875], [-1.6484375], [-2.296875], [-2.140625], [-4.59375], [-6.40625], [-1.609375], [-2.359375], [-3.890625], [-2.984375], [-5.40625], [-3.109375], [-2.171875], [-3.34375], [-2.078125], [-3.0], [-3.828125], [-9.1875], [-2.453125], [-1.4375], [-1.53125], [-1.6953125], [0.404296875], [-9.9375], [-2.921875], [-1.953125], [-2.015625], [-2.296875], [-2.546875], [-4.21875], [-2.25], [-5.125], [-1.65625], [-2.734375], [-2.3125], [-3.265625], [-8.5625], [-2.46875], [1.3828125], [-3.84375], [-2.84375], [-5.03125], [-2.125], [-1.484375], [-0.31640625], [-3.46875], [-1.65625], [-3.078125], [-4.125], [-1.609375], [-2.375], [-4.09375], [-2.640625], [-5.03125], [-1.3984375], [-2.15625], [-1.5234375], [-1.8984375], [-2.1875], [-2.9375], [-2.609375], [-5.5625], [-3.46875], [-2.265625], [-2.859375], [-2.234375], [-2.28125], [-1.78125], [-2.4375], [-2.296875], [-3.90625], [-2.1875], [-2.515625], [-1.859375], [-2.5], [-4.46875], [-6.9375], [-3.25], [-4.53125], [-6.8125], [-7.65625], [-1.9765625], [-1.578125], [-2.828125], [-3.46875], [-8.375], [-4.875], [-4.84375], [-2.984375], [-1.3828125], [-3.28125], [-2.65625], [-2.171875], [-2.21875], [-1.7890625], [-2.125], [-2.3125], [-2.65625], [-1.4921875], [-2.8125], [-1.828125], [-2.109375], [-2.28125], [-1.765625], [-2.40625], [-8.4375], [-2.3125], [-6.21875], [-3.109375], [-1.9921875], [-3.03125], [-2.15625], [-11.4375], [-4.125], [-1.5390625], [-1.9765625], [-2.859375], [-7.65625], [-3.421875], [-2.015625], [-2.140625], [-1.5546875], [-5.28125], [-1.703125]], "anthropic-helpful-base": [[3.265625], [-1.4921875], [0.95703125], [-3.484375], [-2.109375], [-2.296875], [0.162109375], [-0.3046875], [-1.8671875], [2.265625], [0.59375], [1.265625], [1.9609375], [-0.271484375], [-2.40625], [2.609375], [-1.0859375], [3.25], [0.43359375], [-1.09375], [1.0078125], [-0.443359375], [0.1494140625], [-1.3515625], [-3.0], [-0.9921875], [-3.671875], [0.62109375], [-1.390625], [2.265625], [2.671875], [2.515625], [1.890625], [1.2890625], [2.625], [-3.375], [-0.58203125], [2.53125], [0.099609375], [-2.875], [2.453125], [1.875], [3.203125], [1.0859375], [2.015625], [1.421875], [0.88671875], [1.046875], [3.53125], [1.1796875], [-3.0], [-2.734375], [1.140625], [3.0], [-4.875], [1.6953125], [1.046875], [-1.484375], [0.042236328125], [-1.265625], [0.62890625], [-2.890625], [0.91796875], [-1.8984375], [0.06298828125], [1.5234375], [-0.294921875], [-0.07958984375], [0.490234375], [1.15625], [0.039306640625], [-1.046875], [-0.337890625], [3.640625], [-2.5], [1.796875], [1.4765625], [-2.796875], [-0.77734375], [-0.65234375], [0.55859375], [3.015625], [0.50390625], [-1.28125], [1.1015625], [0.87890625], [2.453125], [-3.640625], [-0.00063323974609375], [-2.640625], [0.2177734375], [0.5703125], [2.875], [-0.16015625], [0.66015625], [1.6796875], [-1.578125], [1.40625], [-0.61328125], [1.546875], [-0.423828125], [0.1640625], [-0.4140625], [2.65625], [3.03125], [-0.33203125], [1.4921875], [3.609375], [-1.8515625], [1.8359375], [-0.72265625], [-2.046875], [1.046875], [2.65625], [-2.203125], [-1.09375], [-1.9140625], [-2.09375], [2.109375], [-0.01226806640625], [1.6484375], [-0.023193359375], [-6.625], [1.1328125], [-0.416015625], [3.09375], [-0.70703125], [2.421875]], "anthropic-harmless-base": [[-2.03125], [-2.5], [-6.8125], [-0.984375], [-2.171875], [-8.875], [-6.46875], [-2.96875], [-2.9375], [-1.1953125], [-4.96875], [0.1708984375], [-5.0625], [-8.3125], [-2.640625], [-10.8125], [-1.90625], [-1.8359375], [-1.625], [-1.7109375], [-6.59375], [-2.015625], [-1.9375], [-6.65625], [-1.65625], [-8.625], [-3.140625], [-5.46875], [-2.203125], [-3.046875], [-4.0625], [-4.78125], [-3.53125], [-5.1875], [-2.40625], [-2.953125], [-7.625], [-2.296875], [-2.421875], [-1.9375], [-1.4296875], [-5.34375], [-4.71875], [-3.25], [-4.53125], [-1.34375], [-3.15625], [-1.15625], [-4.53125], [-0.765625], [-2.40625], [-5.96875], [-1.09375], [-4.46875], [-1.5625], [-6.15625], [-1.96875], [-4.59375], [-2.90625], [-2.53125], [-7.03125], [-1.6328125], [-3.859375], [-1.5], [-9.25], [-1.5703125], [-2.28125], [-2.109375], [-2.671875], [-10.75], [-2.46875], [-5.0], [-2.671875], [-2.015625], [-6.09375], [-4.71875], [-9.625], [-2.875], [-1.59375], [-2.859375], [-3.96875], [-1.953125], [-3.125], [-2.078125], [-2.28125], [-8.0625], [-7.65625], [-4.46875], [-4.75], [-3.953125], [-1.7421875], [-5.0625], [-7.28125], [-1.7734375], [-1.8515625], [-1.5234375], [-2.90625], [-2.71875], [-4.375], [-0.5625], [-1.8828125], [-5.71875], [-10.625], [-2.78125], [0.4609375], [-4.875], [-2.453125], [-3.09375], [3.09375], [-0.53515625], [-4.34375], [-1.28125], [-2.390625], [-2.203125], [-4.125], [-4.03125], [-4.75], [-2.03125], [-3.84375], [-1.8828125], [-2.0], [-2.921875], [-3.359375], [-2.046875], [-2.015625], [-4.40625], [-7.59375], [-2.640625]], "openai/webgpt_comparisons": [[-1.9609375], [-0.1123046875], [-2.953125], [-2.671875], [-1.3203125], [-2.25], [-0.67578125], [0.18359375], [-2.046875], [-3.015625], [-2.9375], [-2.828125], [1.03125], [-2.515625], [-2.59375], [-2.359375], [0.87890625], [-0.09375], [-2.890625], [-2.765625], [-5.09375], [-2.546875], [-2.421875], [-2.46875], [-3.125], [-2.25], [-2.109375], [-0.7890625], [-2.5625], [-2.125], [-1.59375], [-2.171875], [-2.921875], [-0.0673828125], [-3.28125], [-2.8125], [-2.640625], [-3.0625], [-0.46484375], [-1.53125], [-2.625], [-2.53125], [-1.875], [2.46875], [-2.4375], [-4.75], [1.2890625], [-2.578125], [-2.375], [-1.1875], [-2.640625], [-1.1171875], [-2.71875], [-2.03125], [-2.046875], [0.177734375], [-3.171875], [-1.6953125], [-2.796875], [-0.11962890625], [-2.5625], [-1.5625], [0.130859375], [-2.140625], [-2.828125], [-1.1640625], [-2.015625], [-2.65625], [-0.2314453125], [-2.453125], [-2.390625], [-1.0234375], [-2.53125], [-3.015625], [-2.90625], [-1.0078125], [-2.640625], [-2.953125], [-2.109375], [-2.453125], [-4.125], [-1.484375], [-2.578125], [-3.078125], [-2.9375], [-2.40625], [-2.09375], [-3.140625], [-0.130859375], [-2.546875], [-0.57421875], [-1.96875], [-0.625], [-2.640625], [-2.421875], [-3.28125], [-2.5625], [-2.609375], [-0.73046875], [-2.4375], [-2.375], [-2.0], [-1.1328125], [-2.984375], [-2.765625], [-2.4375], [-2.96875], [-4.75], [-1.703125], [-1.9140625], [0.39453125], [-2.3125], [-1.8359375], [-2.578125], [-0.76171875], [-3.203125], [-2.703125], [-2.859375], [-2.625], [-1.609375], [-3.5], [-2.328125], [-3.0625], [-2.265625], [-4.09375], [-2.796875], [-2.484375], [-2.078125]]}
