{"anthropic-red-team": [[-2.3125], [-6.125], [-2.15625], [-4.4375], [-3.015625], [-2.140625], [-2.9375], [-2.1875], [-4.625], [-6.46875], [-4.875], [-3.4375], [-2.4375], [-1.8046875], [-5.28125], [-3.890625], [-2.171875], [-4.03125], [-2.0], [-2.171875], [-3.5], [-9.3125], [-2.578125], [-1.46875], [-1.1015625], [-3.53125], [0.43359375], [-9.9375], [-3.046875], [-2.296875], [-2.625], [-2.5625], [-2.96875], [-5.1875], [-2.515625], [-6.09375], [-2.28125], [-2.390625], [-2.3125], [-3.515625], [-8.0625], [-6.5625], [1.4609375], [-3.890625], [-2.8125], [-5.125], [-2.28125], [-1.5703125], [0.09716796875], [-3.578125], [-1.3828125], [-4.375], [-4.40625], [-1.34375], [-1.703125], [-4.59375], [-2.671875], [-5.34375], [-5.9375], [-3.15625], [-1.421875], [-1.734375], [-2.59375], [-1.6875], [-2.921875], [-7.40625], [-3.78125], [-5.0], [-1.1953125], [-2.234375], [-2.703125], [-1.8046875], [-3.046875], [-8.3125], [-2.515625], [-2.03125], [-2.15625], [-2.28125], [-2.515625], [-2.328125], [-6.78125], [-3.109375], [-4.34375], [-5.6875], [-7.4375], [-2.4375], [-1.78125], [-2.171875], [-2.984375], [-8.1875], [-4.03125], [-2.03125], [-1.671875], [-2.4375], [-2.453125], [-2.796875], [-1.4609375], [-2.328125], [-2.671875], [-6.15625], [-2.234375], [-2.8125], [-1.734375], [-2.328125], [-1.578125], [-1.90625], [-2.1875], [-1.78125], [-2.796875], [-8.5625], [-2.65625], [-8.0625], [-2.578125], [-2.0], [-3.0], [-2.28125], [-10.875], [-3.890625], [-1.6015625], [-0.77734375], [-2.421875], [-7.09375], [-3.578125], [-1.6640625], [-3.546875], [-2.0625], [-5.15625], [-1.75]], "anthropic-helpful-base": [[3.328125], [-2.515625], [1.5234375], [-3.0625], [0.498046875], [-0.322265625], [0.1015625], [0.275390625], [-2.609375], [2.234375], [0.28515625], [1.1953125], [1.328125], [0.96484375], [-1.7890625], [2.5625], [-1.4765625], [3.265625], [0.197265625], [-1.1640625], [0.8984375], [0.1376953125], [0.5546875], [-2.03125], [-3.171875], [-0.0673828125], [-2.421875], [1.515625], [2.328125], [3.0], [3.5625], [2.25], [1.6484375], [0.63671875], [3.078125], [-3.640625], [1.2109375], [3.03125], [-0.73046875], [-2.328125], [1.8515625], [1.984375], [2.234375], [1.21875], [1.9921875], [1.6484375], [0.86328125], [0.53515625], [3.59375], [1.8046875], [-2.78125], [2.9375], [1.5], [2.875], [-5.03125], [1.6640625], [0.578125], [-1.3046875], [0.7578125], [-2.140625], [0.98046875], [-1.7109375], [1.3515625], [2.859375], [0.9296875], [2.171875], [-0.0458984375], [0.578125], [1.4375], [0.51171875], [1.0078125], [-1.1796875], [-2.671875], [2.90625], [-1.671875], [2.046875], [1.8984375], [0.478515625], [-0.86328125], [-0.84375], [0.296875], [2.515625], [0.73828125], [3.3125], [1.3125], [2.59375], [2.515625], [-2.328125], [1.015625], [-2.703125], [-0.62109375], [0.8515625], [2.140625], [-0.357421875], [1.703125], [1.7109375], [-1.875], [1.515625], [2.5625], [1.59375], [-1.0390625], [0.734375], [-1.3203125], [1.84375], [3.796875], [-0.2392578125], [1.4375], [3.875], [1.5], [2.46875], [-0.91015625], [-2.890625], [0.8125], [3.515625], [-2.859375], [-0.6171875], [-1.765625], [2.328125], [2.453125], [0.031494140625], [1.4921875], [2.234375], [-6.34375], [1.140625], [1.515625], [2.859375], [0.84765625], [2.578125]], "anthropic-harmless-base": [[-2.5], [-2.578125], [-6.625], [-0.9296875], [-4.4375], [-9.0], [-6.84375], [-3.109375], [-8.9375], [-1.46875], [-2.703125], [1.0], [-3.84375], [-1.21875], [-2.390625], [-2.75], [-2.015625], [-0.96484375], [-2.75], [-3.859375], [-2.75], [-2.625], [-1.71875], [-2.8125], [-1.609375], [-7.375], [-2.609375], [-5.8125], [-2.328125], [-3.296875], [-4.125], [-5.125], [-3.78125], [-2.546875], [-2.453125], [-1.84375], [-8.375], [-6.5625], [-2.34375], [-2.28125], [-5.78125], [-5.125], [-2.59375], [-5.53125], [-3.390625], [-2.59375], [-2.921875], [-0.72265625], [-1.84375], [-1.21875], [-1.640625], [-1.7890625], [-2.09375], [-3.96875], [-2.46875], [-7.375], [-6.0625], [-5.59375], [-2.96875], [-2.28125], [-1.5234375], [-1.359375], [-5.90625], [-2.453125], [-8.5625], [-1.7109375], [-2.296875], [-2.09375], [-3.0625], [-9.625], [-2.3125], [-4.9375], [-2.6875], [-1.7890625], [-7.875], [-2.375], [-8.875], [-3.203125], [-2.296875], [-3.625], [-3.671875], [-1.828125], [-2.421875], [-2.453125], [-2.34375], [-8.5625], [-9.8125], [-2.40625], [-1.8984375], [-2.84375], [-1.8671875], [-3.9375], [-7.21875], [-2.1875], [-2.625], [-1.1484375], [-2.109375], [-6.75], [-4.1875], [-0.5703125], [-1.8359375], [-4.9375], [-10.5625], [-2.734375], [-2.5625], [-2.1875], [-3.796875], [-2.671875], [2.421875], [-0.119140625], [-3.71875], [-1.8671875], [-4.15625], [-8.25], [-4.3125], [-7.3125], [-4.75], [-1.171875], [-3.8125], [-1.421875], [-2.421875], [-1.9375], [-1.15625], [-2.296875], [-2.234375], [-4.84375], [-7.78125], [-8.3125]], "openai/webgpt_comparisons": [[-2.640625], [-2.484375], [-1.8515625], [-0.953125], [-1.1796875], [0.0908203125], [-2.65625], [0.515625], [-1.6953125], [-0.494140625], [-3.046875], [-0.2412109375], [0.53515625], [-2.5625], [-2.109375], [-2.40625], [-0.7265625], [-0.224609375], [-2.640625], [-0.640625], [-3.9375], [-3.65625], [-2.84375], [-1.7421875], [-3.046875], [-3.34375], [-2.21875], [-0.828125], [-2.25], [-1.3359375], [-1.7265625], [-2.21875], [-1.1640625], [-0.158203125], [-3.203125], [-2.640625], [-2.671875], [-2.9375], [0.06103515625], [-2.9375], [-1.828125], [-2.484375], [-2.09375], [2.390625], [-2.484375], [-5.0], [-2.53125], [-2.46875], [-1.9609375], [-1.5078125], [-2.203125], [-0.71875], [-2.1875], [-2.625], [-2.171875], [-0.390625], [-3.125], [-2.96875], [-1.0078125], [-0.6796875], [-2.53125], [-1.8125], [0.130859375], [-2.484375], [-2.53125], [-1.2421875], [-1.4921875], [-2.390625], [-0.609375], [-2.125], [-2.125], [-1.375], [-1.3046875], [1.5234375], [-2.78125], [-0.703125], [-1.34375], [-1.7578125], [-0.3671875], [-0.376953125], [-4.15625], [-1.7109375], [-0.11865234375], [-2.21875], [-1.0546875], [-2.828125], [-2.53125], [-2.4375], [-0.6953125], [-2.59375], [-0.06982421875], [-1.0625], [-1.2265625], [-3.171875], [-2.25], [-3.296875], [-2.40625], [-2.328125], [-3.078125], [-2.359375], [-2.703125], [-1.4296875], [-1.2265625], [-1.921875], [-2.78125], [-2.453125], [-2.796875], [-4.5625], [-1.609375], [-1.828125], [0.578125], [-3.21875], [-1.3046875], [-2.515625], [-0.9609375], [-2.796875], [-1.953125], [-0.625], [-2.609375], [-1.4609375], [-3.625], [-3.40625], [-2.828125], [-2.6875], [-3.21875], [-2.953125], [-2.53125], [-1.984375]]}
