{"anthropic-red-team": [[-2.46875], [-6.53125], [-2.375], [-4.40625], [-1.90625], [-1.8125], [-3.28125], [-2.03125], [-4.34375], [-6.90625], [-1.59375], [-3.3125], [-2.234375], [-1.8984375], [-2.234375], [-1.9609375], [-2.171875], [-3.90625], [-2.0], [-2.890625], [-3.59375], [-4.09375], [-1.953125], [-5.8125], [-1.4921875], [-3.796875], [0.515625], [-2.109375], [-2.34375], [-1.8671875], [-2.25], [-2.640625], [-2.859375], [-3.203125], [-3.3125], [-3.921875], [-2.40625], [-2.75], [-1.5390625], [-2.984375], [-8.5], [-7.96875], [-1.5703125], [-3.359375], [-2.921875], [-5.09375], [-1.9453125], [-1.8125], [-0.60546875], [-4.71875], [-3.90625], [-3.828125], [-4.03125], [-1.34375], [-2.421875], [-2.1875], [-2.546875], [-6.4375], [-1.359375], [-1.6796875], [-1.7421875], [-2.0], [-3.71875], [-1.859375], [-3.875], [-6.53125], [-3.6875], [-2.234375], [-1.40625], [-2.078125], [-3.03125], [-1.9140625], [-2.953125], [-3.453125], [-2.515625], [-2.09375], [-2.515625], [-2.140625], [-2.53125], [-4.34375], [-7.3125], [-4.375], [-4.75], [-7.71875], [-5.75], [-2.78125], [-1.4296875], [0.984375], [-2.046875], [-9.25], [-3.21875], [-2.765625], [-1.8203125], [-6.875], [-1.9375], [-2.125], [-2.1875], [-2.453125], [-2.671875], [-2.625], [-2.203125], [-2.65625], [-3.953125], [-1.40625], [-2.671875], [-2.09375], [-2.109375], [-1.71875], [-2.96875], [-9.5625], [-2.46875], [-8.0625], [-2.609375], [-1.625], [-2.8125], [-2.203125], [-3.0625], [-4.0], [-2.03125], [-0.69921875], [-2.875], [-5.125], [-3.4375], [-1.7265625], [-2.890625], [-2.046875], [-6.65625], [-1.171875]], "anthropic-helpful-base": [[2.890625], [-1.765625], [1.5390625], [-3.34375], [0.01904296875], [-0.03369140625], [-0.0869140625], [0.1171875], [-1.75], [2.5], [0.416015625], [-0.00494384765625], [1.15625], [0.8203125], [-1.359375], [2.640625], [-1.078125], [3.0], [-2.28125], [-0.75390625], [1.8359375], [0.9765625], [0.375], [-3.65625], [-1.765625], [0.98828125], [-2.609375], [1.5390625], [2.8125], [3.203125], [3.5], [2.640625], [1.4453125], [0.5078125], [3.3125], [-3.640625], [-1.0234375], [2.375], [-0.2060546875], [-2.875], [2.265625], [1.625], [2.0], [1.3828125], [1.2734375], [1.8671875], [0.90625], [0.578125], [3.453125], [1.6015625], [-2.421875], [2.8125], [1.171875], [2.859375], [-4.03125], [1.4296875], [0.80078125], [-1.4765625], [1.5625], [-1.9140625], [0.96484375], [-2.625], [0.76171875], [2.484375], [0.5390625], [1.359375], [-0.357421875], [0.291015625], [0.77734375], [-2.4375], [-0.349609375], [-1.1796875], [-0.84375], [3.546875], [-1.9921875], [2.90625], [2.40625], [-1.4375], [-0.984375], [-1.1171875], [0.93359375], [2.78125], [0.5078125], [3.0], [-0.0859375], [2.515625], [2.65625], [-2.21875], [0.181640625], [-2.640625], [-2.59375], [0.67578125], [2.4375], [-0.1484375], [-0.9453125], [1.6953125], [-1.7265625], [2.140625], [-0.451171875], [1.515625], [-1.09375], [0.67578125], [-2.21875], [2.0], [3.234375], [-0.2109375], [1.4921875], [4.1875], [2.703125], [1.9765625], [-0.4296875], [-2.875], [0.79296875], [4.0625], [-2.34375], [-2.578125], [-1.8671875], [0.00555419921875], [2.46875], [-0.1875], [-0.5703125], [2.03125], [-5.5], [1.390625], [1.4375], [2.875], [-2.109375], [2.796875]], "anthropic-harmless-base": [[-3.25], [-6.28125], [-6.875], [-1.5703125], [-1.4140625], [-1.7890625], [-1.578125], [-2.984375], [-2.859375], [-1.234375], [-2.40625], [0.66015625], [-5.46875], [-7.84375], [-1.9296875], [-3.1875], [-1.5703125], [-0.1875], [-2.1875], [-4.1875], [-2.4375], [-1.9140625], [-0.4765625], [-2.125], [-1.015625], [-7.90625], [-2.890625], [-6.03125], [-1.9921875], [-3.546875], [-2.4375], [-5.71875], [-2.8125], [-2.4375], [-2.875], [-1.7109375], [-5.625], [-3.21875], [-1.7578125], [-2.28125], [-4.46875], [-4.125], [-2.578125], [-3.765625], [-3.1875], [-2.40625], [-2.34375], [-1.203125], [-1.7890625], [-3.46875], [-1.6171875], [-3.671875], [-1.765625], [-2.59375], [-1.1171875], [-1.90625], [-1.484375], [-5.375], [-2.8125], [-3.09375], [-0.83203125], [-2.609375], [-5.5], [-9.125], [-8.125], [-2.8125], [-4.125], [-1.96875], [-4.125], [-8.625], [-2.75], [-2.25], [0.040771484375], [-2.765625], [-7.6875], [-2.234375], [-1.3515625], [-2.6875], [-1.5546875], [-3.734375], [-1.09375], [-3.140625], [-5.625], [-2.265625], [-2.390625], [-7.875], [-2.890625], [-2.625], [-2.734375], [-3.78125], [-1.6796875], [-4.4375], [-3.9375], [-1.046875], [-6.46875], [-1.9921875], [-3.53125], [-2.640625], [-1.859375], [-1.1796875], [-1.9296875], [-6.5625], [-12.75], [-2.1875], [-2.609375], [-3.6875], [-2.0625], [-2.734375], [2.21875], [-0.53515625], [-1.9296875], [-1.640625], [-3.078125], [-1.7734375], [-3.53125], [-1.7109375], [-4.28125], [-1.2890625], [-3.578125], [-1.4375], [-3.78125], [-2.953125], [-3.0625], [-6.5], [-2.109375], [-5.75], [-7.59375], [-6.3125]], "openai/webgpt_comparisons": [[-1.546875], [-0.310546875], [-0.59765625], [-2.578125], [-2.90625], [-2.3125], [-0.197265625], [0.9296875], [-1.7109375], [-1.1875], [-1.6328125], [-1.9921875], [1.421875], [-2.5625], [-2.828125], [-2.171875], [1.0], [-0.470703125], [-1.6484375], [-0.322265625], [-5.65625], [-3.671875], [-2.703125], [-0.2138671875], [-3.15625], [-3.703125], [0.14453125], [-2.875], [-2.515625], [-1.234375], [-1.7890625], [-2.28125], [-1.1015625], [-0.302734375], [-2.15625], [-2.453125], [-2.0625], [-2.875], [-2.96875], [-2.296875], [-3.15625], [-2.265625], [-1.890625], [-3.5625], [-2.828125], [-5.21875], [-1.1328125], [-2.609375], [-2.5], [-1.390625], [-0.99609375], [-0.83203125], [-2.984375], [-3.1875], [-2.109375], [0.00811767578125], [-3.125], [-2.109375], [-2.125], [-0.90625], [-2.21875], [-2.25], [0.416015625], [-2.234375], [-2.515625], [-1.3984375], [-1.8828125], [-1.0546875], [-1.7265625], [-2.3125], [-1.484375], [-1.1640625], [-2.671875], [-2.71875], [-2.515625], [-0.765625], [-2.65625], [-3.359375], [-2.484375], [-2.453125], [-4.0625], [-2.5625], [-2.4375], [-3.515625], [-2.875], [-0.361328125], [-2.53125], [-2.59375], [-2.109375], [-2.34375], [-0.22265625], [-2.015625], [-0.474609375], [-2.5], [-1.375], [-3.265625], [-2.515625], [-2.359375], [-3.140625], [-2.421875], [-2.203125], [-2.328125], [-0.734375], [-3.015625], [-2.84375], [-2.546875], [-3.046875], [-5.03125], [-2.046875], [-2.015625], [-2.984375], [-4.4375], [-1.59375], [-2.734375], [-2.421875], [-2.25], [-2.953125], [-0.71484375], [-2.5], [-1.578125], [-3.265625], [-2.046875], [-2.875], [-1.65625], [-2.8125], [-2.953125], [-2.71875], [1.875]]}
