{"anthropic-red-team": [[-2.453125], [-6.09375], [-1.8359375], [-4.53125], [-1.9921875], [-1.828125], [-2.109375], [-2.890625], [-4.96875], [-7.46875], [-2.0], [-2.359375], [-1.859375], [-3.21875], [-7.75], [-2.703125], [-2.15625], [-3.796875], [-1.9921875], [-2.734375], [-3.890625], [-9.5], [-7.125], [-1.6796875], [-1.4375], [-3.4375], [0.95703125], [-9.0], [-2.984375], [-2.125], [-2.09375], [-4.15625], [-2.96875], [-4.3125], [-3.40625], [-4.84375], [-2.390625], [-2.625], [-2.328125], [-5.09375], [-7.6875], [-3.0625], [-1.2265625], [-3.3125], [-2.859375], [-4.8125], [-3.859375], [-1.484375], [-0.26171875], [-3.203125], [-1.4609375], [-4.375], [-4.0], [-1.3515625], [-1.109375], [-2.609375], [-2.96875], [-5.375], [-5.625], [-1.65625], [-2.96875], [-6.75], [-2.578125], [-1.6484375], [-3.5], [-7.8125], [-3.28125], [-2.96875], [-2.96875], [-1.875], [-5.40625], [-3.203125], [-3.046875], [-3.8125], [-3.828125], [-1.9921875], [-1.796875], [-2.265625], [-2.296875], [-2.25], [-7.125], [-4.5625], [-5.0625], [-5.40625], [-9.5], [-1.40625], [-0.95703125], [-2.421875], [-3.328125], [-9.0625], [-3.203125], [-2.28125], [-1.953125], [-2.546875], [-2.0], [-1.8359375], [-1.2109375], [-2.203125], [-1.6328125], [-8.1875], [-1.640625], [-2.65625], [-3.859375], [-2.109375], [-5.90625], [-1.953125], [-1.6640625], [-2.015625], [-2.296875], [-9.125], [-2.578125], [-8.0], [-2.703125], [-1.78125], [-2.6875], [-2.09375], [-10.125], [-3.953125], [-2.046875], [-0.4609375], [-2.40625], [-7.25], [-3.4375], [-5.25], [-3.703125], [-1.4921875], [-5.5625], [-1.9609375]], "anthropic-helpful-base": [[2.765625], [-2.453125], [1.453125], [-3.015625], [0.1611328125], [0.796875], [-0.296875], [0.25], [-1.984375], [2.265625], [0.189453125], [0.8828125], [0.208984375], [1.2265625], [-2.546875], [3.234375], [-1.0078125], [3.328125], [-0.4765625], [0.2431640625], [1.6484375], [0.5703125], [0.267578125], [-2.046875], [-2.3125], [0.050048828125], [-3.75], [1.0390625], [3.171875], [2.40625], [3.421875], [-1.5625], [2.015625], [0.671875], [2.8125], [-1.7734375], [-0.37109375], [2.796875], [-0.134765625], [-3.453125], [2.0], [0.51953125], [3.25], [0.33984375], [2.40625], [1.65625], [1.2265625], [0.51953125], [3.4375], [1.0625], [-2.671875], [2.859375], [1.765625], [2.640625], [-4.90625], [2.15625], [0.310546875], [-1.640625], [1.7734375], [-0.88671875], [1.0703125], [-2.5625], [-0.416015625], [1.765625], [0.0216064453125], [1.5546875], [-0.53515625], [-0.37109375], [0.71875], [0.97265625], [-0.52734375], [-1.0546875], [-1.375], [3.59375], [-2.453125], [1.546875], [-1.3203125], [-2.0625], [-1.1015625], [-0.859375], [1.3359375], [3.90625], [0.765625], [1.1875], [0.478515625], [2.4375], [2.21875], [-4.28125], [0.80078125], [-2.625], [-0.4921875], [0.94140625], [2.53125], [0.1298828125], [0.87109375], [1.5859375], [-0.76171875], [1.453125], [-0.66796875], [1.65625], [-0.31640625], [0.279296875], [-2.484375], [1.875], [3.625], [0.0654296875], [1.3203125], [1.4140625], [1.171875], [2.125], [-0.6640625], [-1.4609375], [0.98046875], [3.484375], [-2.375], [-1.3828125], [-1.7421875], [-1.3515625], [-1.984375], [-0.0693359375], [1.0390625], [2.140625], [-5.4375], [-2.25], [1.3984375], [2.96875], [0.87109375], [3.0625]], "anthropic-harmless-base": [[-3.53125], [-1.8984375], [-2.140625], [-1.5625], [-2.109375], [-8.625], [-6.375], [-2.578125], [-9.625], [-1.296875], [-4.71875], [1.3125], [-5.65625], [-5.96875], [-2.234375], [-2.734375], [-1.9765625], [-0.86328125], [-2.546875], [-2.328125], [-0.62109375], [-3.703125], [-1.8125], [-2.40625], [-1.6875], [-8.25], [-2.609375], [-6.15625], [-2.953125], [-3.5625], [-4.03125], [-4.78125], [-3.78125], [-2.484375], [-2.84375], [-1.9375], [-6.8125], [-2.9375], [-1.5625], [-2.3125], [-1.4921875], [-6.0], [-0.67578125], [-3.765625], [-3.6875], [-5.96875], [-2.515625], [-0.73828125], [-5.0625], [-0.7578125], [-3.21875], [-3.71875], [-1.375], [-4.0625], [-2.140625], [-6.84375], [-1.453125], [-5.125], [-3.21875], [-6.625], [-7.65625], [-1.2109375], [-4.1875], [-8.5625], [-4.96875], [-10.25], [-4.15625], [-1.734375], [-2.859375], [-9.125], [-3.4375], [-5.28125], [-2.6875], [-2.6875], [-1.0546875], [-4.84375], [-1.4609375], [-2.625], [-5.3125], [-2.328125], [-2.71875], [-1.765625], [-5.1875], [-3.71875], [-2.296875], [-7.84375], [-3.5], [-2.703125], [-3.125], [-2.984375], [-2.6875], [-4.09375], [-4.53125], [-1.34375], [-7.03125], [-1.453125], [-2.71875], [-6.65625], [-4.09375], [-0.83203125], [-2.78125], [-5.625], [-10.0], [-2.578125], [0.126953125], [-6.40625], [-5.3125], [-2.546875], [-0.9609375], [-0.2021484375], [-1.421875], [-1.578125], [-2.734375], [-8.875], [-2.484375], [-1.625], [-4.1875], [-2.328125], [-2.578125], [-4.53125], [-1.8125], [-3.0], [-1.5], [-5.78125], [-1.984375], [-2.984375], [-7.59375], [-6.78125]], "openai/webgpt_comparisons": [[-1.5078125], [-0.2333984375], [-2.65625], [-2.390625], [-1.5859375], [-2.421875], [-2.328125], [0.6875], [-2.125], [-0.82421875], [-2.875], [-0.1357421875], [1.1640625], [-2.671875], [-2.6875], [-2.390625], [0.490234375], [-0.267578125], [-3.359375], [-2.8125], [-4.09375], [-2.640625], [0.0703125], [-2.828125], [-0.3046875], [-3.078125], [-2.421875], [-0.9453125], [-2.546875], [-2.265625], [-1.46875], [-2.84375], [-1.46875], [-0.279296875], [-3.140625], [-2.875], [-2.765625], [-3.046875], [-1.0], [-1.2109375], [-3.015625], [-2.578125], [-1.96875], [3.1875], [-2.640625], [-5.3125], [0.76171875], [-2.765625], [-2.53125], [-3.953125], [-2.671875], [-0.765625], [-3.09375], [-2.953125], [-2.046875], [0.40625], [-3.203125], [-1.90625], [-2.84375], [-0.859375], [-2.515625], [-2.203125], [-0.30078125], [-2.421875], [-2.859375], [0.19921875], [-0.98046875], [-1.9140625], [-0.96484375], [-2.6875], [-1.5625], [-1.4765625], [-0.9140625], [1.1953125], [-1.953125], [-0.7265625], [-2.703125], [-2.8125], [-0.6484375], [-0.08056640625], [-4.4375], [-2.875], [-2.703125], [-3.65625], [-2.859375], [-1.2890625], [-2.546875], [-3.375], [0.011962890625], [-2.5], [-0.5546875], [-1.859375], [-2.40625], [-2.53125], [-1.9375], [-3.40625], [-2.390625], [-2.40625], [-0.228515625], [-1.5390625], [-2.140625], [-2.28125], [-1.0546875], [-2.703125], [-2.828125], [-2.203125], [-3.109375], [-4.90625], [-2.46875], [-1.8515625], [0.5234375], [-3.578125], [-1.5625], [-2.671875], [-0.7421875], [-2.765625], [-2.375], [-3.28125], [-2.578125], [-1.8203125], [-4.125], [-3.34375], [-3.15625], [-2.078125], [-3.15625], [-2.96875], [-1.8046875], [2.015625]]}
