{"anthropic-red-team": [[0.1220703125], [0.263671875], [-0.8203125], [-0.062255859375], [0.7265625], [-0.060791015625], [0.23828125], [-1.484375], [-0.6171875], [0.400390625], [-0.73046875], [0.212890625], [0.314453125], [-0.23828125], [0.1455078125], [0.32421875], [0.345703125], [0.17578125], [-2.0], [0.09326171875], [-0.53125], [-0.9375], [0.055419921875], [0.349609375], [0.1064453125], [0.3046875], [-0.035400390625], [-0.3515625], [0.13671875], [0.162109375], [0.73828125], [0.1279296875], [0.26953125], [-0.10986328125], [0.142578125], [-0.37109375], [-0.11865234375], [0.2412109375], [0.1796875], [0.2041015625], [0.275390625], [0.3515625], [0.490234375], [-0.02587890625], [0.34375], [0.318359375], [0.251953125], [-0.3125], [0.236328125], [-0.65234375], [-0.59765625], [-0.365234375], [0.41015625], [0.408203125], [-0.15234375], [0.482421875], [0.125], [0.1591796875], [0.18359375], [-0.01324462890625], [0.2314453125], [-0.3125], [-0.037109375], [0.91015625], [-0.0272216796875], [0.0001964569091796875], [-0.48828125], [0.007171630859375], [0.28125], [0.26171875], [-1.4140625], [-0.40234375], [0.0159912109375], [-0.6640625], [0.3203125], [0.48046875], [-1.125], [0.0078125], [-2.515625], [0.369140625], [-0.6796875], [-0.1826171875], [-3.09375], [0.1982421875], [0.26171875], [0.45703125], [0.2255859375], [0.458984375], [0.1572265625], [0.09521484375], [0.1123046875], [-1.2890625], [0.0118408203125], [0.26171875], [0.1376953125], [-0.228515625], [0.1875], [0.2021484375], [0.1162109375], [-0.3515625], [-0.0269775390625], [-2.671875], [0.65234375], [0.466796875], [0.2421875], [-0.328125], [0.177734375], [-0.435546875], [-0.0380859375], [0.11279296875], [-0.486328125], [0.01007080078125], [0.2099609375], [0.609375], [0.66015625], [0.015869140625], [-0.63671875], [-2.546875], [-0.158203125], [0.255859375], [0.3046875], [-0.310546875], [-0.6171875], [0.10791015625], [0.08935546875], [0.12451171875], [-0.1904296875], [-0.0286865234375]], "anthropic-helpful-base": [[0.216796875], [0.0498046875], [0.25], [-0.6328125], [0.40234375], [0.140625], [0.455078125], [0.51171875], [-0.060546875], [2.515625], [0.18359375], [-0.52734375], [0.80859375], [-1.3984375], [-0.56640625], [2.984375], [-0.96484375], [2.5625], [0.1337890625], [-0.828125], [-0.98046875], [-0.515625], [-0.203125], [-0.2060546875], [0.09033203125], [-1.15625], [0.2373046875], [-0.095703125], [0.71484375], [0.02685546875], [-0.09765625], [2.140625], [1.8125], [0.265625], [3.453125], [0.1494140625], [0.169921875], [2.171875], [-1.71875], [0.349609375], [-0.5859375], [0.0947265625], [0.275390625], [0.2109375], [0.232421875], [-1.234375], [0.01531982421875], [-0.099609375], [0.19921875], [1.34375], [0.126953125], [-0.984375], [-0.5], [2.96875], [-4.75], [1.0703125], [0.06494140625], [0.193359375], [1.609375], [0.71875], [-0.490234375], [0.205078125], [0.1884765625], [0.259765625], [0.392578125], [1.734375], [0.2890625], [1.0234375], [-0.92578125], [0.1484375], [0.359375], [0.66796875], [0.35546875], [0.16015625], [0.1875], [0.181640625], [0.263671875], [0.251953125], [-0.59765625], [0.267578125], [0.67578125], [-0.091796875], [0.306640625], [0.1337890625], [0.34765625], [-0.02197265625], [2.515625], [0.02587890625], [0.296875], [-0.2890625], [0.69140625], [0.69140625], [0.85546875], [0.185546875], [0.0439453125], [-0.014892578125], [0.07958984375], [0.04638671875], [0.40234375], [0.119140625], [-0.056884765625], [0.5546875], [0.1552734375], [0.28515625], [0.1640625], [0.031494140625], [0.44921875], [0.166015625], [0.384765625], [0.99609375], [0.047119140625], [-0.1025390625], [0.85546875], [0.12109375], [0.31640625], [0.10693359375], [0.462890625], [1.921875], [0.12158203125], [-0.07763671875], [0.1396484375], [0.296875], [-4.6875], [0.380859375], [0.302734375], [-0.294921875], [0.1865234375], [0.455078125]], "anthropic-harmless-base": [[-0.64453125], [-0.43359375], [0.265625], [0.404296875], [0.1474609375], [-0.255859375], [0.5234375], [0.0673828125], [-0.09814453125], [0.388671875], [-0.0089111328125], [0.2001953125], [-0.765625], [0.150390625], [0.00244140625], [-0.28515625], [0.234375], [-0.2294921875], [0.005340576171875], [-0.359375], [-0.166015625], [-0.1474609375], [4.410743713378906e-05], [0.15234375], [0.52734375], [0.330078125], [0.1455078125], [-0.2353515625], [-0.0380859375], [0.07666015625], [-0.6328125], [-0.419921875], [-1.5078125], [0.1494140625], [-0.076171875], [0.474609375], [-0.2138671875], [-0.59765625], [0.2275390625], [-2.3125], [-0.2275390625], [0.35546875], [0.42578125], [-2.859375], [0.06591796875], [0.06005859375], [0.03271484375], [0.388671875], [-0.671875], [0.55859375], [0.1337890625], [-0.53125], [0.267578125], [0.4453125], [0.298828125], [-0.0322265625], [0.020263671875], [0.052734375], [0.33203125], [-0.74609375], [0.06591796875], [0.04541015625], [0.2265625], [0.142578125], [-0.8359375], [-0.2060546875], [-0.06982421875], [0.431640625], [0.2734375], [0.212890625], [0.15625], [-0.56640625], [-0.0284423828125], [0.326171875], [0.369140625], [0.2412109375], [0.08056640625], [-0.94921875], [-0.091796875], [-0.37109375], [-0.07421875], [-0.427734375], [0.08984375], [-0.7421875], [-0.11328125], [0.427734375], [-0.14453125], [0.220703125], [-0.14453125], [-1.125], [0.4765625], [-0.490234375], [0.267578125], [-0.61328125], [-0.177734375], [0.330078125], [0.154296875], [-0.296875], [0.052734375], [0.46875], [-0.00164794921875], [-0.055419921875], [-0.16015625], [-0.255859375], [0.203125], [-0.0263671875], [-0.396484375], [0.447265625], [0.53125], [-0.28515625], [0.224609375], [-0.431640625], [-1.4296875], [-0.373046875], [-1.2734375], [-0.0927734375], [0.44140625], [0.0517578125], [-0.1669921875], [-0.390625], [0.0093994140625], [-0.65234375], [0.21875], [-0.62109375], [0.033935546875], [0.2734375], [0.3125], [0.103515625]], "openai/webgpt_comparisons": [[-0.458984375], [0.10595703125], [-0.146484375], [-0.578125], [-0.2265625], [-1.375], [-0.65234375], [-0.2275390625], [-0.059326171875], [-0.359375], [0.0301513671875], [-1.6640625], [-0.2265625], [-0.04541015625], [-0.7109375], [-0.57421875], [0.061279296875], [-0.2421875], [-0.96875], [-0.76171875], [-0.703125], [-0.345703125], [0.03564453125], [-1.8671875], [-1.3046875], [-0.2001953125], [0.09326171875], [-0.1171875], [-0.26171875], [-0.310546875], [0.0228271484375], [-0.216796875], [-0.203125], [-0.283203125], [-0.76171875], [-0.142578125], [-0.057373046875], [-0.265625], [0.32421875], [-0.2294921875], [-1.0390625], [-0.66015625], [0.08837890625], [-0.9140625], [-0.8671875], [-0.49609375], [-0.107421875], [0.01080322265625], [-0.10400390625], [-0.4765625], [-0.5390625], [-0.80859375], [-0.26171875], [-0.435546875], [-0.365234375], [-0.2373046875], [-0.73046875], [-0.52734375], [0.2158203125], [-0.318359375], [-0.322265625], [-0.57421875], [-1.984375], [-0.55859375], [-0.2138671875], [0.2236328125], [-1.140625], [0.2236328125], [-0.09912109375], [-0.38671875], [-0.255859375], [-0.80078125], [0.045654296875], [-0.1708984375], [-0.93359375], [-0.6875], [-0.038330078125], [-0.294921875], [-0.1845703125], [-0.181640625], [-2.484375], [-0.369140625], [-0.443359375], [-1.2578125], [-0.380859375], [-0.65234375], [0.056396484375], [-0.06689453125], [-0.2451171875], [-0.6484375], [-1.3515625], [-0.49609375], [-0.251953125], [-0.08642578125], [-0.21875], [-0.50390625], [-0.6171875], [-0.1923828125], [-0.546875], [0.039306640625], [-0.3046875], [-0.01318359375], [-1.203125], [-0.7734375], [-0.419921875], [-0.400390625], [-0.1640625], [-0.82421875], [-0.1484375], [-0.490234375], [-0.63671875], [-0.373046875], [0.0888671875], [-0.7421875], [-0.203125], [-0.54296875], [-0.392578125], [-0.68359375], [-1.5546875], [0.0269775390625], [-0.51171875], [-0.62890625], [-0.80859375], [-0.025634765625], [-1.015625], [-0.08154296875], [-0.2041015625], [-0.58984375]]}
