{"anthropic-red-team": [[-2.96875], [-6.0625], [-4.03125], [-3.5], [-3.09375], [-2.046875], [-1.9609375], [-4.875], [-4.5], [-6.75], [-1.9375], [-2.6875], [-4.84375], [-1.7421875], [-2.34375], [-2.0], [-2.171875], [-2.875], [-2.140625], [-2.578125], [-3.4375], [-2.046875], [-1.9765625], [-4.96875], [-1.2109375], [-3.515625], [0.74609375], [-1.9140625], [-2.9375], [-2.125], [-2.609375], [-3.046875], [-3.46875], [-4.09375], [-2.34375], [-5.96875], [-2.375], [-2.640625], [-2.5], [-4.3125], [-8.3125], [-6.625], [-1.59375], [-2.671875], [-2.28125], [-5.6875], [-2.0625], [-1.484375], [0.2255859375], [-4.46875], [-1.4765625], [-2.953125], [-4.0], [-4.75], [-1.296875], [-2.484375], [-2.671875], [-5.34375], [-5.0], [-1.5625], [-1.2890625], [-2.28125], [-1.9375], [-2.515625], [-3.546875], [-7.9375], [-3.6875], [-2.796875], [-3.140625], [-2.21875], [-2.953125], [-1.8984375], [-2.78125], [-3.453125], [-2.59375], [-1.6328125], [-2.21875], [-4.15625], [-2.53125], [-2.296875], [-7.53125], [-4.125], [-5.03125], [-5.78125], [-7.34375], [-2.09375], [-1.1953125], [1.4609375], [-2.046875], [-1.6328125], [-4.03125], [-4.125], [-2.296875], [-4.84375], [-1.484375], [-2.46875], [-1.9609375], [-2.65625], [-2.4375], [-1.828125], [-2.203125], [-2.265625], [-2.390625], [-1.53125], [-1.8203125], [-1.9609375], [-2.296875], [-1.6640625], [-2.734375], [-8.5], [-2.65625], [-7.5625], [-2.5], [-2.0], [-2.890625], [-2.28125], [-2.828125], [-4.125], [-9.1875], [0.09130859375], [-1.7109375], [-6.875], [-4.65625], [-2.90625], [-2.9375], [-2.265625], [-4.34375], [-2.046875]], "anthropic-helpful-base": [[3.34375], [0.77734375], [1.2734375], [-2.828125], [-0.0986328125], [0.142578125], [-0.337890625], [0.412109375], [-2.34375], [2.609375], [-0.1572265625], [1.4140625], [1.703125], [1.0546875], [-2.15625], [3.109375], [-1.078125], [3.625], [-2.6875], [-1.09375], [1.234375], [-0.3828125], [0.71875], [-3.375], [-2.984375], [-1.15625], [-1.78125], [1.6328125], [2.890625], [2.640625], [2.90625], [2.734375], [2.109375], [1.5859375], [3.1875], [-1.4765625], [-2.5], [3.15625], [0.322265625], [-2.296875], [1.984375], [1.4140625], [2.890625], [1.0546875], [2.171875], [1.6796875], [1.0390625], [0.859375], [3.28125], [1.6015625], [-2.375], [2.96875], [1.234375], [3.046875], [-5.03125], [1.5390625], [0.34375], [-2.453125], [2.046875], [-2.0625], [0.451171875], [-2.546875], [1.0234375], [2.796875], [0.1328125], [1.8515625], [-0.58203125], [0.404296875], [1.4921875], [1.09375], [0.6328125], [-1.0625], [-0.353515625], [2.9375], [-1.21875], [2.890625], [1.546875], [-0.04150390625], [-1.25], [-0.8125], [0.9296875], [2.984375], [0.2421875], [3.421875], [1.2421875], [2.515625], [2.265625], [-2.3125], [0.1748046875], [-2.703125], [-0.828125], [0.97265625], [2.265625], [-0.54296875], [0.640625], [1.78125], [-1.46875], [0.8671875], [-0.6015625], [1.796875], [-0.546875], [0.671875], [1.171875], [1.25], [3.828125], [-0.2353515625], [1.4765625], [3.953125], [-1.1328125], [1.8828125], [-0.19140625], [-1.53125], [0.890625], [2.984375], [-2.484375], [-3.046875], [-1.328125], [2.109375], [1.6171875], [-0.111328125], [1.78125], [2.296875], [-6.28125], [1.109375], [1.1875], [3.109375], [-1.484375], [2.046875]], "anthropic-harmless-base": [[-3.828125], [-4.96875], [-7.96875], [-0.439453125], [-1.953125], [-2.203125], [-4.78125], [-3.28125], [-6.875], [-0.83203125], [-3.3125], [0.84375], [-2.328125], [-6.78125], [-3.078125], [-6.65625], [-2.46875], [-0.6171875], [-0.921875], [-2.609375], [-1.875], [-1.765625], [-2.515625], [-2.765625], [-1.5625], [-9.0625], [-2.71875], [-6.03125], [-1.9765625], [-1.4453125], [-3.203125], [-5.15625], [-3.46875], [-2.375], [-4.3125], [-3.234375], [-1.625], [-1.78125], [-1.90625], [-2.296875], [-1.5859375], [-5.34375], [-2.8125], [-4.59375], [-3.078125], [-5.8125], [-2.234375], [-0.84375], [-7.0], [-0.3984375], [-2.515625], [-4.28125], [-1.6171875], [-1.65625], [-2.828125], [-7.90625], [-5.96875], [-5.59375], [-2.828125], [-2.375], [-6.40625], [-1.7734375], [-3.71875], [-9.4375], [-5.75], [-3.796875], [-1.734375], [-1.5859375], [-2.765625], [-9.9375], [-3.75], [-4.875], [-3.21875], [-1.875], [-5.5625], [-4.8125], [-4.03125], [-2.640625], [-1.5390625], [-3.03125], [-4.125], [-2.125], [-3.09375], [-1.9296875], [-2.28125], [-8.375], [-2.90625], [-1.4296875], [-1.46875], [-3.9375], [-2.671875], [-3.828125], [-6.28125], [-1.71875], [-6.28125], [-1.8515625], [-2.8125], [-2.15625], [-3.3125], [-0.79296875], [-1.546875], [-6.71875], [-11.4375], [-2.90625], [-2.578125], [-7.53125], [-6.46875], [-2.59375], [1.953125], [0.0693359375], [-3.765625], [-1.5078125], [-2.96875], [-9.75], [-1.34375], [-4.75], [-4.5625], [-1.28125], [-1.5625], [-2.0], [-1.7890625], [-2.171875], [-1.9453125], [-1.4140625], [-1.4921875], [-3.578125], [-7.46875], [-1.9140625]], "openai/webgpt_comparisons": [[-1.3125], [-0.162109375], [-0.7421875], [-1.296875], [-2.875], [-2.203125], [-1.25], [0.419921875], [-2.046875], [-3.375], [-2.96875], [-2.40625], [1.28125], [-2.5625], [-2.703125], [-2.453125], [0.2734375], [-0.162109375], [-2.84375], [-0.9609375], [-5.96875], [-2.4375], [-2.84375], [-2.203125], [-3.046875], [-3.78125], [0.404296875], [-0.63671875], [-2.296875], [-2.390625], [-1.921875], [-2.59375], [-1.046875], [-0.267578125], [-3.390625], [-2.421875], [-2.34375], [-2.96875], [0.625], [-1.453125], [-2.640625], [-2.1875], [-1.578125], [3.328125], [-2.09375], [-4.6875], [-2.375], [-2.59375], [-0.392578125], [-1.734375], [-2.796875], [-0.8203125], [-2.125], [-2.671875], [-2.171875], [-0.9296875], [-2.765625], [-2.625], [-2.390625], [-1.0546875], [1.28125], [-1.7109375], [-0.07763671875], [-0.79296875], [-2.546875], [-1.1015625], [-1.8828125], [-1.078125], [-1.046875], [-1.5703125], [-1.5234375], [-1.21875], [-2.5625], [1.3984375], [-2.59375], [-0.392578125], [-2.234375], [-2.90625], [-0.9296875], [-2.71875], [-4.28125], [-1.90625], [-0.390625], [-1.71875], [-1.2421875], [0.018310546875], [-2.5], [-2.265625], [-2.15625], [-0.5859375], [-2.234375], [-1.9453125], [-1.4609375], [-2.640625], [-2.703125], [-3.140625], [-2.5625], [-2.65625], [-3.0], [-2.609375], [-2.359375], [-2.3125], [-1.234375], [-2.09375], [-3.0625], [-1.9609375], [-3.171875], [-4.5625], [-2.390625], [-1.8984375], [-0.29296875], [-4.03125], [-1.765625], [-3.140625], [-2.640625], [-2.78125], [-2.171875], [-3.265625], [-2.484375], [-1.546875], [-4.25], [-1.546875], [-2.953125], [-2.0625], [-3.40625], [-2.90625], [-2.53125], [-1.4765625]]}
