{"anthropic-red-team": [[-2.328125], [-3.9375], [-4.3125], [-2.609375], [-2.515625], [-3.796875], [-2.6875], [-3.5625], [-3.296875], [-2.453125], [-5.875], [-2.265625], [-3.734375], [-5.75], [-2.765625], [-2.765625], [-2.796875], [-5.46875], [-2.28125], [-3.0], [-4.78125], [-4.71875], [-6.15625], [-3.015625], [-3.234375], [-2.328125], [-3.015625], [-3.171875], [-2.09375], [-3.046875], [-2.453125], [-2.125], [-2.96875], [-3.609375], [-3.328125], [-1.8125], [-1.0390625], [-4.0625], [-3.921875], [-4.125], [-3.296875], [-3.109375], [-0.63671875], [-2.5625], [-2.921875], [-2.015625], [-3.859375], [-1.921875], [-1.9453125], [-3.703125], [-3.375], [-4.1875], [-3.671875], [-2.375], [-2.734375], [-3.234375], [-2.625], [-2.796875], [-3.671875], [-2.890625], [-2.5625], [-5.375], [-2.3125], [-2.421875], [-5.84375], [-2.359375], [-4.40625], [-4.75], [-3.359375], [-2.171875], [-4.375], [-4.46875], [-2.84375], [-3.890625], [-2.359375], [-1.890625], [-3.09375], [-2.671875], [-2.609375], [-4.0], [-4.28125], [-3.359375], [-4.34375], [-4.4375], [-3.046875], [-2.328125], [-2.578125], [-3.28125], [-3.28125], [-4.5], [-2.484375], [-3.125], [-2.71875], [-7.8125], [-3.296875], [-3.703125], [-2.078125], [-2.546875], [-2.734375], [-6.40625], [-5.1875], [-2.703125], [-1.9921875], [-2.703125], [-3.15625], [-1.0859375], [-5.09375], [-2.09375], [-2.6875], [-4.03125], [-2.703125], [-4.125], [-3.125], [-1.8046875], [-2.828125], [-2.28125], [-4.1875], [-3.203125], [-2.484375], [-2.46875], [-2.765625], [-4.8125], [-2.40625], [-5.3125], [-3.109375], [-2.109375], [-3.140625], [-5.78125]], "anthropic-helpful-base": [[-1.265625], [-3.0625], [-1.828125], [-3.5], [-2.140625], [-2.375], [-2.328125], [-2.921875], [-2.03125], [-1.8046875], [-2.421875], [-1.25], [-3.1875], [-2.3125], [-2.25], [-1.0703125], [-3.140625], [0.185546875], [-3.15625], [-3.578125], [-2.671875], [-1.3203125], [-1.34375], [-2.5], [-2.8125], [-3.53125], [-3.71875], [-3.15625], [-2.328125], [-2.125], [-2.859375], [-1.34375], [-1.359375], [-2.6875], [-2.40625], [-2.578125], [-0.328125], [-2.734375], [-1.796875], [-3.078125], [0.7578125], [-2.59375], [-1.453125], [-1.96875], [-2.1875], [-1.90625], [-2.859375], [-2.578125], [-1.71875], [-3.1875], [-2.609375], [-2.40625], [-3.328125], [-1.4765625], [-2.546875], [-2.625], [-1.859375], [-2.703125], [-2.75], [-2.828125], [-2.515625], [-3.171875], [-2.921875], [-2.359375], [-2.0625], [-1.328125], [-2.875], [-2.640625], [-1.609375], [-1.9375], [-2.140625], [-2.515625], [-2.875], [-2.796875], [-2.1875], [0.05517578125], [-2.703125], [-2.8125], [-2.734375], [-2.5], [-2.265625], [-1.859375], [-2.578125], [-2.890625], [-2.1875], [-2.640625], [-2.265625], [-4.625], [-2.765625], [-2.921875], [-2.34375], [-1.828125], [-1.953125], [-2.84375], [-2.453125], [-2.40625], [-2.484375], [-1.3515625], [-2.453125], [-2.34375], [-2.734375], [-2.484375], [-2.703125], [-2.03125], [-0.265625], [-2.359375], [-2.375], [-2.421875], [-2.640625], [-1.0390625], [-1.46875], [-2.90625], [-2.6875], [-1.9609375], [-3.921875], [-3.09375], [-1.9765625], [-1.796875], [-0.69921875], [-2.65625], [-1.8984375], [-2.0625], [-3.4375], [-0.96484375], [-2.640625], [-3.109375], [-2.6875], [-0.5]], "anthropic-harmless-base": [[-1.625], [-2.71875], [-3.75], [-0.92578125], [-3.078125], [-1.8828125], [-3.171875], [-2.671875], [-1.8203125], [-1.8828125], [-2.328125], [-2.671875], [-3.765625], [-3.953125], [-3.203125], [-4.40625], [-2.90625], [-2.75], [-2.671875], [-1.640625], [-3.375], [-3.921875], [-4.65625], [-3.296875], [-2.125], [-4.59375], [-4.09375], [-5.4375], [-3.9375], [-4.09375], [-3.71875], [-4.0], [-5.375], [-2.140625], [-2.765625], [-2.296875], [-4.53125], [-2.71875], [-2.8125], [-2.453125], [-2.53125], [-2.59375], [-2.46875], [-6.6875], [-4.21875], [-2.59375], [-3.484375], [-2.421875], [-4.1875], [-1.8515625], [-3.53125], [-4.3125], [-3.859375], [-3.046875], [-2.65625], [-3.5625], [-1.875], [-4.6875], [-3.203125], [-5.15625], [-4.03125], [-2.5625], [-2.953125], [-4.5625], [-5.21875], [-3.859375], [-2.90625], [-1.8125], [-2.640625], [-3.46875], [-3.703125], [-2.75], [-3.6875], [-2.875], [-4.90625], [-2.4375], [-5.28125], [-2.734375], [-2.734375], [-3.109375], [-4.03125], [-2.71875], [-2.640625], [-3.125], [-2.609375], [-3.75], [-4.25], [-3.015625], [-2.125], [-7.4375], [-2.890625], [-4.3125], [-4.375], [-2.453125], [-3.90625], [-2.796875], [-3.703125], [-2.859375], [-3.875], [-1.328125], [-2.59375], [-4.375], [-3.4375], [-4.09375], [-2.765625], [-3.359375], [-3.578125], [-2.71875], [-2.875], [-2.234375], [-2.359375], [-2.15625], [-6.09375], [-5.03125], [-4.15625], [-3.765625], [-2.46875], [-3.96875], [-1.8203125], [-2.203125], [-3.71875], [-3.703125], [-2.375], [-3.625], [-3.078125], [-2.359375], [-4.8125], [-3.859375]], "openai/webgpt_comparisons": [[-2.359375], [-2.21875], [-3.125], [-1.6328125], [-2.828125], [-2.4375], [-2.90625], [-1.625], [-2.296875], [-2.859375], [-3.0625], [-2.5625], [-1.453125], [-2.25], [-2.90625], [-3.109375], [-1.8125], [-1.7890625], [-3.109375], [-2.6875], [-4.0625], [-3.078125], [-2.796875], [-2.6875], [-2.6875], [-2.921875], [-2.71875], [-2.875], [-2.484375], [-2.265625], [-1.375], [-2.703125], [-2.75], [-2.5625], [-3.109375], [-2.703125], [-2.515625], [-3.078125], [-2.90625], [-2.203125], [-2.84375], [-2.34375], [-2.453125], [-3.140625], [-2.375], [-3.359375], [-2.6875], [-2.390625], [-2.515625], [-1.6328125], [-2.59375], [-2.03125], [-2.953125], [-2.578125], [-0.57421875], [-2.15625], [-3.203125], [-1.828125], [-2.796875], [-2.859375], [-1.421875], [-1.8515625], [-2.640625], [-2.328125], [-2.953125], [-1.625], [-2.078125], [-3.21875], [-2.375], [-1.8515625], [-2.734375], [-2.953125], [-2.84375], [-0.96875], [-2.765625], [-2.4375], [-2.921875], [-2.65625], [-2.875], [-2.3125], [-4.375], [-2.3125], [-2.546875], [-2.015625], [-2.828125], [-1.453125], [-2.484375], [-3.109375], [-1.65625], [-2.828125], [-1.84375], [-2.90625], [-2.9375], [-3.28125], [-2.734375], [-3.109375], [-2.96875], [-3.34375], [-2.46875], [-2.625], [-2.03125], [-3.296875], [-2.34375], [-2.578125], [-3.046875], [-2.78125], [-2.5625], [-3.375], [-2.6875], [-1.609375], [-1.4765625], [-3.4375], [-2.203125], [-2.375], [-2.5625], [-3.03125], [-2.96875], [-2.703125], [-2.90625], [-2.96875], [-2.59375], [-3.25], [-2.765625], [-2.25], [-3.84375], [-2.796875], [-2.5625], [-2.078125]]}
