{"anthropic-red-team": [[-2.375], [-1.953125], [-3.71875], [-3.796875], [-2.078125], [-3.3125], [-2.421875], [-3.71875], [-5.1875], [-5.40625], [-2.6875], [-2.890625], [-3.109375], [-4.125], [-2.953125], [-2.671875], [-2.71875], [-4.09375], [-1.28125], [-3.34375], [-7.28125], [-4.125], [-4.84375], [-1.7421875], [-3.03125], [-2.765625], [-3.03125], [-2.109375], [-2.875], [-3.34375], [-3.390625], [-2.96875], [-2.53125], [-3.71875], [-4.15625], [-3.703125], [-2.265625], [-3.046875], [-3.5625], [-2.9375], [-2.15625], [-2.828125], [-2.171875], [-3.34375], [-2.28125], [-2.015625], [-2.453125], [-3.4375], [-2.71875], [-4.65625], [-2.578125], [-3.9375], [-2.828125], [-2.453125], [-2.71875], [-3.125], [-2.890625], [-2.640625], [-1.59375], [-2.703125], [-2.640625], [-5.375], [-2.921875], [-3.140625], [-4.375], [-1.6484375], [-3.84375], [-3.25], [-3.109375], [-2.25], [-5.5625], [-3.15625], [-3.796875], [-3.640625], [-3.34375], [-2.015625], [-2.578125], [-2.859375], [-2.140625], [-3.640625], [-3.0], [-4.96875], [-4.03125], [-2.6875], [-2.140625], [-3.265625], [-3.25], [-2.59375], [-4.375], [-1.984375], [-5.09375], [-3.46875], [-2.8125], [-1.75], [-2.609375], [-3.46875], [-2.40625], [-2.765625], [-4.1875], [-7.03125], [-5.28125], [-2.703125], [-2.359375], [-3.125], [-2.265625], [-2.5], [-2.546875], [-2.9375], [-3.015625], [-6.21875], [-4.03125], [-3.21875], [-3.15625], [-1.390625], [-2.625], [-2.140625], [-3.828125], [-2.96875], [-2.109375], [-2.671875], [-2.546875], [-4.1875], [-4.46875], [-4.5], [-2.875], [-2.75], [-5.625], [-3.515625]], "anthropic-helpful-base": [[-2.859375], [-3.21875], [-2.296875], [-3.484375], [-2.734375], [-2.640625], [-1.9921875], [-3.421875], [-2.265625], [-2.671875], [-2.203125], [-0.12451171875], [-2.34375], [-2.53125], [-2.390625], [-1.5], [-2.859375], [-2.453125], [-2.953125], [-3.25], [-2.625], [-2.71875], [-3.09375], [-3.109375], [-2.421875], [-3.28125], [-3.078125], [-2.671875], [-1.9375], [-2.4375], [-2.46875], [-1.2265625], [-2.921875], [-2.5625], [-2.03125], [-2.859375], [-2.890625], [-2.4375], [-3.046875], [-2.90625], [-1.953125], [-2.609375], [-2.5], [-2.59375], [-2.515625], [-2.65625], [-2.8125], [-2.640625], [-2.375], [-3.21875], [-3.40625], [-2.890625], [-0.5703125], [-1.4765625], [-5.28125], [-2.1875], [-2.8125], [-2.515625], [-1.6640625], [-2.34375], [-2.3125], [-3.046875], [-2.09375], [-2.875], [-2.1875], [-2.84375], [-2.421875], [-2.53125], [-1.375], [-2.328125], [-2.8125], [-2.515625], [-2.21875], [-2.046875], [-1.796875], [-2.4375], [-2.03125], [-2.4375], [-2.3125], [-2.5625], [-2.0], [-2.90625], [-2.703125], [-2.5], [-2.265625], [-2.765625], [-1.53125], [-3.125], [-2.984375], [-2.4375], [-2.828125], [-2.375], [-2.15625], [-2.65625], [-2.15625], [-2.296875], [-2.671875], [-2.65625], [-2.109375], [-3.09375], [-2.5625], [-1.5546875], [-2.515625], [-2.421875], [-1.7734375], [-2.140625], [-3.125], [-2.75], [-2.515625], [-1.21875], [-2.625], [-2.03125], [-2.890625], [-2.578125], [-2.640625], [-3.046875], [-1.0078125], [-0.5390625], [-2.265625], [-2.90625], [-1.09375], [-2.03125], [-3.71875], [-1.6875], [-2.765625], [-2.3125], [-2.046875], [-1.328125]], "anthropic-harmless-base": [[-2.65625], [-2.859375], [-1.390625], [-1.4765625], [-3.203125], [-4.3125], [-2.65625], [-2.578125], [-2.609375], [-1.65625], [-3.453125], [-3.359375], [-3.515625], [-2.625], [-3.078125], [-5.84375], [-3.046875], [-2.703125], [-2.546875], [-2.203125], [-3.46875], [-2.71875], [-3.359375], [-2.84375], [-2.75], [-4.0625], [-1.9609375], [-2.453125], [-2.734375], [-2.0625], [-3.78125], [-3.109375], [-3.65625], [-2.34375], [-2.921875], [-2.21875], [-3.21875], [-2.59375], [-2.828125], [-2.484375], [-3.640625], [-3.078125], [-2.53125], [-5.28125], [-4.0], [-3.265625], [-2.453125], [-2.75], [-3.859375], [-1.3203125], [-3.6875], [-1.78125], [-3.859375], [-3.28125], [-2.25], [-2.734375], [-5.4375], [-4.375], [-3.234375], [-4.4375], [-5.625], [-1.515625], [-2.765625], [-4.40625], [-4.28125], [-4.0625], [-3.09375], [-2.75], [-3.8125], [-1.71875], [-2.6875], [-2.921875], [-3.875], [-2.4375], [-4.09375], [-2.46875], [-4.5625], [-3.625], [-2.96875], [-4.375], [-4.40625], [-2.8125], [-3.171875], [-2.1875], [-3.296875], [-1.421875], [-3.5], [-3.03125], [-3.9375], [-5.03125], [-2.703125], [-2.875], [-4.1875], [-1.3984375], [-4.3125], [-2.6875], [-3.0625], [-3.203125], [-1.9140625], [-3.359375], [-3.6875], [-4.0625], [-3.8125], [-6.15625], [-2.953125], [-2.5], [-4.78125], [-2.3125], [-1.46875], [-2.234375], [-2.75], [-3.21875], [-3.34375], [-2.21875], [-2.828125], [-3.671875], [-0.4609375], [-1.4453125], [-1.9921875], [-3.078125], [-2.90625], [-4.0], [-2.390625], [-2.640625], [-2.78125], [-2.09375], [-3.28125], [-6.5]], "openai/webgpt_comparisons": [[-3.03125], [-2.40625], [-2.84375], [-2.875], [-2.8125], [-1.9140625], [-2.78125], [-2.640625], [-2.578125], [-3.515625], [-3.0], [-3.125], [-2.96875], [-2.8125], [-2.75], [-2.625], [-1.4296875], [-2.578125], [-3.296875], [-2.78125], [-4.375], [-2.921875], [-2.765625], [-3.234375], [-3.03125], [-3.015625], [-2.640625], [-2.328125], [-2.015625], [-2.171875], [-1.75], [-2.546875], [-3.1875], [-2.6875], [-3.0625], [-3.234375], [-2.59375], [-2.96875], [-2.875], [-2.78125], [-3.140625], [-2.078125], [-2.328125], [-1.5625], [-2.484375], [-3.703125], [-2.59375], [-2.5], [-2.53125], [-2.265625], [-2.9375], [-2.65625], [-2.03125], [-2.375], [-2.640625], [-2.796875], [-3.140625], [-3.0625], [-2.71875], [-1.90625], [-2.71875], [-2.453125], [-2.890625], [-2.40625], [-3.015625], [-1.453125], [-2.265625], [-3.171875], [-2.40625], [-2.5625], [-2.828125], [-3.03125], [-2.59375], [-2.3125], [-3.046875], [-3.140625], [-2.96875], [-2.796875], [-2.265625], [-2.59375], [-4.15625], [-2.28125], [-1.859375], [-4.6875], [-2.875], [-2.390625], [-2.75], [-4.25], [-2.609375], [-2.734375], [-2.59375], [-1.6328125], [-2.75], [-3.1875], [-2.46875], [-3.125], [-2.65625], [-3.109375], [-3.015625], [-2.65625], [-2.375], [-1.9140625], [-2.140625], [-2.25], [-2.953125], [-2.703125], [-3.0], [-3.46875], [-3.1875], [-2.125], [-2.890625], [-2.8125], [-2.015625], [-3.21875], [-2.453125], [-3.09375], [-3.265625], [-2.953125], [-2.828125], [-2.09375], [-2.53125], [-3.390625], [-2.90625], [-2.703125], [-4.03125], [-2.890625], [-2.515625], [-2.484375]]}
