{"anthropic-red-team": [[1.9140625], [1.59375], [1.0859375], [1.3125], [-0.1416015625], [1.109375], [0.6953125], [1.546875], [1.0546875], [1.3984375], [0.94921875], [1.1875], [0.50390625], [0.85546875], [1.3046875], [0.921875], [1.46875], [-0.28125], [1.4296875], [1.5703125], [1.03125], [0.103515625], [-0.046142578125], [0.61328125], [1.484375], [0.859375], [0.97265625], [0.470703125], [1.5234375], [1.0703125], [1.25], [0.6796875], [0.5], [0.75390625], [0.73046875], [1.2421875], [1.296875], [1.5625], [0.8359375], [1.5859375], [0.7421875], [1.3046875], [1.53125], [0.369140625], [1.3359375], [0.9609375], [1.4140625], [1.34375], [1.375], [-1.8359375], [0.78125], [0.61328125], [1.109375], [1.78125], [1.484375], [1.1171875], [0.83984375], [1.4609375], [1.625], [1.4375], [1.2109375], [1.1015625], [1.296875], [1.9453125], [-0.01531982421875], [-2.09375], [1.2265625], [0.6015625], [0.6328125], [1.671875], [0.2353515625], [1.7265625], [0.70703125], [0.83203125], [1.171875], [1.8359375], [1.2578125], [1.328125], [1.3046875], [0.78125], [0.431640625], [0.2158203125], [-3.859375], [1.359375], [1.4921875], [1.2734375], [1.0390625], [0.78515625], [1.8203125], [0.4765625], [2.03125], [-0.20703125], [1.3125], [1.15625], [1.3984375], [0.6953125], [1.390625], [1.1640625], [1.2265625], [0.4453125], [1.0078125], [0.005859375], [1.40625], [1.09375], [1.21875], [1.1796875], [0.7734375], [0.546875], [1.421875], [1.3515625], [1.2578125], [0.53125], [1.4765625], [1.8046875], [0.765625], [0.70703125], [0.88671875], [0.84765625], [1.6328125], [1.3203125], [1.40625], [0.62890625], [1.125], [1.6171875], [0.75390625], [1.5546875], [1.3515625], [0.87109375]], "anthropic-helpful-base": [[1.046875], [0.453125], [0.41015625], [-2.9375], [1.5234375], [1.1953125], [-0.98828125], [0.88671875], [0.9140625], [1.1171875], [1.6875], [0.859375], [1.0625], [1.1484375], [1.5078125], [2.203125], [-0.921875], [2.734375], [0.93359375], [1.265625], [1.9140625], [1.40625], [0.6328125], [-0.6875], [-2.96875], [0.5234375], [1.015625], [1.15625], [1.2734375], [1.0], [0.77734375], [1.6875], [1.3515625], [0.578125], [2.5], [0.84375], [1.0390625], [0.99609375], [-0.34765625], [0.671875], [0.7578125], [1.40625], [0.55078125], [1.0703125], [1.2265625], [1.65625], [1.265625], [0.53515625], [2.65625], [1.9921875], [0.83984375], [0.91015625], [0.52734375], [1.9765625], [1.59375], [1.6875], [0.86328125], [0.671875], [1.1640625], [0.984375], [-0.04296875], [1.3046875], [0.84375], [1.4453125], [1.0546875], [1.0859375], [1.109375], [0.99609375], [1.2734375], [0.76171875], [0.6171875], [1.1875], [0.85546875], [1.3359375], [1.0], [1.2109375], [0.609375], [0.333984375], [0.609375], [1.1171875], [0.216796875], [1.515625], [0.62109375], [1.5546875], [1.4375], [0.5546875], [1.9375], [0.69921875], [1.40625], [0.45703125], [1.59375], [1.03125], [1.609375], [1.21875], [0.703125], [0.8828125], [1.3984375], [0.9921875], [0.361328125], [-1.5390625], [0.34765625], [1.5625], [1.09375], [0.9921875], [1.6796875], [1.765625], [0.287109375], [2.640625], [1.2109375], [0.87109375], [2.0], [0.427734375], [0.5078125], [2.53125], [0.58203125], [-0.78125], [1.6328125], [1.59375], [1.625], [-0.7578125], [1.65625], [1.8125], [-1.5], [0.66796875], [0.82421875], [1.03125], [0.87890625], [1.640625]], "anthropic-harmless-base": [[0.291015625], [0.8671875], [0.70703125], [1.21875], [1.453125], [1.0390625], [0.91796875], [1.0], [0.89453125], [1.328125], [1.0625], [1.34375], [1.203125], [0.59375], [-0.37890625], [0.51171875], [1.2109375], [0.2734375], [0.00193023681640625], [0.376953125], [0.87890625], [0.96875], [0.43359375], [0.79296875], [1.28125], [1.3203125], [0.7578125], [1.15625], [0.69921875], [0.57421875], [-0.33984375], [-0.28515625], [0.33984375], [1.265625], [-0.032470703125], [1.3828125], [1.015625], [0.45703125], [0.6328125], [0.13671875], [0.11572265625], [-1.0703125], [1.8125], [0.8125], [1.0078125], [0.64453125], [0.890625], [0.84765625], [0.435546875], [0.98828125], [0.94140625], [1.0], [0.96875], [1.125], [1.125], [0.2431640625], [0.89453125], [-0.78515625], [0.59375], [0.65625], [0.76171875], [1.109375], [0.384765625], [1.2265625], [-0.326171875], [-0.181640625], [0.7109375], [0.6171875], [1.0390625], [1.2109375], [0.419921875], [1.203125], [0.61328125], [1.0234375], [0.490234375], [1.3671875], [1.1640625], [0.7578125], [0.84765625], [0.578125], [1.2890625], [0.96484375], [1.421875], [1.3125], [1.21875], [0.68359375], [0.10546875], [0.80859375], [1.078125], [0.70703125], [1.1015625], [0.75390625], [0.703125], [1.28125], [1.3984375], [1.65625], [-0.10400390625], [-0.158203125], [0.349609375], [1.34375], [0.466796875], [-2.0], [0.7734375], [0.439453125], [1.3125], [-6.71875], [0.400390625], [-0.419921875], [1.015625], [0.90625], [1.546875], [0.70703125], [0.94140625], [0.6484375], [1.0625], [0.390625], [0.76171875], [0.478515625], [-1.6953125], [1.28125], [0.7734375], [-0.369140625], [1.015625], [1.3359375], [0.39453125], [1.046875], [0.9765625], [0.53515625]], "openai/webgpt_comparisons": [[0.345703125], [0.47265625], [0.404296875], [0.30078125], [-0.1484375], [-0.5], [-0.353515625], [1.28125], [0.63671875], [0.3671875], [0.0615234375], [-0.2294921875], [0.296875], [-0.08740234375], [-0.06396484375], [-0.5859375], [-0.435546875], [0.35546875], [-0.9375], [0.216796875], [-0.34375], [0.1552734375], [0.0966796875], [0.0213623046875], [-0.447265625], [0.310546875], [0.125], [0.0361328125], [0.056396484375], [-0.1689453125], [0.212890625], [0.298828125], [-0.1767578125], [-1.0546875], [-0.72265625], [-0.00665283203125], [0.1298828125], [0.3203125], [0.16796875], [0.10986328125], [-0.4765625], [-0.388671875], [0.90234375], [-0.298828125], [-0.173828125], [0.45703125], [0.74609375], [0.27734375], [-0.05859375], [0.515625], [0.1826171875], [0.0732421875], [-0.2392578125], [0.68359375], [0.51171875], [0.3046875], [-0.3359375], [0.2236328125], [0.1591796875], [-0.7265625], [0.1962890625], [0.7890625], [-1.1328125], [-0.138671875], [-0.03515625], [0.6875], [0.40625], [-0.07763671875], [-1.0390625], [-0.8359375], [-0.287109375], [-0.2080078125], [0.5234375], [-0.357421875], [-0.5], [-1.5703125], [0.244140625], [0.275390625], [0.546875], [-0.6875], [-2.71875], [-0.0010528564453125], [0.2294921875], [-0.3125], [-0.1240234375], [-1.5234375], [0.408203125], [0.193359375], [0.203125], [0.1689453125], [0.310546875], [-0.039306640625], [-1.953125], [0.55859375], [-0.38671875], [-1.1953125], [-0.94140625], [0.4453125], [-0.53125], [0.1328125], [0.1650390625], [0.515625], [-1.1484375], [-0.5625], [-0.5], [0.341796875], [0.048583984375], [-0.625], [0.287109375], [-0.0771484375], [-0.052734375], [-0.65234375], [-0.04443359375], [-0.1552734375], [-0.59765625], [0.251953125], [0.1640625], [-0.47265625], [-0.7265625], [-0.051025390625], [-0.1220703125], [-0.279296875], [-0.453125], [-1.265625], [-1.171875], [-0.314453125], [0.671875], [0.390625]]}
