{"anthropic-red-team": [[-2.484375], [-2.03125], [-2.390625], [-1.28125], [-2.09375], [-2.96875], [-2.40625], [-2.03125], [-4.5625], [-6.5], [-2.390625], [-2.34375], [-1.859375], [-1.765625], [-2.265625], [-1.921875], [-2.15625], [-4.34375], [-1.9921875], [-2.875], [-4.59375], [-2.140625], [-2.59375], [-1.3984375], [-2.1875], [-3.96875], [0.6171875], [-5.15625], [-3.03125], [-2.0625], [-2.015625], [-2.625], [-2.765625], [-3.125], [-2.421875], [-6.65625], [-2.3125], [-2.734375], [-2.828125], [-3.140625], [-1.6640625], [-2.625], [-1.0234375], [-2.90625], [-1.46875], [-5.0], [-1.9375], [-1.8125], [-0.12890625], [-4.375], [-1.390625], [-6.90625], [-3.375], [-1.375], [-2.5], [-3.109375], [-2.6875], [-6.65625], [0.10302734375], [-1.5546875], [-3.609375], [-2.125], [-2.109375], [-1.7421875], [-2.5625], [-0.94140625], [-3.65625], [-2.59375], [-3.109375], [-2.5], [-5.125], [-2.28125], [-2.359375], [-7.09375], [-3.390625], [-1.9921875], [-2.96875], [-1.484375], [-2.484375], [-3.484375], [-6.9375], [-3.25], [-5.0], [-6.78125], [-9.375], [-1.6953125], [-1.3984375], [0.65234375], [-2.015625], [-9.6875], [-4.0625], [-2.609375], [-2.703125], [-2.015625], [-1.7890625], [-2.109375], [-0.9609375], [-2.328125], [-1.578125], [-2.078125], [-1.53125], [-2.953125], [-2.5], [-1.8984375], [-1.59375], [-2.28125], [-7.125], [-1.0703125], [-2.203125], [-1.2578125], [-1.9765625], [-7.96875], [-2.578125], [-1.9921875], [-3.3125], [-2.359375], [-2.828125], [-4.28125], [-2.015625], [-1.2265625], [-2.859375], [-5.125], [-4.625], [-1.6953125], [-2.984375], [-2.34375], [-3.28125], [-1.53125]], "anthropic-helpful-base": [[3.6875], [-2.40625], [1.15625], [-3.34375], [0.09033203125], [0.130859375], [-0.1298828125], [0.96484375], [-2.109375], [2.671875], [0.054443359375], [1.0078125], [1.3984375], [1.171875], [-1.1875], [-0.470703125], [-1.078125], [3.375], [-0.46875], [-0.84375], [1.171875], [-0.73046875], [0.48828125], [-3.5], [-2.078125], [-0.2138671875], [-2.25], [0.88671875], [3.015625], [2.71875], [3.28125], [2.84375], [2.078125], [-0.0238037109375], [3.078125], [-3.453125], [-0.68359375], [2.328125], [0.30078125], [-2.859375], [2.59375], [1.4296875], [3.296875], [2.203125], [1.5078125], [1.59375], [1.2109375], [0.07958984375], [3.34375], [1.8046875], [-2.546875], [2.21875], [1.203125], [2.921875], [-4.84375], [-2.71875], [0.083984375], [-2.5], [0.82421875], [-1.6796875], [0.78515625], [-2.546875], [0.30078125], [0.96875], [-0.91796875], [1.6875], [-0.412109375], [0.62890625], [-1.75], [-2.078125], [-0.400390625], [-1.0625], [-0.9609375], [3.890625], [-1.453125], [2.5], [1.921875], [-2.015625], [-1.359375], [-1.234375], [1.234375], [3.625], [0.609375], [3.046875], [1.390625], [2.359375], [2.546875], [-2.46875], [0.9765625], [-0.4609375], [-0.5234375], [0.71484375], [2.4375], [0.16796875], [1.4609375], [1.7265625], [-1.5703125], [1.4140625], [-0.6328125], [1.8125], [-1.1171875], [0.328125], [-0.451171875], [2.140625], [3.71875], [-0.09521484375], [1.5], [3.328125], [1.328125], [2.046875], [-0.29296875], [-1.1328125], [0.91796875], [2.984375], [-2.5], [-1.3359375], [-1.515625], [-2.0625], [2.125], [0.185546875], [1.3671875], [2.25], [-6.09375], [1.0703125], [1.0703125], [2.828125], [0.1328125], [2.65625]], "anthropic-harmless-base": [[-1.9453125], [-2.5625], [-7.65625], [-0.72265625], [-3.6875], [-8.5], [-8.4375], [-2.109375], [-2.40625], [-1.4453125], [-2.28125], [0.82421875], [-2.328125], [-6.75], [-0.53125], [-2.609375], [-1.5625], [-2.4375], [-1.078125], [-3.78125], [-2.8125], [-2.640625], [-1.9296875], [-1.6953125], [-1.6875], [-7.8125], [-3.859375], [-1.7421875], [-2.109375], [-2.125], [-2.421875], [-4.90625], [-2.75], [-1.8984375], [-3.53125], [-1.875], [-6.59375], [-2.40625], [-1.796875], [-2.28125], [-1.90625], [-1.59375], [-2.59375], [-2.296875], [-4.1875], [-2.828125], [-2.359375], [-1.5703125], [-2.546875], [-1.65625], [-2.5], [-3.421875], [-2.109375], [-4.125], [-1.53125], [-1.8671875], [-1.6640625], [-4.28125], [-2.828125], [-5.5], [-2.5625], [-1.4453125], [-4.09375], [-9.0], [-7.09375], [-1.796875], [-2.046875], [-1.984375], [-2.5625], [-8.9375], [-3.40625], [-5.9375], [-2.84375], [-2.53125], [-1.7265625], [-4.6875], [-1.390625], [-2.703125], [-1.5], [-4.46875], [-3.6875], [-1.3515625], [-4.15625], [-2.46875], [-3.234375], [-8.4375], [-7.28125], [-2.09375], [-1.21875], [-3.9375], [-2.640625], [-4.40625], [-3.09375], [-2.171875], [-2.28125], [-1.8125], [-3.546875], [-6.5], [-1.78125], [-0.82421875], [-1.921875], [-5.03125], [-2.078125], [-2.546875], [-2.078125], [-7.78125], [-2.34375], [-2.53125], [2.640625], [-0.458984375], [-1.40625], [-2.09375], [-2.484375], [-1.9921875], [-1.328125], [-2.625], [-4.40625], [-3.34375], [-3.1875], [-3.96875], [-1.7890625], [-2.265625], [-1.3203125], [-2.625], [-2.3125], [-1.34375], [-8.3125], [-6.0625]], "openai/webgpt_comparisons": [[-1.6328125], [-2.5], [-0.9140625], [-2.953125], [-1.9921875], [-0.154296875], [-2.421875], [0.255859375], [-0.4921875], [-3.359375], [-2.984375], [-2.828125], [1.25], [-2.5625], [-2.796875], [-1.71875], [0.875], [-1.15625], [-1.71875], [-0.5546875], [-3.796875], [-3.703125], [-2.46875], [-2.25], [-3.46875], [-3.46875], [-2.1875], [-3.09375], [-2.296875], [-2.25], [-1.6953125], [-2.125], [-3.296875], [-0.53125], [-3.265625], [-2.734375], [-2.65625], [-2.859375], [-2.53125], [-1.8359375], [-3.15625], [-2.546875], [-1.765625], [-3.140625], [-2.671875], [-5.125], [-2.40625], [-2.796875], [-2.265625], [-1.6796875], [-2.765625], [-0.8203125], [-2.78125], [-2.71875], [-2.0625], [-0.10498046875], [-3.140625], [-2.953125], [-2.796875], [-0.42578125], [-1.9921875], [-2.28125], [-3.046875], [-1.7421875], [-2.765625], [-0.796875], [-2.171875], [-2.859375], [-1.8828125], [-1.5546875], [-1.5234375], [-1.0859375], [-2.625], [1.3984375], [-0.71484375], [-0.6171875], [-2.875], [-3.1875], [-3.171875], [0.37109375], [-4.125], [-1.328125], [-2.59375], [-2.578125], [-2.9375], [-2.75], [-2.34375], [-1.9609375], [0.478515625], [-2.59375], [-0.333984375], [-1.828125], [-2.875], [-2.625], [-1.71875], [-3.234375], [-2.421875], [-2.75], [-3.59375], [-2.6875], [-2.078125], [-1.46875], [-0.13671875], [-3.078125], [-2.921875], [-2.171875], [-3.484375], [-4.84375], [-1.65625], [-1.578125], [0.65234375], [-4.21875], [-1.796875], [-3.21875], [-0.60546875], [-2.8125], [-2.4375], [-3.28125], [-2.65625], [-1.1875], [-3.234375], [-2.8125], [-2.828125], [-1.8125], [-3.328125], [-2.546875], [-2.375], [-1.46875]]}
