{"anthropic-red-team": [[-2.328125], [-6.59375], [-2.296875], [-3.625], [-3.015625], [-1.6015625], [-2.46875], [-1.625], [-4.5625], [-7.25], [-1.6015625], [-2.34375], [-1.7265625], [-1.859375], [-1.6171875], [-2.671875], [-2.21875], [-2.96875], [-1.8125], [-2.953125], [-4.8125], [-4.5625], [-2.84375], [-1.484375], [-1.484375], [-3.421875], [0.71484375], [-3.015625], [-3.09375], [-2.09375], [-2.59375], [-4.09375], [-2.375], [-3.796875], [-2.53125], [-4.40625], [-2.296875], [-3.015625], [-2.125], [-3.421875], [-8.4375], [-6.875], [-1.5625], [-2.0625], [-2.796875], [-6.28125], [-3.375], [-1.546875], [-0.10302734375], [-4.25], [-1.4140625], [-3.0625], [-3.984375], [-7.5625], [-1.1171875], [-2.890625], [-2.71875], [-6.5], [-4.84375], [-1.578125], [-2.40625], [-1.8203125], [-2.671875], [-1.921875], [-3.484375], [-6.375], [-3.359375], [-2.796875], [-1.609375], [-2.046875], [-2.5625], [-1.8125], [-2.359375], [-6.40625], [-2.484375], [-1.984375], [-2.515625], [-1.5625], [-2.5], [-3.90625], [-6.53125], [-3.25], [-4.75], [-5.46875], [-7.5], [-1.859375], [-2.125], [-2.015625], [-2.046875], [-7.65625], [-3.375], [-4.8125], [-0.052490234375], [-1.8125], [-2.0], [-2.09375], [-0.99609375], [-4.375], [-1.5859375], [-2.796875], [-1.5234375], [-2.921875], [-1.6015625], [-1.65625], [-2.140625], [-1.828125], [-0.86328125], [-1.9609375], [-2.3125], [-8.0625], [-2.0625], [-7.6875], [-2.96875], [-1.984375], [-2.859375], [-1.6328125], [-1.9765625], [-3.90625], [-1.6484375], [-1.3046875], [-2.484375], [-6.03125], [-2.578125], [-1.6796875], [-2.1875], [-1.546875], [-5.59375], [-0.8125]], "anthropic-helpful-base": [[2.828125], [-1.4921875], [1.6640625], [-3.140625], [0.55859375], [-1.046875], [-0.283203125], [0.546875], [-2.125], [2.4375], [0.8046875], [0.9296875], [1.0234375], [0.81640625], [-1.40625], [2.875], [-1.1015625], [3.0625], [-1.4375], [-1.5078125], [1.359375], [-0.1767578125], [0.828125], [-3.03125], [-2.0625], [-0.197265625], [-3.953125], [0.85546875], [2.875], [2.96875], [3.09375], [2.828125], [1.5625], [0.578125], [-1.21875], [-3.46875], [-0.1865234375], [2.671875], [-0.4453125], [-2.328125], [2.171875], [0.87890625], [2.796875], [1.4609375], [1.9453125], [1.671875], [1.3984375], [0.373046875], [3.171875], [1.078125], [-2.859375], [3.046875], [1.421875], [3.015625], [-5.15625], [1.5], [0.50390625], [-2.296875], [1.5703125], [0.953125], [1.2109375], [-2.921875], [0.68359375], [1.921875], [0.453125], [1.734375], [-0.31640625], [0.5390625], [1.4296875], [-2.421875], [1.2578125], [-2.28125], [-0.89453125], [3.0], [-1.25], [2.265625], [2.40625], [-2.265625], [-0.34765625], [-1.1171875], [0.7890625], [2.9375], [0.08935546875], [2.796875], [1.6796875], [2.765625], [2.78125], [-2.78125], [0.361328125], [-2.71875], [-0.44140625], [0.703125], [2.21875], [-0.380859375], [0.83984375], [1.109375], [-1.328125], [1.625], [1.6171875], [1.6953125], [-0.412109375], [0.6171875], [0.46484375], [1.6875], [3.0625], [-0.1455078125], [-1.9609375], [3.921875], [2.359375], [1.8984375], [-0.890625], [-2.78125], [1.1484375], [3.828125], [-2.953125], [-2.390625], [-1.484375], [-2.1875], [2.140625], [0.259765625], [1.6484375], [2.34375], [-5.84375], [1.1484375], [1.6171875], [2.609375], [-2.109375], [2.328125]], "anthropic-harmless-base": [[-2.84375], [-8.25], [-6.96875], [-0.58984375], [-3.84375], [-1.65625], [-5.78125], [-2.796875], [-2.4375], [-0.240234375], [-2.921875], [1.6640625], [-3.25], [-7.78125], [-2.234375], [-2.296875], [-1.5859375], [-0.291015625], [-2.765625], [-4.65625], [-5.1875], [-2.625], [-2.640625], [-2.78125], [-0.90625], [-7.21875], [-2.734375], [-5.1875], [-1.9375], [-3.546875], [-3.3125], [-4.53125], [-4.125], [-2.484375], [-2.171875], [-2.015625], [-1.2578125], [-1.75], [-2.53125], [-2.3125], [-3.28125], [-5.09375], [-2.671875], [-2.171875], [-4.65625], [-8.75], [-3.734375], [-0.79296875], [-2.015625], [-0.45703125], [-1.640625], [-6.125], [-0.96484375], [-1.5859375], [-2.625], [-1.5703125], [-5.90625], [-4.21875], [-3.109375], [-5.75], [-7.03125], [-1.3671875], [-4.21875], [-9.5625], [-8.625], [-1.71875], [-2.484375], [-1.3984375], [-3.78125], [-9.0], [-3.328125], [-2.21875], [-4.21875], [-2.59375], [-7.09375], [-2.296875], [-2.4375], [-2.75], [-1.453125], [-2.453125], [-1.078125], [-2.28125], [-5.15625], [-2.375], [-2.421875], [-8.25], [-2.09375], [-3.71875], [-5.375], [-3.90625], [-2.6875], [-4.90625], [-7.3125], [-0.8515625], [-1.625], [-1.7734375], [-2.75], [-1.9140625], [-2.21875], [-0.75390625], [-1.8984375], [-5.4375], [-5.59375], [-2.796875], [-2.359375], [-2.140625], [-6.625], [-2.84375], [2.984375], [-0.21484375], [-1.2265625], [-2.21875], [-3.0], [-3.921875], [-1.2734375], [-1.8359375], [-0.72265625], [-1.75], [-3.640625], [-2.625], [-3.140625], [-2.71875], [-3.171875], [-1.796875], [-2.265625], [-1.2421875], [-8.125], [-1.859375]], "openai/webgpt_comparisons": [[-3.03125], [-2.328125], [-1.0625], [-1.3671875], [-1.8515625], [-0.0108642578125], [-1.28125], [-0.07958984375], [-1.8203125], [-3.21875], [-2.671875], [-2.984375], [1.3203125], [-2.546875], [-2.828125], [-1.4765625], [-0.70703125], [-1.7734375], [-1.9140625], [-0.515625], [-4.09375], [-2.296875], [-2.828125], [-2.03125], [-3.125], [-2.75], [-1.9140625], [-0.59765625], [-2.75], [-2.359375], [-1.4921875], [-2.515625], [-3.234375], [-2.6875], [-3.296875], [-2.796875], [-2.625], [-2.9375], [-2.90625], [-0.96484375], [-0.9140625], [-2.578125], [-2.015625], [-3.609375], [-2.671875], [-4.71875], [-2.421875], [-3.078125], [-2.25], [-1.921875], [-2.703125], [-0.71484375], [-1.828125], [-2.671875], [-2.75], [-0.419921875], [-3.21875], [-3.03125], [-2.640625], [-0.435546875], [-1.9921875], [-2.21875], [-0.1796875], [-1.6953125], [-2.8125], [-0.97265625], [-2.078125], [-1.84375], [-1.3359375], [-1.703125], [-1.4140625], [-1.4453125], [-0.90625], [1.3515625], [-0.6875], [-0.94921875], [-0.98828125], [-2.875], [-2.84375], [0.7421875], [-3.953125], [-0.84375], [-0.361328125], [-2.703125], [-3.125], [-2.6875], [-0.228515625], [-1.0546875], [-2.21875], [-2.5], [-1.8671875], [-1.984375], [-2.125], [-3.015625], [-2.921875], [-3.09375], [-2.390625], [-2.34375], [-3.078125], [-2.734375], [-1.921875], [-1.765625], [-1.84375], [-3.0], [-3.015625], [-2.25], [-2.484375], [-4.75], [-0.87109375], [-2.03125], [0.333984375], [-4.21875], [-1.3203125], [-3.046875], [-2.640625], [-2.578125], [-2.640625], [-3.265625], [-2.625], [-0.361328125], [-3.21875], [-3.34375], [-2.859375], [-2.375], [-1.9453125], [-2.953125], [-2.671875], [-1.7265625]]}
