{"anthropic-red-team": [[-2.296875], [-5.96875], [-9.6875], [-3.328125], [-2.96875], [-1.9765625], [-3.875], [-3.671875], [-4.5625], [-6.65625], [-4.96875], [-3.6875], [-2.46875], [-9.5625], [-5.65625], [-3.09375], [-2.171875], [-4.5625], [-1.9921875], [-3.53125], [-5.375], [-3.171875], [-7.53125], [-6.125], [-3.140625], [-3.796875], [-0.322265625], [-2.375], [-2.03125], [-3.796875], [-2.015625], [-3.234375], [-2.859375], [-3.6875], [-3.03125], [-5.03125], [-2.421875], [-3.703125], [-3.3125], [-3.9375], [-5.4375], [-6.3125], [-1.34375], [-2.625], [-2.8125], [-5.1875], [-2.328125], [-1.7421875], [-0.5703125], [-4.5], [-3.203125], [-8.625], [-4.09375], [-8.4375], [-3.0625], [-3.171875], [-2.921875], [-6.40625], [-4.40625], [-5.28125], [-1.859375], [-6.25], [-2.1875], [-2.890625], [-3.53125], [-3.84375], [-7.15625], [-3.734375], [-3.03125], [-2.796875], [-4.96875], [-5.9375], [-4.0625], [-2.421875], [-3.09375], [-1.890625], [-2.921875], [-1.859375], [-2.5], [-4.5625], [-6.75], [-5.96875], [-4.21875], [-4.5625], [-7.28125], [-3.828125], [-2.40625], [-2.828125], [-3.046875], [-8.8125], [-4.28125], [-5.8125], [-2.546875], [-4.8125], [-1.71875], [-5.28125], [-2.171875], [-2.5], [-7.15625], [-8.375], [-2.3125], [-2.5], [-2.53125], [-2.546875], [-5.6875], [-2.109375], [-6.84375], [-2.078125], [-3.453125], [-8.5625], [-2.21875], [-7.25], [-2.640625], [-1.9921875], [-3.234375], [-2.625], [-8.5], [-4.15625], [-8.4375], [-0.330078125], [-2.859375], [-4.75], [-3.421875], [-2.015625], [-5.0], [-7.21875], [-5.21875], [-1.8984375]], "anthropic-helpful-base": [[3.3125], [-2.40625], [-0.65234375], [-3.546875], [-0.298828125], [-2.109375], [-0.004364013671875], [-0.0634765625], [-2.0625], [2.390625], [0.06787109375], [0.90234375], [1.5703125], [0.07373046875], [-2.28125], [2.453125], [-1.4609375], [3.0], [-1.8515625], [-1.1015625], [1.609375], [0.6171875], [-1.5703125], [-1.84375], [-2.640625], [-0.61328125], [-2.984375], [1.65625], [2.71875], [1.4140625], [3.546875], [1.734375], [1.7734375], [1.125], [2.53125], [-3.71875], [-1.828125], [1.8125], [-0.2392578125], [-3.46875], [2.671875], [0.478515625], [3.578125], [0.76953125], [1.125], [1.1484375], [1.34375], [1.4921875], [3.1875], [0.87109375], [-3.25], [2.28125], [1.609375], [2.9375], [-5.03125], [1.9609375], [0.2060546875], [-1.3671875], [-0.35546875], [-1.859375], [0.87890625], [-1.625], [-2.125], [1.4921875], [-1.0703125], [2.0], [-0.7265625], [-2.125], [-1.9375], [1.0703125], [1.1171875], [-1.0546875], [-3.359375], [-2.078125], [-2.796875], [0.062255859375], [1.6875], [0.1298828125], [-1.265625], [-0.9765625], [1.3515625], [2.875], [-0.0009002685546875], [-0.53515625], [0.98828125], [0.69140625], [2.578125], [-4.03125], [0.6953125], [-2.703125], [-0.1611328125], [0.93359375], [1.9765625], [-0.32421875], [0.8203125], [2.09375], [-2.25], [0.9921875], [-0.6484375], [1.8046875], [-0.625], [-1.3828125], [-1.6953125], [1.6640625], [3.84375], [-0.30859375], [0.94140625], [1.78125], [0.37890625], [1.96875], [-0.953125], [-2.578125], [0.94921875], [3.21875], [-2.953125], [-1.5859375], [-2.296875], [-2.078125], [2.125], [-0.06396484375], [-1.1484375], [0.1220703125], [-5.53125], [1.3828125], [1.515625], [2.75], [-2.5625], [2.90625]], "anthropic-harmless-base": [[-2.015625], [-4.1875], [-6.71875], [-0.8125], [-4.75], [-8.0625], [-5.8125], [-2.890625], [-6.90625], [-1.109375], [-5.96875], [2.0625], [-5.59375], [-7.46875], [-2.90625], [-10.875], [-6.53125], [-2.234375], [-3.40625], [-5.34375], [-6.4375], [-7.59375], [-3.546875], [-5.4375], [-1.6875], [-8.0625], [-2.90625], [-5.75], [-3.265625], [-4.03125], [-4.375], [-5.59375], [-4.0625], [-4.90625], [-2.5], [-3.015625], [-6.78125], [-2.296875], [-2.15625], [-2.4375], [-3.5], [-5.15625], [-4.21875], [-10.375], [-4.15625], [-4.65625], [-3.390625], [-1.0625], [-5.21875], [-0.78125], [-8.6875], [-3.546875], [-1.984375], [-3.828125], [-3.453125], [-6.75], [-4.5], [-6.84375], [-3.03125], [-4.625], [-5.84375], [-1.671875], [-6.8125], [-10.0625], [-4.3125], [-10.125], [-4.21875], [-1.9453125], [-4.28125], [-9.1875], [-2.453125], [-5.0625], [-6.0625], [-1.9609375], [-5.3125], [-3.890625], [-10.5625], [-3.203125], [-4.5625], [-4.1875], [-5.3125], [-2.21875], [-4.90625], [-2.421875], [-3.25], [-7.625], [-8.1875], [-4.78125], [-7.09375], [-4.03125], [-1.578125], [-4.96875], [-5.90625], [-2.15625], [-4.96875], [-1.453125], [-3.09375], [-3.625], [-3.65625], [-7.0], [-1.8203125], [-5.375], [-10.6875], [-3.875], [-0.96484375], [-6.65625], [-4.875], [-3.09375], [2.140625], [-0.51171875], [-5.46875], [-6.8125], [-3.09375], [-8.0625], [-4.625], [-4.21875], [-4.75], [-7.65625], [-3.1875], [-4.21875], [-2.03125], [-4.5625], [-3.359375], [-1.71875], [-1.90625], [-5.40625], [-6.9375], [-4.125]], "openai/webgpt_comparisons": [[-2.28125], [0.2041015625], [-1.3671875], [-2.53125], [-1.9296875], [-2.203125], [-0.67578125], [-0.2734375], [-1.875], [-3.015625], [-3.109375], [-2.75], [0.64453125], [-2.5], [-3.203125], [-3.203125], [-0.75390625], [-0.2294921875], [-2.40625], [-0.4921875], [-3.78125], [-3.453125], [-0.9765625], [-0.54296875], [-3.140625], [-3.765625], [-2.21875], [-0.8671875], [-2.65625], [-2.015625], [-1.796875], [-2.375], [-1.7578125], [-0.75], [-3.296875], [-2.59375], [-2.640625], [-2.859375], [-2.09375], [-2.0625], [-2.75], [-2.515625], [-2.28125], [2.796875], [-2.09375], [-5.34375], [1.0078125], [-2.9375], [-2.640625], [-2.625], [-1.4921875], [-1.3828125], [-2.984375], [-2.078125], [-4.375], [0.271484375], [-3.109375], [-2.9375], [-2.796875], [-0.072265625], [2.0625], [-1.6015625], [-0.2578125], [-2.375], [-1.890625], [-1.3046875], [-2.0625], [-2.890625], [-2.140625], [-2.296875], [-1.734375], [-1.140625], [-1.4765625], [1.5234375], [-1.1875], [-0.97265625], [-1.7109375], [-1.28125], [-1.421875], [-0.25], [-4.1875], [-2.3125], [-0.6875], [-2.796875], [-3.015625], [-2.6875], [-2.09375], [-2.25], [-0.6484375], [-2.5625], [-1.5078125], [-1.859375], [-0.62109375], [-3.359375], [-2.0625], [-3.40625], [-1.5078125], [-2.8125], [-2.8125], [-2.828125], [-2.5625], [-2.296875], [-0.828125], [-2.625], [-2.78125], [-2.25], [-4.25], [-4.21875], [-2.21875], [-1.921875], [0.44140625], [-3.8125], [-1.1484375], [-2.640625], [-0.75], [-3.15625], [-2.5], [-2.890625], [-2.640625], [-1.6875], [-3.53125], [-2.6875], [-2.875], [-2.328125], [-4.03125], [-2.796875], [-2.546875], [1.2109375]]}
