{"anthropic-red-team": [[-2.296875], [-5.96875], [-2.859375], [-1.1953125], [-2.984375], [-2.515625], [-2.90625], [-2.265625], [-3.703125], [-6.28125], [-2.0], [-2.9375], [-2.4375], [-1.9296875], [-1.625], [-2.84375], [-2.15625], [-2.90625], [-2.0625], [-2.390625], [-5.0625], [-2.203125], [-1.90625], [-6.15625], [-1.4140625], [-4.125], [-2.953125], [-3.015625], [-3.03125], [-2.109375], [-3.71875], [-3.640625], [-3.453125], [-3.671875], [-3.71875], [-4.34375], [-2.390625], [-2.5], [-2.265625], [-4.90625], [-7.65625], [-2.21875], [-0.1533203125], [-2.84375], [-2.765625], [-5.03125], [-1.9375], [-1.953125], [0.25390625], [-3.46875], [-5.65625], [-3.078125], [-3.921875], [-1.8203125], [-1.0625], [-2.140625], [-2.6875], [-3.765625], [-1.375], [-5.90625], [-1.6015625], [-6.34375], [-2.59375], [-1.8515625], [-3.265625], [-6.5], [-3.296875], [-2.03125], [-2.75], [-2.625], [-2.890625], [-1.7890625], [-4.4375], [-5.46875], [-2.5], [-1.921875], [-3.03125], [-4.5], [-2.484375], [-4.21875], [-7.125], [-5.03125], [-5.4375], [-5.25], [-7.125], [-3.5625], [-1.78125], [0.306640625], [-1.9609375], [-9.5], [-3.296875], [-2.921875], [-0.84765625], [-7.84375], [-3.546875], [-1.984375], [-2.1875], [-2.203125], [-2.3125], [-2.25], [-2.21875], [-2.640625], [-1.734375], [-1.6015625], [-1.6484375], [-2.0], [-1.9453125], [-2.328125], [-2.421875], [-9.3125], [-3.0625], [-7.8125], [-2.953125], [-1.890625], [-2.609375], [-2.390625], [-10.875], [-4.09375], [-2.359375], [-1.6796875], [-2.875], [-2.640625], [-2.078125], [-2.203125], [-3.703125], [-1.734375], [-5.53125], [-1.109375]], "anthropic-helpful-base": [[2.921875], [1.390625], [1.671875], [-3.09375], [-2.453125], [-0.375], [-0.169921875], [0.49609375], [-1.953125], [2.515625], [-0.1455078125], [1.3515625], [1.1640625], [0.58203125], [-2.28125], [2.6875], [-0.83984375], [3.09375], [0.1259765625], [-0.60546875], [1.7578125], [1.1953125], [0.5859375], [-3.734375], [-1.6953125], [0.30078125], [-4.1875], [1.265625], [3.28125], [2.796875], [2.453125], [2.796875], [1.6640625], [-0.10791015625], [1.9609375], [-3.390625], [-1.375], [2.65625], [-0.263671875], [-2.65625], [1.6875], [0.6875], [3.46875], [0.90625], [1.3984375], [1.671875], [1.4765625], [0.93359375], [3.1875], [1.5703125], [-2.875], [2.921875], [1.8984375], [2.765625], [-5.15625], [1.6953125], [0.421875], [-2.53125], [2.15625], [-2.984375], [1.1015625], [-1.8203125], [0.93359375], [2.8125], [-1.0390625], [2.25], [-0.1484375], [0.455078125], [1.6796875], [0.7890625], [-0.4609375], [-1.0546875], [-3.546875], [3.421875], [-1.859375], [1.421875], [1.890625], [0.1640625], [-0.94140625], [-0.98046875], [1.40625], [3.390625], [0.76171875], [2.640625], [1.03125], [2.359375], [2.671875], [-1.9609375], [0.1611328125], [-2.640625], [-0.396484375], [0.6796875], [2.21875], [0.1689453125], [0.8671875], [1.7890625], [-2.171875], [1.09375], [-0.515625], [1.421875], [-0.30078125], [0.357421875], [1.40625], [1.7265625], [3.890625], [-0.380859375], [1.234375], [1.609375], [2.40625], [2.125], [-1.2421875], [-2.453125], [0.98828125], [3.859375], [-2.34375], [-1.390625], [-1.2890625], [2.109375], [-1.109375], [-0.4140625], [1.7421875], [1.609375], [-6.09375], [1.2890625], [1.0625], [3.046875], [0.703125], [2.046875]], "anthropic-harmless-base": [[-1.921875], [-2.640625], [-6.28125], [-0.79296875], [-2.078125], [-1.8046875], [-5.96875], [-2.734375], [-7.1875], [-0.9375], [-5.40625], [0.79296875], [-2.578125], [-7.59375], [-4.40625], [-11.875], [-1.5625], [-0.130859375], [-2.515625], [-2.046875], [-2.890625], [-1.8671875], [-1.6328125], [-5.4375], [-1.625], [-1.6640625], [-2.578125], [-6.625], [-1.984375], [-2.921875], [-3.53125], [-5.4375], [-4.1875], [-2.359375], [-2.390625], [-2.375], [-3.703125], [-1.8359375], [-1.5859375], [-2.3125], [-1.609375], [-1.546875], [-2.609375], [-9.125], [-3.734375], [-3.21875], [-2.34375], [-1.9609375], [-2.140625], [-0.703125], [-0.98046875], [-2.5], [-1.3359375], [-3.984375], [-2.609375], [-5.75], [-5.75], [-5.4375], [-2.90625], [-6.59375], [-6.34375], [-3.078125], [-3.78125], [-2.5], [-7.75], [-11.625], [-3.046875], [-1.765625], [-2.5], [-10.0625], [-3.90625], [-5.15625], [-3.484375], [-2.3125], [-1.7890625], [-2.4375], [-2.296875], [-2.703125], [-1.8984375], [-2.984375], [-2.8125], [-2.203125], [-6.03125], [-2.5], [-2.265625], [-8.875], [-2.890625], [-2.296875], [-4.3125], [-4.03125], [-2.375], [-5.625], [-3.234375], [-1.140625], [-5.9375], [-1.25], [-3.328125], [-6.4375], [-3.34375], [-0.60546875], [-1.8046875], [-5.625], [-10.5], [-2.53125], [0.94140625], [-2.140625], [-7.0], [-1.9765625], [2.46875], [-0.326171875], [-1.7578125], [-2.296875], [-2.90625], [-3.890625], [-2.578125], [-9.3125], [-0.236328125], [-1.3671875], [-3.8125], [-3.5625], [-2.78125], [-1.984375], [-2.046875], [-6.53125], [-2.546875], [-2.796875], [-7.4375], [-2.046875]], "openai/webgpt_comparisons": [[-1.28125], [0.296875], [-1.078125], [-1.1640625], [-1.421875], [0.00121307373046875], [-0.91796875], [0.435546875], [-2.234375], [-3.296875], [-3.03125], [-2.8125], [1.0859375], [-2.5625], [-2.6875], [-2.421875], [0.4296875], [-0.259765625], [-1.6640625], [-2.71875], [-5.28125], [-2.359375], [-2.546875], [-2.09375], [-3.234375], [-3.75], [-1.8359375], [-1.0234375], [-2.296875], [-2.125], [-1.921875], [-2.265625], [-1.3046875], [-2.59375], [-3.0], [-2.4375], [-2.65625], [-2.75], [-1.6484375], [-1.8203125], [-2.28125], [-2.453125], [-1.8359375], [2.71875], [-2.84375], [-5.03125], [-2.609375], [-2.53125], [-2.453125], [-2.3125], [-2.640625], [-0.734375], [-2.828125], [-2.546875], [-2.90625], [-0.54296875], [-3.125], [-2.953125], [-2.78125], [-0.625], [-2.53125], [-2.328125], [0.392578125], [-2.265625], [-2.765625], [-1.296875], [-2.046875], [-2.484375], [-0.765625], [-2.40625], [-1.34375], [-1.2109375], [-1.578125], [1.3359375], [-2.609375], [-0.474609375], [-1.65625], [-1.0546875], [-1.21875], [-2.4375], [-3.828125], [-1.0234375], [-0.625], [-2.796875], [-2.953125], [-1.015625], [-2.1875], [-2.625], [-0.2890625], [-2.546875], [-0.2392578125], [-2.140625], [-2.828125], [-3.1875], [-2.53125], [-3.421875], [-2.421875], [-2.65625], [-3.171875], [-2.90625], [-2.8125], [-1.890625], [-0.380859375], [-1.6953125], [-3.046875], [-2.21875], [-2.984375], [-4.4375], [-2.234375], [-1.59375], [0.83984375], [-3.78125], [-1.4765625], [-2.765625], [-2.59375], [-2.765625], [-1.8125], [-3.3125], [-2.640625], [-1.3125], [-3.28125], [-3.078125], [-2.8125], [-2.0], [-4.125], [-2.765625], [-0.25390625], [1.8359375]]}
