{"anthropic-red-team": [[-1.78125], [-6.375], [-1.515625], [-4.125], [-2.78125], [-4.875], [-3.390625], [-2.015625], [-4.5625], [-6.34375], [-2.046875], [-3.1875], [-3.65625], [-3.75], [-5.25], [-2.265625], [-2.03125], [-4.40625], [-1.984375], [-3.234375], [-3.59375], [-9.4375], [-2.1875], [-1.21875], [-1.2265625], [-1.6953125], [0.70703125], [-10.0625], [-0.8828125], [-2.09375], [-7.375], [-3.890625], [-2.75], [-3.859375], [-3.4375], [-6.03125], [-2.40625], [-2.328125], [-4.1875], [-3.109375], [-7.75], [-2.421875], [-0.578125], [-2.4375], [-2.8125], [-5.875], [-1.7578125], [-1.484375], [-0.69921875], [-3.5625], [-1.8984375], [-3.015625], [-3.921875], [-4.75], [-2.671875], [-2.1875], [-2.6875], [-6.15625], [-6.9375], [-1.5859375], [-1.21875], [-2.75], [-2.171875], [-1.34375], [-2.765625], [-5.96875], [-3.515625], [-4.875], [-3.03125], [-2.328125], [-6.03125], [-2.6875], [-2.328125], [-7.25], [-2.5], [-1.921875], [-2.640625], [-5.78125], [-2.484375], [-2.3125], [-6.6875], [-3.109375], [-4.9375], [-7.21875], [-9.3125], [-1.3125], [-1.3125], [-2.546875], [-6.34375], [-9.5], [-3.171875], [-7.46875], [-2.421875], [-4.15625], [-1.96875], [-2.375], [-1.328125], [-4.46875], [-1.5703125], [-2.359375], [-2.3125], [-2.640625], [-4.78125], [-1.796875], [-1.8359375], [-2.0625], [-5.71875], [-1.8828125], [-2.21875], [-2.734375], [-2.546875], [-7.34375], [-2.796875], [-1.984375], [-3.03125], [-2.46875], [-10.5625], [-4.125], [-1.7734375], [-2.03125], [-2.84375], [-4.875], [-3.40625], [-5.1875], [-2.5], [-2.046875], [-5.84375], [-1.53125]], "anthropic-helpful-base": [[2.84375], [-2.453125], [1.21875], [-3.640625], [-1.6171875], [-2.453125], [0.56640625], [-0.255859375], [-1.953125], [2.4375], [-0.099609375], [0.921875], [0.796875], [0.365234375], [-2.171875], [3.015625], [-1.3671875], [2.765625], [-0.4921875], [-1.09375], [1.1484375], [-0.44140625], [0.52734375], [-3.375], [-2.703125], [-0.5859375], [-4.0625], [0.1630859375], [0.65234375], [2.546875], [3.515625], [2.453125], [1.9921875], [0.84375], [2.875], [-2.765625], [-1.828125], [2.578125], [-0.33984375], [-2.46875], [2.4375], [1.5703125], [2.4375], [1.0625], [2.03125], [1.6796875], [0.95703125], [1.2734375], [3.78125], [1.2734375], [-2.953125], [-2.875], [1.4921875], [2.734375], [-4.84375], [0.83984375], [0.59375], [-2.734375], [2.046875], [-2.1875], [0.76171875], [-1.6640625], [1.0390625], [-2.34375], [-0.072265625], [1.890625], [-0.1015625], [-2.078125], [-1.8125], [0.353515625], [-2.703125], [-1.046875], [-3.09375], [3.53125], [-2.375], [2.65625], [1.2421875], [-0.447265625], [-0.91015625], [-1.0546875], [0.86328125], [3.484375], [0.421875], [-1.5390625], [0.99609375], [1.7421875], [2.359375], [-4.21875], [0.5625], [-2.671875], [-0.2275390625], [1.3203125], [1.9140625], [-0.16796875], [0.7734375], [0.67578125], [-2.125], [1.4609375], [-0.57421875], [1.6328125], [-1.375], [-1.3828125], [-1.25], [1.859375], [3.640625], [-0.431640625], [0.91796875], [3.515625], [-1.5078125], [2.140625], [-1.3125], [-2.09375], [0.734375], [3.515625], [-2.765625], [-1.71875], [-1.78125], [-2.171875], [2.0625], [-0.2412109375], [1.734375], [1.828125], [-6.15625], [1.6484375], [1.2421875], [2.171875], [-1.484375], [0.216796875]], "anthropic-harmless-base": [[-1.875], [-2.265625], [-1.5], [-8.5625], [-1.8125], [-8.9375], [-5.53125], [-2.796875], [-8.1875], [-1.0703125], [-5.28125], [0.6171875], [-5.375], [-7.75], [-2.46875], [-10.5], [-1.6484375], [-1.421875], [-3.21875], [-4.125], [-6.5], [-8.4375], [-1.8203125], [-6.34375], [-4.15625], [-9.125], [-1.765625], [-5.5], [-2.125], [-2.984375], [-4.1875], [-5.1875], [-4.96875], [-2.421875], [-2.921875], [-1.875], [-6.75], [-2.046875], [-1.9453125], [-2.28125], [-2.03125], [-5.0], [-2.796875], [-4.0], [-3.515625], [-5.71875], [-2.75], [-1.1328125], [-2.796875], [-1.09375], [-1.703125], [-4.8125], [-1.890625], [-4.78125], [-2.25], [-7.34375], [-6.09375], [-4.09375], [-2.921875], [-5.3125], [-1.5390625], [-1.6015625], [-5.46875], [-6.78125], [-5.25], [-1.921875], [-5.875], [-1.125], [-2.6875], [-10.1875], [-2.453125], [-4.71875], [-2.578125], [-2.46875], [-6.4375], [-2.1875], [-9.6875], [-2.8125], [-1.71875], [-4.34375], [-5.28125], [-2.25], [-1.828125], [-1.7421875], [-2.203125], [-8.3125], [-9.25], [-3.8125], [-4.59375], [-4.1875], [-2.65625], [-5.09375], [-6.25], [-1.921875], [-6.3125], [-1.6328125], [-2.25], [-4.78125], [-3.578125], [-0.80859375], [-2.734375], [-3.875], [-10.3125], [-2.859375], [-1.5625], [-4.6875], [-2.28125], [-2.984375], [2.96875], [-0.4609375], [-4.125], [-1.3359375], [-2.5625], [-9.1875], [-2.46875], [-5.71875], [-4.6875], [-1.46875], [-4.375], [-1.6953125], [-3.96875], [-2.890625], [-3.25], [-1.6484375], [-3.0], [-4.90625], [-8.25], [-1.7890625]], "openai/webgpt_comparisons": [[-1.3515625], [0.423828125], [-1.515625], [-2.46875], [-2.53125], [-0.2265625], [-2.65625], [0.63671875], [-2.375], [-3.015625], [-2.78125], [-2.640625], [1.3046875], [-1.5390625], [-2.4375], [-2.234375], [-0.57421875], [-1.9765625], [-3.359375], [-2.6875], [-4.125], [-2.609375], [-2.3125], [-2.546875], [-0.333984375], [-3.96875], [-1.3671875], [-0.78125], [-2.375], [-2.015625], [-1.609375], [-2.09375], [-1.2578125], [-2.671875], [-3.125], [-2.625], [-2.515625], [-2.796875], [-0.0732421875], [-1.640625], [-2.59375], [-2.5625], [-2.078125], [1.453125], [-2.859375], [-4.90625], [0.9609375], [-2.4375], [-2.46875], [-3.109375], [-1.2265625], [-2.5625], [-2.625], [-1.953125], [-2.03125], [-0.53125], [-2.8125], [-2.328125], [-2.453125], [-0.921875], [-2.34375], [-1.09375], [-0.3671875], [-2.484375], [-2.671875], [-0.376953125], [-1.8828125], [-2.328125], [-0.57421875], [-1.6796875], [-1.328125], [-1.296875], [-0.7578125], [1.3125], [-2.140625], [-2.875], [-2.53125], [-3.265625], [-0.75390625], [-0.255859375], [-3.984375], [-2.84375], [-0.224609375], [-2.390625], [-2.765625], [-2.40625], [-2.15625], [-2.34375], [-0.7578125], [-2.734375], [-0.474609375], [-2.125], [-1.046875], [-2.53125], [-1.4296875], [-3.015625], [-2.421875], [-1.3125], [-2.75], [-2.296875], [-1.5625], [-2.15625], [-1.1796875], [-3.0], [-2.703125], [-2.8125], [-2.859375], [-4.34375], [-2.203125], [-2.046875], [0.984375], [-3.984375], [-1.0078125], [-2.578125], [-0.1630859375], [-3.34375], [-2.359375], [-1.203125], [-2.359375], [-1.4765625], [-3.296875], [-2.921875], [-2.9375], [-2.9375], [-3.84375], [-2.53125], [-2.484375], [1.2890625]]}
