{"anthropic-red-team": [[-2.28125], [-6.46875], [-1.421875], [-3.359375], [-2.625], [-1.8359375], [-1.859375], [-2.140625], [-5.0], [-6.5625], [-2.0], [-2.34375], [-2.21875], [-1.65625], [-5.15625], [-2.25], [-2.140625], [-3.921875], [-1.9921875], [-2.5625], [-3.796875], [-2.515625], [-2.203125], [-1.65625], [-1.5390625], [-1.5625], [0.9609375], [-2.171875], [-3.28125], [-2.109375], [-2.15625], [-3.109375], [-3.453125], [-3.671875], [-3.734375], [-5.625], [-2.34375], [-2.34375], [-4.3125], [-3.1875], [-9.375], [-2.4375], [-1.953125], [-2.859375], [-2.6875], [-5.34375], [-1.9453125], [-1.5546875], [0.1357421875], [-4.1875], [-1.3984375], [-2.90625], [-3.84375], [-1.3515625], [-2.3125], [-3.34375], [-2.46875], [-5.8125], [-1.3984375], [-2.0625], [-1.1796875], [-2.015625], [-2.171875], [-1.5703125], [-2.6875], [-5.75], [-3.046875], [-5.1875], [-2.234375], [-2.625], [-2.359375], [-2.6875], [-2.328125], [-2.453125], [-2.875], [-1.71875], [-2.296875], [-2.34375], [-2.484375], [-2.703125], [-7.03125], [-3.3125], [-4.65625], [-6.3125], [-8.375], [-2.859375], [-1.1171875], [-2.015625], [-1.8984375], [-9.25], [-3.390625], [-8.125], [-2.65625], [-1.3046875], [-1.9609375], [-2.34375], [-1.25], [-2.203125], [-1.7109375], [-2.015625], [-2.078125], [-2.640625], [-1.765625], [-3.578125], [-1.828125], [-1.8671875], [-1.7734375], [-1.7109375], [-2.375], [-8.625], [-1.96875], [-8.1875], [-2.296875], [-2.0625], [-3.03125], [-2.265625], [-10.625], [-3.484375], [-1.53125], [-1.9765625], [-2.40625], [-3.75], [-3.421875], [-2.5625], [-2.09375], [-1.34375], [-4.5], [-1.1953125]], "anthropic-helpful-base": [[2.75], [-2.421875], [0.55859375], [-3.328125], [-2.625], [-2.203125], [-0.271484375], [-0.265625], [-1.890625], [2.78125], [-0.0703125], [1.0], [0.87890625], [0.326171875], [-2.296875], [3.0625], [-1.3046875], [3.296875], [-0.44921875], [-0.953125], [1.5], [-0.8984375], [0.02490234375], [-0.63671875], [-2.953125], [-0.494140625], [-2.109375], [1.375], [2.546875], [2.890625], [2.625], [2.78125], [1.796875], [0.8515625], [3.203125], [-3.390625], [-1.8671875], [2.5625], [-0.00946044921875], [-3.6875], [1.984375], [1.9140625], [3.078125], [1.4140625], [1.6328125], [1.6171875], [0.78125], [1.140625], [3.046875], [1.5390625], [-3.171875], [3.09375], [1.5390625], [2.875], [-5.09375], [1.6171875], [0.263671875], [-1.0703125], [2.375], [-3.015625], [0.58984375], [-1.546875], [0.0693359375], [-1.625], [0.19921875], [1.4921875], [-0.232421875], [0.5], [-1.765625], [1.140625], [-0.1513671875], [-1.046875], [-2.53125], [4.34375], [-2.078125], [3.25], [2.65625], [-2.90625], [-0.8515625], [-0.87109375], [0.66796875], [3.1875], [-2.453125], [2.109375], [0.859375], [1.9921875], [2.3125], [-3.28125], [0.921875], [-2.640625], [-0.50390625], [1.3671875], [2.953125], [0.0859375], [1.1328125], [0.0361328125], [-2.046875], [1.9609375], [-0.412109375], [1.640625], [-0.671875], [-2.15625], [0.318359375], [1.859375], [3.546875], [-0.384765625], [1.734375], [-0.80078125], [-1.3125], [1.8828125], [-1.796875], [-2.625], [1.078125], [3.53125], [-1.8046875], [-1.3125], [-0.97265625], [2.21875], [-1.71875], [0.040771484375], [0.7109375], [-0.8046875], [-5.5625], [1.1796875], [-1.1796875], [2.765625], [-2.578125], [2.734375]], "anthropic-harmless-base": [[-1.96875], [-2.3125], [-1.5], [-0.63671875], [-1.8359375], [-1.90625], [-5.8125], [-2.890625], [-2.96875], [-1.1328125], [-5.5], [1.90625], [-2.21875], [-1.5703125], [-2.46875], [-1.9453125], [-1.65625], [-2.25], [-1.7578125], [-1.6015625], [-5.3125], [-2.015625], [-1.453125], [-7.125], [-1.15625], [-1.4140625], [-2.890625], [-6.1875], [-2.25], [-1.8359375], [-4.03125], [-5.1875], [-3.984375], [-2.4375], [-3.375], [-5.0], [-3.828125], [-2.1875], [-2.484375], [-2.28125], [-1.4453125], [-4.96875], [-4.25], [-4.4375], [-4.3125], [-1.3984375], [-1.90625], [-1.125], [-1.6953125], [-0.91796875], [-1.7109375], [-1.546875], [-1.1875], [-2.484375], [-1.3515625], [-8.0], [-2.34375], [-4.03125], [-2.78125], [-2.546875], [-1.71875], [-1.3125], [-3.890625], [-1.7421875], [-5.6875], [-1.9765625], [-2.171875], [-1.90625], [-4.875], [-9.6875], [-3.78125], [-5.0], [-2.5625], [-2.53125], [-1.3984375], [-4.71875], [-9.3125], [-2.6875], [-4.4375], [-2.953125], [-2.8125], [-1.6953125], [-5.03125], [-2.03125], [-2.65625], [-8.25], [-2.328125], [-2.34375], [-4.34375], [-3.921875], [-2.359375], [-5.34375], [-2.640625], [-2.125], [-1.6953125], [-1.578125], [-2.234375], [-5.0625], [-2.390625], [-0.71484375], [-1.46875], [-5.46875], [-10.25], [-2.421875], [1.2890625], [-6.4375], [-6.625], [-1.765625], [-1.53125], [-1.6796875], [-3.671875], [-1.7734375], [-2.90625], [-8.625], [-1.109375], [-5.375], [-4.6875], [-1.6953125], [-1.796875], [-1.84375], [-2.1875], [-3.171875], [-1.375], [-1.734375], [-2.078125], [-2.703125], [-7.6875], [-1.7734375]], "openai/webgpt_comparisons": [[-2.53125], [0.248046875], [-2.609375], [-2.703125], [-2.5625], [-1.8203125], [-0.46484375], [-2.796875], [-2.015625], [-3.03125], [-2.828125], [-2.78125], [0.703125], [-2.25], [-2.5625], [-2.0], [0.546875], [-2.34375], [-2.59375], [-0.404296875], [-5.71875], [-2.5625], [-2.53125], [-2.265625], [-2.484375], [-2.96875], [-2.125], [-0.98046875], [-2.421875], [-2.203125], [-1.484375], [-2.421875], [-1.34375], [-2.546875], [-3.328125], [-2.328125], [-2.234375], [-2.71875], [-1.8125], [-1.4765625], [-2.84375], [-2.46875], [-1.7265625], [-1.453125], [-2.265625], [-4.9375], [1.015625], [-2.515625], [-2.203125], [-1.0859375], [-2.640625], [-1.3046875], [-2.65625], [-2.078125], [-2.0625], [0.14453125], [-2.984375], [-2.46875], [-2.71875], [-0.81640625], [-1.9921875], [-2.390625], [0.0277099609375], [-2.390625], [-2.828125], [-1.25], [-2.0], [-2.671875], [-1.65625], [-0.43359375], [-2.4375], [-1.3671875], [-2.578125], [1.03125], [-2.71875], [-0.5234375], [-2.28125], [-3.0], [-0.7890625], [-0.0703125], [-4.1875], [-1.09375], [-0.6171875], [-2.203125], [-1.578125], [-2.390625], [-1.9296875], [-2.90625], [-2.3125], [-2.546875], [-0.3046875], [-2.109375], [-1.109375], [-2.71875], [-2.109375], [-3.109375], [-2.953125], [-1.9375], [-2.890625], [-2.390625], [-2.046875], [-1.7734375], [-0.8984375], [-3.125], [-2.765625], [-2.3125], [-2.046875], [-4.0625], [-1.8125], [-2.0], [-0.08056640625], [-3.875], [-1.6171875], [-2.765625], [-0.71875], [-3.203125], [-2.6875], [-2.9375], [-2.625], [-1.5703125], [-3.265625], [-3.0625], [-3.296875], [-2.21875], [-3.1875], [-2.6875], [-2.171875], [1.75]]}
