{"anthropic-red-team": [[-2.015625], [-5.8125], [-1.859375], [-3.984375], [-2.75], [-1.9296875], [-1.703125], [-2.078125], [-4.53125], [-6.625], [-1.6328125], [-2.359375], [-3.640625], [-3.25], [-5.0625], [-2.390625], [-2.15625], [-4.5625], [-1.796875], [-2.265625], [-3.59375], [-2.6875], [-2.625], [-1.6875], [-2.046875], [-1.6015625], [0.0849609375], [-2.625], [-3.03125], [-2.140625], [-1.9609375], [-4.59375], [-2.96875], [-3.828125], [-2.921875], [-6.34375], [-2.40625], [-2.84375], [-2.765625], [-3.359375], [-8.5625], [-2.484375], [-1.625], [-2.59375], [-2.625], [-4.75], [-3.734375], [-1.484375], [-2.0], [-4.125], [-2.09375], [-3.03125], [-4.0625], [-1.90625], [-2.3125], [-3.375], [-2.6875], [-6.5625], [-1.3671875], [-2.015625], [-1.703125], [-5.90625], [-2.71875], [-2.375], [-2.78125], [-5.84375], [-4.125], [-2.265625], [-2.03125], [-2.15625], [-2.5625], [-3.5], [-2.421875], [-2.359375], [-2.90625], [-1.7421875], [-2.46875], [-6.125], [-2.484375], [-4.28125], [-7.125], [-3.15625], [-4.3125], [-5.84375], [-9.3125], [-3.078125], [-1.734375], [-2.28125], [-3.015625], [-8.625], [-3.9375], [-2.8125], [-2.59375], [-2.296875], [-2.171875], [-2.390625], [-2.171875], [-4.25], [-1.6953125], [-2.6875], [-2.28125], [-2.625], [-2.515625], [-2.203125], [-2.375], [-1.890625], [-3.046875], [-1.9296875], [-2.421875], [-8.25], [-2.40625], [-7.1875], [-2.96875], [-1.96875], [-2.578125], [-2.328125], [-10.3125], [-3.984375], [-1.8984375], [-1.953125], [-2.84375], [-5.78125], [-5.375], [-2.015625], [-2.921875], [-2.265625], [-4.5], [-1.7265625]], "anthropic-helpful-base": [[3.25], [-3.09375], [0.28125], [-3.421875], [-2.390625], [-2.578125], [0.359375], [-0.2578125], [-1.8671875], [2.84375], [-2.203125], [1.328125], [1.15625], [0.326171875], [-2.171875], [2.953125], [-0.953125], [3.28125], [0.447265625], [-0.84375], [0.64453125], [-0.95703125], [0.1484375], [-1.5234375], [-3.578125], [-0.490234375], [-4.0625], [0.55078125], [3.265625], [2.609375], [2.953125], [2.078125], [1.796875], [0.31640625], [3.1875], [-3.59375], [-1.515625], [2.40625], [-0.201171875], [-2.828125], [1.828125], [1.2890625], [-2.4375], [1.2265625], [2.078125], [1.6015625], [0.6953125], [0.828125], [3.34375], [0.76953125], [-2.703125], [2.75], [1.671875], [2.78125], [-5.0625], [0.86328125], [0.59765625], [-1.390625], [0.2119140625], [-2.15625], [0.7734375], [-2.78125], [0.9609375], [-0.4609375], [0.33984375], [1.390625], [-0.375], [0.2373046875], [1.0], [1.3359375], [-0.65625], [-1.0546875], [-0.6796875], [3.8125], [-2.15625], [0.83984375], [2.28125], [-0.5], [-1.5234375], [-1.078125], [1.3359375], [2.84375], [0.78125], [-2.390625], [0.91015625], [2.046875], [2.578125], [-3.90625], [0.671875], [-2.703125], [-0.498046875], [1.0546875], [1.90625], [-0.224609375], [-2.25], [-0.49609375], [-2.390625], [-0.48046875], [-0.67578125], [0.294921875], [-1.375], [0.220703125], [-0.375], [1.7734375], [3.5625], [-0.609375], [0.6015625], [2.953125], [-1.8984375], [1.796875], [-1.1796875], [-2.046875], [0.73046875], [2.921875], [-2.484375], [-1.28125], [-1.9375], [1.8515625], [1.6875], [-0.3046875], [1.15625], [0.443359375], [-4.75], [1.21875], [-0.64453125], [3.046875], [-1.4765625], [-1.1171875]], "anthropic-harmless-base": [[-1.8828125], [-2.640625], [-6.15625], [-1.15625], [-2.25], [-8.6875], [-2.78125], [-2.8125], [-3.40625], [-1.203125], [-3.96875], [1.1640625], [-6.09375], [-6.875], [-2.515625], [-11.0625], [-6.65625], [-1.8046875], [-2.578125], [-1.703125], [-5.0625], [-2.453125], [-2.21875], [-5.25], [-1.6640625], [-7.28125], [-2.890625], [-6.0], [-2.859375], [-2.4375], [-5.0], [-5.03125], [-3.765625], [-2.453125], [-3.140625], [-2.015625], [-7.0625], [-2.28125], [-2.53125], [-2.359375], [-1.9296875], [-5.5], [-1.9921875], [-3.234375], [-4.28125], [-1.75], [-3.65625], [-1.1953125], [-4.03125], [-0.78125], [-2.40625], [-5.5625], [-2.015625], [-4.75], [-1.5234375], [-7.4375], [-1.9921875], [-4.3125], [-2.921875], [-2.953125], [-1.84375], [-1.6328125], [-3.9375], [-3.390625], [-7.53125], [-2.25], [-2.484375], [-1.796875], [-3.078125], [-9.375], [-2.46875], [-4.875], [-3.5], [-1.6640625], [-1.7265625], [-2.28125], [-10.1875], [-2.765625], [-1.7109375], [-2.640625], [-4.84375], [-1.8046875], [-2.421875], [-2.265625], [-2.125], [-7.96875], [-2.4375], [-3.90625], [-4.96875], [-4.0], [-2.640625], [-6.125], [-7.21875], [-2.171875], [-1.6796875], [-1.6015625], [-3.203125], [-2.515625], [-4.1875], [-0.7734375], [-1.984375], [-3.828125], [-9.9375], [-2.5625], [-2.203125], [-6.21875], [-6.59375], [-2.09375], [-2.203125], [-0.18359375], [-5.4375], [-1.765625], [-3.578125], [-2.359375], [-2.71875], [-4.625], [-4.5], [-2.078125], [-2.015625], [-1.84375], [-2.109375], [-2.9375], [-2.75], [-2.390625], [-1.7421875], [-1.859375], [-7.375], [-2.28125]], "openai/webgpt_comparisons": [[-2.859375], [0.50390625], [-3.078125], [-2.515625], [-2.609375], [-0.51953125], [-0.4453125], [-1.3515625], [-1.9375], [-3.0], [-3.03125], [-2.796875], [1.015625], [-2.328125], [-2.578125], [-2.46875], [0.5], [-0.4453125], [-2.546875], [-1.03125], [-3.84375], [-2.515625], [-2.4375], [-2.59375], [-3.46875], [-3.546875], [-2.125], [-0.76953125], [-2.671875], [-2.234375], [-1.4921875], [-2.640625], [-1.1328125], [-2.09375], [-3.328125], [-3.1875], [-2.40625], [-2.734375], [-2.0], [-1.96875], [-2.578125], [-2.4375], [-1.9921875], [2.15625], [-2.5625], [-4.625], [-2.4375], [-2.6875], [-2.28125], [-1.4453125], [-2.421875], [-0.9765625], [-1.8828125], [-2.875], [-2.171875], [-0.12890625], [-3.0], [-2.484375], [-2.734375], [-0.80859375], [-2.09375], [-1.765625], [-0.0693359375], [-2.25], [-2.625], [-1.0], [-2.015625], [-2.71875], [-0.796875], [-2.0625], [-1.9609375], [-1.484375], [-2.75], [-2.734375], [-2.875], [-1.015625], [-2.578125], [-3.0625], [-1.0390625], [-2.46875], [-4.03125], [-1.78125], [-0.234375], [-2.921875], [-2.84375], [-1.7734375], [-2.078125], [-3.71875], [-2.359375], [-2.578125], [-0.1845703125], [-2.09375], [-2.515625], [-2.640625], [-2.515625], [-3.3125], [-2.75], [-1.421875], [-2.859375], [-2.40625], [-2.140625], [-2.4375], [-1.3515625], [-2.9375], [-2.734375], [-2.359375], [-2.9375], [-3.5625], [-1.921875], [-1.78125], [0.10888671875], [-2.203125], [-1.8125], [-2.734375], [-2.625], [-2.671875], [-2.6875], [-2.8125], [-2.625], [-1.765625], [-3.5625], [-1.828125], [-2.40625], [-1.9765625], [-3.34375], [-2.875], [-2.5], [1.71875]]}
