{"anthropic-red-team": [[-2.296875], [-5.65625], [-2.0625], [-4.25], [-2.828125], [-2.859375], [-2.484375], [-4.53125], [-4.25], [-6.09375], [-1.6171875], [-2.34375], [-1.7578125], [-3.953125], [-7.53125], [-4.59375], [-2.171875], [-2.71875], [-1.9921875], [-2.65625], [-3.953125], [-2.5], [-1.9921875], [-5.375], [-1.234375], [-3.953125], [0.921875], [-3.375], [-3.09375], [-2.109375], [-4.0], [-3.625], [-3.4375], [-3.6875], [-3.15625], [-4.46875], [-2.390625], [-2.34375], [-5.03125], [-5.3125], [-1.7109375], [-3.046875], [-1.5859375], [-2.421875], [-2.84375], [-5.40625], [-2.265625], [-2.859375], [-0.140625], [-4.5], [-4.0625], [-3.828125], [-3.90625], [-3.453125], [-1.59375], [-2.46875], [-2.375], [-6.34375], [-1.28125], [-1.5703125], [-1.890625], [-2.71875], [-4.53125], [-2.0], [-2.515625], [-5.8125], [-3.21875], [-2.25], [-2.734375], [-2.03125], [-2.890625], [-2.9375], [-3.125], [-7.53125], [-2.40625], [-2.0625], [-2.375], [-4.25], [-2.296875], [-2.15625], [-3.046875], [-3.234375], [-4.6875], [-7.1875], [-7.5], [-2.921875], [-3.453125], [0.3671875], [-3.1875], [-1.75], [-3.09375], [-4.84375], [-0.020263671875], [-2.4375], [-1.9453125], [-1.984375], [-2.1875], [-3.875], [-1.6171875], [-6.625], [-1.515625], [-2.640625], [-1.734375], [-1.859375], [-1.5859375], [-1.890625], [-1.5390625], [-1.5625], [-2.703125], [-7.8125], [-2.234375], [-7.5], [-3.046875], [-1.984375], [-2.875], [-2.28125], [-11.0], [-4.0625], [-2.890625], [-0.10107421875], [-2.84375], [-2.625], [-5.125], [-3.34375], [-6.75], [-1.5546875], [-4.59375], [-1.1015625]], "anthropic-helpful-base": [[2.65625], [-2.46875], [1.5546875], [-2.6875], [0.02294921875], [0.15625], [-0.04052734375], [-0.2119140625], [-1.71875], [2.640625], [-0.232421875], [1.09375], [1.2890625], [0.81640625], [-2.28125], [2.9375], [-1.1875], [2.203125], [-2.984375], [-1.0625], [1.3828125], [-0.416015625], [0.6953125], [-3.6875], [-2.28125], [0.5], [-3.03125], [0.5234375], [2.234375], [2.5625], [3.65625], [2.65625], [1.5859375], [0.93359375], [2.9375], [-3.15625], [-0.52734375], [2.84375], [-0.053955078125], [-3.078125], [2.671875], [-0.94921875], [3.359375], [0.75], [1.046875], [1.546875], [1.0859375], [0.88671875], [3.515625], [1.3359375], [-2.78125], [2.828125], [1.1484375], [2.796875], [-4.96875], [1.796875], [1.1015625], [-1.0390625], [2.015625], [-2.0625], [1.203125], [-1.71875], [1.5546875], [2.625], [0.27734375], [1.8671875], [-0.265625], [0.87109375], [0.0908203125], [1.1484375], [0.032958984375], [-1.0546875], [-2.28125], [3.640625], [-1.7265625], [1.5625], [1.234375], [-1.9140625], [-0.478515625], [-0.8046875], [-0.0035858154296875], [2.890625], [-2.265625], [1.0], [0.71484375], [2.015625], [2.21875], [-4.28125], [0.69921875], [-2.640625], [-0.4609375], [0.8203125], [2.140625], [-0.1640625], [0.9140625], [1.734375], [-1.1015625], [1.3203125], [-0.64453125], [-2.6875], [-1.4296875], [-1.1953125], [-0.79296875], [1.6484375], [4.0], [-0.228515625], [1.3671875], [3.96875], [2.125], [2.046875], [-1.1015625], [-2.140625], [1.234375], [3.09375], [-2.75], [-1.1171875], [-1.5625], [2.21875], [1.9453125], [0.09326171875], [1.1171875], [-0.92578125], [-5.53125], [1.15625], [1.140625], [2.78125], [0.169921875], [3.015625]], "anthropic-harmless-base": [[-1.921875], [-7.0], [-5.6875], [-1.5703125], [-4.46875], [-8.0625], [-4.8125], [-3.28125], [-9.625], [-1.234375], [-2.71875], [0.79296875], [-1.71875], [-7.8125], [-3.046875], [-5.03125], [-2.40625], [-0.54296875], [-3.046875], [-4.625], [-2.109375], [-1.8515625], [-1.6015625], [-5.75], [-2.328125], [-6.5], [-2.890625], [-6.09375], [-1.984375], [-2.671875], [-4.0], [-3.90625], [-3.625], [-2.34375], [-3.40625], [-2.390625], [-8.25], [-2.0625], [-2.046875], [-2.28125], [-5.3125], [-3.828125], [-4.53125], [-6.0625], [-4.15625], [-1.2109375], [-1.5078125], [-0.8125], [-1.5234375], [-1.296875], [-1.828125], [-2.84375], [-1.265625], [-3.21875], [-3.40625], [-5.5625], [-6.34375], [-4.875], [-2.890625], [-2.5], [-6.65625], [-3.3125], [-3.875], [-9.0], [-8.5], [-1.8671875], [-3.046875], [-1.65625], [-3.4375], [-9.875], [-2.765625], [-4.8125], [-2.703125], [-2.53125], [-1.2109375], [-3.453125], [-4.3125], [-4.125], [-1.6171875], [-3.046875], [-3.65625], [-2.40625], [-1.8125], [-2.53125], [-2.96875], [-8.3125], [-7.3125], [-2.109375], [-2.015625], [-4.03125], [-2.625], [-5.53125], [-7.125], [-2.0625], [-4.28125], [-1.5078125], [-3.28125], [-6.375], [-3.25], [-0.60546875], [-1.8984375], [-3.5], [-10.875], [-2.375], [-2.3125], [-2.703125], [-6.96875], [-1.3125], [1.9921875], [-2.5], [-2.828125], [-1.5234375], [-5.15625], [-8.5], [-2.453125], [-2.453125], [-4.71875], [-1.5546875], [-1.921875], [-4.90625], [-1.78125], [-2.203125], [-1.6328125], [-5.90625], [-1.8515625], [-2.8125], [-7.25], [-5.25]], "openai/webgpt_comparisons": [[-1.9921875], [-2.296875], [-3.0625], [-1.28125], [-1.546875], [-0.52734375], [-2.375], [0.7421875], [-1.984375], [-0.796875], [-3.03125], [-2.578125], [0.84375], [-2.328125], [-2.859375], [-2.34375], [0.93359375], [-0.609375], [-3.0], [-0.89453125], [-3.78125], [-3.078125], [-2.0], [-2.546875], [-2.953125], [-4.1875], [-0.91015625], [-0.55078125], [-3.390625], [-1.875], [-1.765625], [-2.1875], [-1.109375], [-2.34375], [-3.265625], [-2.4375], [-2.6875], [-2.3125], [-2.578125], [-1.7578125], [-2.484375], [-2.46875], [-1.7734375], [3.140625], [-2.09375], [-5.4375], [-2.40625], [-2.25], [-2.265625], [-1.6640625], [-2.65625], [-2.578125], [-2.046875], [-1.703125], [-1.5703125], [-0.002777099609375], [-2.796875], [-1.6875], [-1.375], [-0.32421875], [-2.515625], [-2.125], [0.07080078125], [-2.234375], [-2.765625], [-1.1796875], [-1.8203125], [-2.78125], [-0.97265625], [-1.6953125], [-2.796875], [-1.296875], [-2.5], [1.625], [-2.65625], [-0.71875], [-2.625], [-3.25], [-1.046875], [-2.359375], [-4.21875], [-1.6640625], [-0.83984375], [-2.890625], [-2.875], [-2.71875], [-2.515625], [-2.796875], [-2.34375], [-0.8984375], [-2.109375], [-1.34375], [-1.1015625], [-2.15625], [-1.59375], [-2.953125], [-2.546875], [-2.328125], [-3.046875], [-2.828125], [-2.5], [-2.328125], [-0.73046875], [-2.53125], [-3.03125], [-2.15625], [-2.46875], [-4.1875], [-0.95703125], [-1.8515625], [0.19140625], [-2.265625], [-0.421875], [-2.78125], [-0.5859375], [-2.875], [-2.78125], [-2.015625], [-2.671875], [-1.796875], [-3.765625], [-3.125], [-2.875], [-1.7578125], [-3.765625], [-2.9375], [-3.140625], [-1.46875]]}
