{"anthropic-red-team": [[-2.5], [0.0869140625], [-0.703125], [-0.1953125], [0.26953125], [-0.271484375], [-0.2294921875], [-0.05224609375], [-2.40625], [-0.1259765625], [-0.2119140625], [-0.404296875], [-0.049560546875], [-0.671875], [0.051513671875], [-0.65625], [-0.134765625], [-0.4296875], [-0.0029296875], [-0.01190185546875], [-1.0], [-0.8515625], [-0.75], [-0.078125], [0.0157470703125], [-0.46484375], [-0.2275390625], [-1.3984375], [0.328125], [0.0888671875], [0.58203125], [-0.263671875], [-0.4296875], [-0.5546875], [-0.76171875], [-2.96875], [0.40234375], [0.140625], [-0.412109375], [0.14453125], [0.14453125], [0.0771484375], [0.28125], [-0.578125], [-1.859375], [-0.2177734375], [0.062255859375], [-0.37109375], [0.1357421875], [-0.74609375], [0.018310546875], [-0.68359375], [-0.298828125], [-0.05712890625], [-0.035888671875], [-1.671875], [0.314453125], [-0.016357421875], [-0.33984375], [-0.1259765625], [-0.259765625], [-0.62890625], [-0.00933837890625], [0.078125], [-0.59765625], [-0.8984375], [-0.59765625], [-0.185546875], [-0.71875], [-0.859375], [-0.365234375], [-0.8046875], [0.1650390625], [-0.68359375], [0.173828125], [-0.048583984375], [-0.15234375], [-0.59375], [0.10888671875], [-0.275390625], [-0.29296875], [-1.296875], [-0.61328125], [-0.0186767578125], [0.26171875], [-0.279296875], [0.037109375], [0.57421875], [-0.69140625], [0.138671875], [-0.337890625], [-0.66015625], [-0.0986328125], [0.0250244140625], [0.130859375], [-0.75390625], [0.2138671875], [-0.1826171875], [0.333984375], [-0.54296875], [-0.609375], [-0.228515625], [-0.1669921875], [0.0859375], [0.11376953125], [-0.05517578125], [-0.140625], [0.2158203125], [-1.4453125], [-0.21484375], [0.0035858154296875], [-0.8125], [0.55078125], [0.1337890625], [-0.054931640625], [0.47265625], [-0.703125], [0.12255859375], [-0.671875], [0.53125], [0.048828125], [-0.94140625], [-3.5], [-0.1669921875], [-0.640625], [-0.1357421875], [-0.703125], [-0.59375]], "anthropic-helpful-base": [[2.015625], [2.0625], [0.032470703125], [-1.421875], [-0.52734375], [-0.0128173828125], [0.055908203125], [0.138671875], [-0.2421875], [2.84375], [0.123046875], [-0.00909423828125], [-0.64453125], [-0.69140625], [-0.09814453125], [2.578125], [-0.87109375], [-0.130859375], [-1.9453125], [-0.71484375], [-0.0751953125], [0.439453125], [0.2353515625], [-0.59765625], [-1.390625], [-0.66015625], [-0.3515625], [-0.337890625], [-0.2890625], [2.78125], [3.21875], [1.8515625], [0.044921875], [0.63671875], [2.953125], [0.625], [0.013671875], [2.96875], [-0.546875], [-0.1953125], [1.5234375], [-0.04052734375], [2.875], [-0.1845703125], [0.10498046875], [0.185546875], [-0.39453125], [-0.0274658203125], [2.984375], [1.2421875], [-0.0869140625], [3.359375], [-0.162109375], [3.171875], [-5.15625], [1.7109375], [0.53125], [-0.494140625], [0.31640625], [-0.2119140625], [-0.287109375], [-0.2099609375], [1.7421875], [0.234375], [0.01324462890625], [1.796875], [-0.1708984375], [0.0289306640625], [-1.0390625], [0.8671875], [0.1923828125], [-0.3671875], [0.10302734375], [3.21875], [-0.0478515625], [-0.05517578125], [-0.31640625], [-0.67578125], [-0.2412109375], [0.259765625], [-0.609375], [3.265625], [-0.98828125], [-0.12353515625], [1.3984375], [1.578125], [2.21875], [-0.216796875], [-0.796875], [-0.640625], [0.48828125], [1.4609375], [1.1484375], [0.28515625], [0.81640625], [1.515625], [0.0185546875], [0.16796875], [1.5546875], [-1.0], [-0.01019287109375], [-0.08642578125], [-0.58984375], [-0.2412109375], [1.75], [0.18359375], [-0.9609375], [3.421875], [0.310546875], [0.11474609375], [0.203125], [-0.357421875], [-0.267578125], [3.484375], [-0.205078125], [-1.71875], [0.0888671875], [-1.4375], [0.193359375], [-0.51171875], [0.06201171875], [0.150390625], [-1.078125], [1.4453125], [0.033203125], [2.953125], [-1.0546875], [1.59375]], "anthropic-harmless-base": [[-0.1865234375], [-0.498046875], [-0.142578125], [0.1162109375], [-0.33203125], [-0.3828125], [-0.06884765625], [0.0169677734375], [-0.45703125], [-0.028076171875], [-0.396484375], [0.251953125], [-0.267578125], [0.6171875], [-0.74609375], [-1.0234375], [-0.279296875], [-0.53515625], [-0.37109375], [-0.10791015625], [-0.47265625], [-0.67578125], [-0.373046875], [-0.64453125], [-0.0654296875], [-0.359375], [-0.8359375], [-0.7109375], [-0.828125], [-0.55078125], [-1.03125], [-0.625], [-1.2421875], [-0.07861328125], [-0.4921875], [0.052978515625], [-0.3828125], [-0.37109375], [0.1513671875], [-0.05224609375], [-0.11767578125], [-0.042236328125], [-0.68359375], [-1.25], [-0.72265625], [-1.6015625], [-0.294921875], [-0.51171875], [-0.302734375], [0.498046875], [-0.44140625], [-0.07421875], [-0.259765625], [-0.66796875], [0.1376953125], [-0.34765625], [-0.47265625], [-0.890625], [-0.341796875], [-0.5859375], [-0.486328125], [0.1015625], [-0.25390625], [-1.203125], [-0.53125], [-0.671875], [-0.1748046875], [-0.294921875], [-0.208984375], [-0.12255859375], [-0.10009765625], [-0.322265625], [0.08203125], [-0.458984375], [-0.39453125], [-0.2197265625], [-0.2470703125], [-0.451171875], [-0.287109375], [-0.7890625], [-0.609375], [-0.419921875], [-1.046875], [-0.1103515625], [-0.7734375], [-0.1591796875], [-1.8828125], [-0.1220703125], [0.111328125], [-1.1171875], [0.203125], [-0.34375], [-0.78515625], [0.373046875], [-0.03466796875], [-0.035888671875], [-0.7421875], [-0.30859375], [-0.064453125], [-0.1650390625], [0.00156402587890625], [-0.37890625], [-0.765625], [-0.1357421875], [0.11962890625], [-0.375], [-0.69921875], [-0.255859375], [-0.12451171875], [-0.00634765625], [-0.2177734375], [-0.2734375], [-0.208984375], [-0.9765625], [-0.271484375], [-0.5625], [-5.34375], [-0.5], [0.376953125], [0.1103515625], [-0.58203125], [-1.921875], [0.1865234375], [0.0208740234375], [0.0081787109375], [-0.1904296875], [-0.1044921875], [-0.3828125]], "openai/webgpt_comparisons": [[-1.2890625], [-0.328125], [-0.96484375], [-0.99609375], [-0.6640625], [-0.3359375], [-0.1181640625], [-1.453125], [0.0634765625], [-1.03125], [-0.9921875], [-1.453125], [-0.66015625], [-0.671875], [-1.1875], [-0.77734375], [0.58984375], [-0.439453125], [-1.1953125], [-0.6328125], [-1.125], [-0.82421875], [-0.95703125], [-0.6484375], [-1.046875], [-1.28125], [-0.443359375], [-0.267578125], [-1.375], [-0.76953125], [-0.546875], [-1.671875], [-0.86328125], [-0.431640625], [-1.34375], [-0.94140625], [-0.291015625], [-0.85546875], [-1.203125], [-0.56640625], [-2.28125], [-1.1796875], [-0.78515625], [-1.421875], [-0.65234375], [-0.57421875], [-0.78515625], [-0.984375], [-0.7265625], [-0.82421875], [-0.1259765625], [-0.369140625], [-2.171875], [-0.73046875], [-1.6484375], [-1.0859375], [-2.78125], [-0.85546875], [-0.357421875], [-1.0234375], [-0.6015625], [-1.5390625], [-1.6484375], [-1.1796875], [-0.6953125], [0.0751953125], [-0.28515625], [-0.8828125], [-0.322265625], [-0.8125], [-0.953125], [-1.171875], [-0.46875], [-0.7734375], [-0.703125], [-1.453125], [-0.703125], [-0.890625], [-1.703125], [-0.6015625], [-2.625], [-0.435546875], [-1.125], [-1.5], [-1.2109375], [-1.3671875], [-0.478515625], [-1.5546875], [-0.60546875], [-1.0625], [-0.09521484375], [-0.82421875], [-1.4609375], [-0.80078125], [-1.2890625], [-1.453125], [-1.28125], [-0.40625], [-1.234375], [-0.62890625], [-0.08642578125], [-0.451171875], [-0.70703125], [-1.78125], [-1.6484375], [-0.79296875], [-0.98046875], [-1.3046875], [-0.62890625], [-0.6640625], [-1.71875], [-1.0390625], [-0.56640625], [-1.671875], [-0.9296875], [-0.85546875], [-1.0703125], [-0.80859375], [-1.7890625], [-0.490234375], [-3.578125], [-1.34375], [-1.046875], [-0.56640625], [-1.5], [-0.4765625], [-0.484375], [-0.296875]]}
