{"anthropic-red-team": [[-2.53125], [-6.65625], [-2.171875], [-1.28125], [-3.40625], [-6.25], [-3.15625], [-2.5625], [-4.5625], [-6.1875], [-1.609375], [-2.359375], [-3.796875], [-1.9296875], [-5.5625], [-2.953125], [-2.21875], [-5.25], [-2.0], [-2.578125], [-3.8125], [-9.25], [-2.078125], [-4.6875], [-4.40625], [-3.625], [0.67578125], [-1.9453125], [-3.03125], [-2.140625], [-2.59375], [-2.234375], [-2.859375], [-3.84375], [-3.03125], [-5.90625], [-2.3125], [-2.8125], [-2.015625], [-2.375], [-9.0], [-2.625], [1.3125], [-2.671875], [-2.875], [-4.84375], [-2.125], [-1.5546875], [-0.578125], [-3.75], [-1.7109375], [-2.953125], [-3.734375], [-3.4375], [-0.47265625], [-3.140625], [-2.921875], [-6.6875], [-2.296875], [-1.8046875], [-1.2890625], [-2.25], [-2.3125], [-1.9296875], [-3.390625], [-5.1875], [-3.671875], [-3.1875], [-3.015625], [-2.796875], [-2.953125], [-1.7890625], [-4.40625], [-7.34375], [-2.390625], [-1.9921875], [-2.53125], [-1.4375], [-2.296875], [-3.546875], [-6.1875], [-3.15625], [-4.53125], [-6.15625], [-1.7578125], [-1.484375], [-1.3828125], [0.48046875], [-2.046875], [-9.3125], [-3.546875], [-4.875], [-0.89453125], [-2.25], [-1.890625], [-2.265625], [-1.4609375], [-2.328125], [-2.40625], [-2.421875], [-1.4296875], [-2.609375], [-2.390625], [-1.578125], [-1.578125], [-2.109375], [-1.609375], [-1.65625], [-3.03125], [-8.1875], [-2.5625], [-7.0], [-2.484375], [-2.0625], [-2.6875], [-2.28125], [-10.6875], [-4.125], [-2.046875], [-0.478515625], [-2.28125], [-3.40625], [-3.421875], [-4.625], [-3.15625], [-1.4921875], [-4.09375], [-1.859375]], "anthropic-helpful-base": [[2.5], [1.359375], [1.5078125], [-3.546875], [0.373046875], [-0.373046875], [-0.1826171875], [0.193359375], [-2.234375], [2.171875], [-0.53125], [1.3046875], [2.15625], [0.0233154296875], [-2.171875], [2.796875], [-1.078125], [2.984375], [-0.484375], [-0.89453125], [1.28125], [0.21875], [0.93359375], [-2.140625], [-2.765625], [-0.09326171875], [-3.859375], [1.1796875], [2.140625], [2.96875], [3.171875], [2.390625], [2.34375], [1.53125], [3.4375], [-3.0625], [-0.67578125], [2.40625], [-0.40234375], [-2.3125], [2.421875], [-0.2001953125], [2.890625], [1.4140625], [1.4375], [1.703125], [1.328125], [0.5390625], [3.09375], [1.7421875], [-2.6875], [2.96875], [1.375], [2.765625], [-4.8125], [2.015625], [0.63671875], [-2.515625], [1.3671875], [0.5390625], [1.046875], [-3.1875], [1.265625], [2.703125], [0.99609375], [2.21875], [-0.177734375], [0.7734375], [1.640625], [-2.640625], [0.1826171875], [-1.0546875], [-2.171875], [1.375], [-2.03125], [-0.05029296875], [1.75], [-2.828125], [-0.87890625], [-1.2421875], [0.5390625], [3.28125], [0.53515625], [2.828125], [0.671875], [3.015625], [2.609375], [-2.4375], [0.75390625], [-2.59375], [-0.451171875], [1.046875], [2.078125], [-0.166015625], [1.453125], [-0.4765625], [-1.7734375], [-2.5], [-0.50390625], [1.4921875], [-1.4375], [0.66796875], [0.8828125], [1.734375], [3.65625], [-1.2109375], [1.453125], [3.46875], [1.8828125], [2.171875], [-0.8203125], [-2.6875], [0.890625], [3.3125], [-2.140625], [-2.578125], [-2.03125], [2.1875], [1.9609375], [0.240234375], [-0.55078125], [1.7578125], [-6.1875], [1.59375], [1.28125], [3.109375], [0.25390625], [2.71875]], "anthropic-harmless-base": [[-1.90625], [-8.5625], [-6.28125], [-8.9375], [-1.7890625], [-8.9375], [-3.734375], [-2.75], [-9.0625], [-0.7421875], [-2.453125], [1.25], [-2.109375], [-3.828125], [-2.15625], [-2.75], [-2.40625], [-0.66796875], [-0.69921875], [-2.953125], [-5.1875], [-2.5], [-1.375], [-2.90625], [-1.6953125], [-6.46875], [-2.265625], [-5.90625], [-2.1875], [-2.1875], [-2.375], [-5.1875], [-3.765625], [-2.953125], [-3.40625], [-2.9375], [-1.6171875], [-5.5], [-1.765625], [-2.8125], [-1.734375], [-5.03125], [-2.84375], [-7.90625], [-4.0625], [-2.6875], [-3.171875], [-1.296875], [-3.890625], [-1.0078125], [-1.6484375], [-5.34375], [-1.90625], [-2.625], [-1.234375], [-6.21875], [-6.0625], [-5.4375], [-2.78125], [-4.5625], [-7.34375], [-1.328125], [-6.40625], [-2.265625], [-4.90625], [-3.671875], [-3.0625], [-1.7109375], [-2.21875], [-9.3125], [-2.34375], [-4.78125], [-3.28125], [-1.2578125], [-1.703125], [-4.21875], [-1.4296875], [-6.8125], [-2.046875], [-2.765625], [-4.15625], [-1.9375], [-3.015625], [-2.34375], [-2.265625], [-7.8125], [-2.90625], [-0.9609375], [-2.0], [-3.046875], [-2.6875], [-4.84375], [-7.21875], [-1.7734375], [-6.65625], [-2.046875], [-2.78125], [-2.578125], [-3.671875], [-1.03125], [-3.625], [-3.3125], [-12.375], [-2.5625], [-2.59375], [-6.84375], [-2.609375], [-3.21875], [1.0546875], [-0.357421875], [-2.96875], [-2.671875], [-2.65625], [-8.4375], [-1.09375], [-4.21875], [-0.2099609375], [-1.1953125], [-3.625], [-4.28125], [-2.421875], [-2.625], [-1.6640625], [-1.4609375], [-1.734375], [-2.796875], [-7.03125], [-5.09375]], "openai/webgpt_comparisons": [[-1.703125], [-2.65625], [-3.09375], [-2.484375], [-2.640625], [-1.1015625], [-1.1484375], [0.146484375], [-1.8046875], [-0.34375], [-2.96875], [-2.84375], [1.359375], [-2.578125], [-3.03125], [-2.421875], [-0.70703125], [0.031494140625], [-3.078125], [-2.9375], [-4.375], [-2.390625], [-2.828125], [-2.546875], [-2.84375], [-3.609375], [-2.453125], [-3.09375], [-2.28125], [-2.4375], [-1.2421875], [-2.375], [-1.1875], [-0.03466796875], [-3.15625], [-2.390625], [-2.390625], [-2.671875], [-2.671875], [-1.65625], [-2.828125], [-2.1875], [-1.28125], [2.78125], [-2.84375], [-4.90625], [-2.421875], [-2.78125], [-2.46875], [-1.046875], [-2.59375], [-0.8203125], [-2.828125], [-2.3125], [-2.109375], [-0.09423828125], [-3.140625], [-1.1640625], [-2.78125], [-0.68359375], [-2.53125], [-1.6796875], [-0.6953125], [-2.328125], [-2.84375], [-1.0703125], [-2.078125], [-2.671875], [-1.6328125], [-1.640625], [-2.359375], [-1.359375], [-0.56640625], [0.9921875], [-0.431640625], [-1.4296875], [-2.59375], [-3.28125], [-1.03125], [-2.46875], [-3.984375], [-0.90625], [-1.171875], [-2.796875], [-3.078125], [-2.75], [-1.8046875], [-3.390625], [0.2890625], [-1.0703125], [-0.26171875], [-2.125], [-0.97265625], [-3.0], [-1.453125], [-3.359375], [-1.6796875], [-1.2890625], [-1.2265625], [-2.34375], [-2.296875], [-2.359375], [-1.125], [-1.8828125], [-2.734375], [-2.15625], [-2.46875], [-4.75], [-2.140625], [-1.8984375], [0.359375], [-3.015625], [-1.8828125], [-2.375], [-2.234375], [-3.171875], [-2.671875], [-0.478515625], [-2.375], [-1.4921875], [-3.78125], [-2.078125], [-2.96875], [-1.234375], [-4.125], [-2.96875], [-2.671875], [1.375]]}
