{"anthropic-red-team": [[-2.9375], [-6.75], [-1.5859375], [-3.125], [-2.34375], [-2.15625], [-3.34375], [-2.03125], [-4.5625], [-6.84375], [-1.6171875], [-2.34375], [-1.4921875], [-1.7890625], [-2.59375], [-1.9921875], [-2.171875], [-3.84375], [-1.984375], [-2.140625], [-5.03125], [-3.109375], [-8.1875], [-1.53125], [-1.484375], [-3.421875], [0.357421875], [-10.25], [-2.96875], [-2.203125], [-3.078125], [-2.671875], [-3.453125], [-3.765625], [-2.59375], [-4.125], [-2.328125], [-2.546875], [-3.265625], [-3.09375], [-7.875], [-2.625], [0.359375], [-2.90625], [-2.859375], [-5.375], [-1.9375], [-1.5546875], [-0.7890625], [-4.25], [-1.4140625], [-2.953125], [-1.3828125], [-1.15625], [-0.859375], [-2.90625], [-2.640625], [-6.3125], [-1.40625], [-1.9453125], [-1.484375], [-2.359375], [-2.03125], [-2.0], [-3.609375], [-0.95703125], [-3.65625], [-3.5], [-3.09375], [-2.484375], [-4.9375], [-3.1875], [-4.15625], [-8.0625], [-2.5], [-2.25], [-2.53125], [-2.234375], [-2.5], [-2.625], [-7.09375], [-4.5625], [-4.6875], [-5.8125], [-9.9375], [-2.625], [-1.3828125], [0.83984375], [-2.875], [-8.4375], [-3.1875], [-7.6875], [-2.453125], [-2.71875], [-2.0625], [-2.78125], [-1.390625], [-2.5], [-1.625], [-2.453125], [-1.53125], [-2.78125], [-1.96875], [-1.625], [-1.59375], [-1.8828125], [-1.9921875], [-1.9375], [-2.25], [-8.9375], [-2.125], [-7.5625], [-2.484375], [-1.984375], [-2.6875], [-1.625], [-2.078125], [-3.921875], [-2.234375], [-0.1474609375], [-2.34375], [-6.75], [-4.84375], [-1.734375], [-6.03125], [-1.5546875], [-5.625], [-1.515625]], "anthropic-helpful-base": [[2.671875], [-1.78125], [1.5390625], [-2.546875], [-2.625], [-1.4296875], [0.046875], [0.80859375], [-2.421875], [2.625], [0.6328125], [1.375], [1.65625], [1.2109375], [-1.3671875], [2.21875], [-0.91796875], [3.046875], [-2.734375], [-1.015625], [1.15625], [0.546875], [0.6328125], [-3.375], [-3.171875], [-0.279296875], [-2.046875], [1.09375], [2.59375], [2.4375], [2.78125], [2.625], [1.3828125], [0.9765625], [2.9375], [-3.640625], [-0.412109375], [2.640625], [-0.1396484375], [-2.453125], [2.609375], [2.5625], [3.03125], [0.435546875], [2.0], [1.7734375], [1.1171875], [0.5], [3.109375], [0.79296875], [-2.375], [2.71875], [-3.03125], [3.015625], [-4.90625], [1.765625], [0.1025390625], [-1.40625], [1.1328125], [-1.9296875], [0.93359375], [-1.921875], [0.875], [1.921875], [0.2060546875], [1.25], [0.0693359375], [0.478515625], [0.15625], [-2.6875], [0.3125], [-1.046875], [-1.546875], [3.21875], [-1.125], [2.421875], [1.7578125], [-2.5625], [-0.80078125], [-0.71875], [0.5703125], [3.515625], [0.1748046875], [3.234375], [0.16796875], [2.5625], [2.640625], [-2.015625], [0.83203125], [-2.71875], [-0.158203125], [0.62890625], [2.484375], [-0.1298828125], [2.09375], [2.046875], [-1.7734375], [1.234375], [-0.421875], [1.6875], [-0.45703125], [0.8984375], [-2.15625], [2.171875], [3.8125], [-0.1484375], [0.74609375], [3.25], [2.140625], [2.203125], [-0.65234375], [-1.828125], [1.2421875], [3.234375], [-2.40625], [-1.1171875], [-1.4765625], [-1.359375], [-1.21875], [-0.2294921875], [-0.494140625], [2.09375], [-6.03125], [1.546875], [0.71484375], [2.265625], [0.2138671875], [2.578125]], "anthropic-harmless-base": [[-3.28125], [-2.34375], [-7.03125], [-1.5625], [-2.6875], [-7.65625], [-3.953125], [-3.09375], [-4.375], [-1.234375], [-2.25], [0.94140625], [-5.59375], [-7.5], [-2.328125], [-2.65625], [-2.53125], [-1.46875], [-0.625], [-4.59375], [-5.21875], [-1.796875], [-2.46875], [-6.28125], [-1.03125], [-8.25], [-2.609375], [-6.03125], [-1.9453125], [-1.328125], [-3.3125], [-4.59375], [-3.015625], [-2.46875], [-3.203125], [-2.078125], [-1.234375], [-1.7734375], [-2.609375], [-2.296875], [-1.5234375], [-2.3125], [-2.65625], [-2.1875], [-1.6015625], [-3.796875], [-2.28125], [-1.0078125], [-1.875], [-1.6484375], [-2.203125], [-3.53125], [-1.5625], [-1.625], [-2.546875], [-7.625], [-6.3125], [-3.5], [-3.125], [-2.546875], [-2.40625], [-3.0625], [-4.0625], [-10.5625], [-9.0625], [-1.7890625], [-2.40625], [-1.1015625], [-4.4375], [-9.875], [-3.59375], [-5.40625], [-3.171875], [-2.734375], [-5.5], [-2.265625], [-1.4140625], [-3.015625], [-1.5234375], [-2.75], [-4.15625], [-1.3046875], [-2.265625], [-2.359375], [-2.609375], [-8.0625], [-3.375], [-2.1875], [-1.03125], [-4.03125], [-2.734375], [-4.09375], [-2.390625], [-0.90234375], [-3.84375], [-1.4296875], [-3.03125], [-3.015625], [-3.703125], [-0.77734375], [-2.984375], [-6.8125], [-7.375], [-2.421875], [-1.9609375], [-1.3828125], [-2.25], [-3.109375], [-2.03125], [0.177734375], [-2.046875], [-2.21875], [-4.28125], [-2.8125], [-2.234375], [-5.84375], [-4.4375], [-1.2265625], [-4.25], [-1.96875], [-2.421875], [-2.78125], [-1.5625], [-3.015625], [-1.8125], [-2.0625], [-7.59375], [-6.78125]], "openai/webgpt_comparisons": [[-2.765625], [-2.390625], [-1.03125], [-1.375], [-2.515625], [-2.203125], [-2.28125], [0.8671875], [-1.5078125], [-3.3125], [-2.78125], [-2.8125], [1.0625], [-2.546875], [-2.953125], [-2.203125], [0.71484375], [-0.337890625], [-2.5], [-1.40625], [-3.78125], [-2.421875], [-2.8125], [-0.0299072265625], [-3.0], [-2.875], [-2.390625], [-2.859375], [-2.734375], [-2.375], [-2.1875], [-2.578125], [-1.4609375], [-1.4140625], [-3.0625], [-2.703125], [-2.609375], [-3.015625], [-2.515625], [-1.765625], [-0.4609375], [-2.40625], [-1.078125], [1.7578125], [-2.8125], [-5.09375], [-2.625], [-2.28125], [-2.28125], [-1.09375], [-1.1171875], [-1.1328125], [-2.953125], [-2.703125], [-2.125], [0.2333984375], [-3.109375], [-2.1875], [-2.703125], [-0.37109375], [-2.515625], [-2.078125], [-0.019775390625], [-2.1875], [-0.2177734375], [-0.42578125], [-1.1015625], [-0.466796875], [-0.5390625], [-2.359375], [-1.8828125], [-1.4296875], [-2.03125], [1.6875], [-2.65625], [-0.3671875], [-2.21875], [-3.03125], [-2.71875], [-2.5625], [-4.125], [-2.296875], [-0.25390625], [-2.75], [-3.0625], [-2.75], [-2.375], [-2.390625], [-2.203125], [-1.1640625], [-0.1328125], [-2.015625], [-2.671875], [-2.96875], [-2.75], [-3.296875], [-0.86328125], [-2.3125], [-2.8125], [-2.546875], [-1.5859375], [-2.578125], [-1.375], [-3.015625], [-1.84375], [-2.015625], [-2.21875], [-3.6875], [-2.21875], [-1.9609375], [0.5078125], [-4.5], [-0.73828125], [-2.6875], [-0.94140625], [-2.71875], [-2.875], [-3.25], [-2.625], [-0.9296875], [-3.515625], [-1.9296875], [-2.8125], [-1.5546875], [-3.46875], [-2.9375], [-2.65625], [1.984375]]}
