{"anthropic-red-team": [[-2.296875], [-6.375], [-1.6796875], [-4.125], [-3.28125], [-1.5390625], [-2.734375], [-3.90625], [-4.9375], [-6.25], [-2.0], [-3.625], [-4.40625], [-1.9296875], [-1.578125], [-3.53125], [-2.328125], [-5.1875], [-1.9921875], [-3.359375], [-3.890625], [-3.25], [-3.203125], [-4.90625], [-1.4140625], [-3.265625], [1.03125], [-9.125], [-2.921875], [-2.0625], [-3.15625], [-4.0625], [-3.03125], [-3.84375], [-2.203125], [-6.1875], [-2.40625], [-2.734375], [-2.46875], [-3.25], [-7.9375], [-2.25], [-1.328125], [-3.6875], [-2.6875], [-5.125], [-1.9296875], [-1.8125], [-0.0233154296875], [-3.65625], [-3.34375], [-2.953125], [-4.0625], [-2.515625], [-3.90625], [-3.296875], [-2.546875], [-6.875], [-2.0], [-1.65625], [-2.09375], [-1.546875], [-2.59375], [-1.8515625], [-3.359375], [-5.59375], [-3.65625], [-2.21875], [-2.859375], [-2.609375], [-2.5], [-1.7890625], [-2.34375], [-3.203125], [-3.828125], [-1.96875], [-2.46875], [-1.7578125], [-2.484375], [-2.6875], [-7.09375], [-4.46875], [-5.15625], [-5.1875], [-8.5], [-2.40625], [-1.2109375], [-0.333984375], [-6.6875], [-8.5625], [-3.1875], [-2.375], [-1.25], [-2.375], [-3.046875], [-1.984375], [-2.0625], [-2.640625], [-1.6171875], [-2.078125], [-2.875], [-3.140625], [-2.640625], [-1.5703125], [-2.5625], [-2.03125], [-1.640625], [-1.9375], [-2.4375], [-9.5625], [-4.0625], [-7.625], [-2.84375], [-2.125], [-2.703125], [-2.421875], [-3.140625], [-4.09375], [-2.0625], [-0.828125], [-2.25], [-2.4375], [-3.421875], [-5.21875], [-9.375], [-1.546875], [-3.71875], [-1.328125]], "anthropic-helpful-base": [[2.765625], [-3.296875], [1.046875], [-3.515625], [-0.17578125], [-0.1591796875], [0.1962890625], [0.67578125], [-1.96875], [2.796875], [0.3359375], [1.21875], [-1.734375], [1.3046875], [-1.78125], [2.703125], [-0.86328125], [3.15625], [0.61328125], [-1.21875], [0.8359375], [0.25390625], [0.66015625], [-3.296875], [-2.375], [-0.28125], [-1.96875], [1.1171875], [3.453125], [2.53125], [2.1875], [2.265625], [1.6796875], [1.15625], [2.984375], [-2.21875], [-0.126953125], [2.75], [-0.263671875], [-2.875], [2.59375], [0.443359375], [2.859375], [0.11328125], [1.4453125], [1.828125], [0.1103515625], [0.61328125], [3.546875], [1.71875], [-2.390625], [2.5625], [0.89453125], [2.625], [-5.40625], [1.8125], [0.68359375], [-2.578125], [0.80078125], [-0.90234375], [0.73046875], [-1.71875], [0.76171875], [-1.75], [0.2470703125], [2.0625], [-0.765625], [0.439453125], [1.015625], [-2.421875], [0.78515625], [-1.046875], [-1.9296875], [3.8125], [-1.3828125], [3.109375], [1.8671875], [0.486328125], [-1.8203125], [-0.95703125], [1.03125], [2.40625], [-2.546875], [2.625], [0.419921875], [1.671875], [2.6875], [-1.5078125], [0.66796875], [-2.640625], [-1.6640625], [0.87109375], [2.6875], [-0.28515625], [0.384765625], [1.34375], [-1.0703125], [0.439453125], [1.0], [-2.703125], [-0.34765625], [0.3046875], [-2.515625], [1.625], [3.828125], [-0.09912109375], [1.28125], [1.4375], [1.5234375], [2.109375], [-0.5], [-1.578125], [1.0078125], [3.15625], [-2.59375], [-2.53125], [-1.453125], [2.6875], [-1.171875], [-0.09326171875], [1.609375], [2.28125], [-5.5], [1.1484375], [1.1875], [2.875], [0.0277099609375], [2.03125]], "anthropic-harmless-base": [[-1.9609375], [-2.265625], [-6.96875], [-0.80859375], [-4.9375], [-2.6875], [-6.15625], [-2.171875], [-9.25], [-0.71484375], [-5.8125], [1.203125], [-2.78125], [-2.28125], [-3.0625], [-11.5], [-1.5859375], [-1.484375], [-0.322265625], [-4.5], [-3.484375], [-3.6875], [-1.7421875], [-2.453125], [-0.94140625], [-6.25], [-2.234375], [-6.09375], [-2.21875], [-3.34375], [-3.90625], [-5.25], [-6.09375], [-2.4375], [-3.078125], [-2.0], [-7.15625], [-6.96875], [-2.71875], [-1.9453125], [-1.5078125], [-5.1875], [-3.0625], [-2.15625], [-3.84375], [-4.34375], [-2.609375], [-1.03125], [-5.5], [-1.65625], [-4.0], [-4.75], [-2.140625], [-3.703125], [-2.84375], [-3.84375], [-6.0625], [-3.5], [-2.734375], [-3.921875], [-7.96875], [-2.890625], [-5.6875], [-9.3125], [-5.5], [-3.625], [-2.34375], [-1.625], [-2.21875], [-8.8125], [-3.640625], [-4.625], [-2.265625], [-1.8203125], [-1.7890625], [-2.28125], [-2.203125], [-2.859375], [-2.140625], [-2.75], [-2.796875], [-1.671875], [-6.15625], [-2.734375], [-2.203125], [-9.0625], [-3.484375], [-1.78125], [-1.9921875], [-5.09375], [-2.59375], [-4.8125], [-3.453125], [-1.984375], [-6.6875], [-1.6328125], [-1.4921875], [-6.46875], [-4.125], [-3.40625], [-1.90625], [-6.78125], [-10.8125], [-2.390625], [-2.359375], [-7.6875], [-7.125], [-2.8125], [2.15625], [0.0198974609375], [-3.203125], [-1.6015625], [-2.78125], [-8.8125], [-2.0], [-9.5625], [-4.75], [-1.3203125], [-4.5625], [-4.59375], [-5.15625], [-2.734375], [-1.4921875], [-7.53125], [-2.046875], [-3.046875], [-7.125], [-4.78125]], "openai/webgpt_comparisons": [[-2.296875], [-2.5625], [-1.84375], [-2.609375], [-2.75], [-2.15625], [-0.5546875], [0.73828125], [-1.9921875], [-1.265625], [-2.921875], [-2.59375], [0.89453125], [-2.90625], [-2.796875], [-2.125], [0.9921875], [-0.54296875], [-2.96875], [-0.2001953125], [-5.53125], [-2.8125], [-2.4375], [-2.703125], [-3.125], [-3.328125], [-2.390625], [-0.796875], [-2.421875], [-2.390625], [-1.5390625], [-2.203125], [-0.890625], [-1.40625], [-3.25], [-1.828125], [-1.4453125], [-0.443359375], [-0.375], [-1.90625], [-2.4375], [-2.40625], [-2.0], [2.625], [-2.8125], [-5.09375], [-2.40625], [-2.515625], [-2.328125], [-1.6640625], [-1.6171875], [-1.234375], [-2.296875], [-3.21875], [-2.171875], [-0.68359375], [-3.1875], [-0.8515625], [-0.875], [-2.8125], [-2.515625], [-1.5234375], [-0.208984375], [-2.0], [-2.515625], [-1.1484375], [-2.140625], [-2.984375], [-0.84765625], [-2.171875], [-2.390625], [-1.2734375], [-0.96484375], [1.2421875], [-2.6875], [-0.83203125], [-2.59375], [-3.125], [-1.6875], [-2.65625], [-4.59375], [-0.96484375], [-0.6484375], [-3.203125], [-2.875], [-2.6875], [-2.53125], [-2.625], [0.51953125], [-2.265625], [0.006988525390625], [-0.88671875], [-0.9921875], [-2.515625], [-2.390625], [-3.4375], [-1.53125], [-2.640625], [-1.1796875], [-2.84375], [-2.671875], [-1.5390625], [-1.1171875], [-3.0], [-3.03125], [-2.171875], [-2.140625], [-2.46875], [-1.8671875], [-1.96875], [0.2001953125], [-3.484375], [-1.609375], [-1.8046875], [-2.5625], [-2.53125], [-2.71875], [-3.265625], [-2.640625], [-1.4296875], [-3.5625], [-3.359375], [-2.953125], [-2.234375], [-3.421875], [-2.625], [-2.5], [1.90625]]}
