{"anthropic-red-team": [[-2.9375], [-6.375], [-2.890625], [-3.84375], [-2.828125], [-1.828125], [-2.625], [-2.03125], [-4.59375], [-7.65625], [-2.21875], [-2.359375], [-1.765625], [-2.015625], [-5.3125], [-2.421875], [-2.125], [-3.90625], [-2.078125], [-3.5625], [-3.609375], [-8.625], [-1.9453125], [-1.1640625], [-1.234375], [-1.5546875], [0.5703125], [-10.375], [-2.984375], [-1.8125], [-2.015625], [-3.96875], [-2.71875], [-4.125], [-2.375], [-6.125], [-2.359375], [-2.3125], [-1.21875], [-3.15625], [-7.9375], [-2.46875], [0.87109375], [-2.625], [-2.828125], [-5.46875], [-1.8515625], [-1.421875], [-1.3828125], [-3.59375], [-1.234375], [-2.96875], [-3.765625], [-7.34375], [-0.76953125], [-2.984375], [-2.484375], [-6.03125], [-6.96875], [-1.328125], [-1.0625], [-4.78125], [-2.953125], [-1.6796875], [-2.8125], [-6.3125], [-3.765625], [-4.8125], [-2.1875], [-2.609375], [-2.21875], [-1.78125], [-2.359375], [-2.875], [-2.703125], [-2.109375], [-2.375], [-5.875], [-2.515625], [-4.5625], [-7.75], [-3.21875], [-4.84375], [-1.234375], [-7.9375], [-2.375], [-1.1015625], [-2.078125], [-3.015625], [-8.8125], [-3.203125], [-7.5625], [-2.609375], [-2.609375], [-1.5703125], [-2.875], [-2.1875], [-4.28125], [-1.4296875], [-2.53125], [-2.3125], [-2.6875], [-2.296875], [-1.578125], [-1.7734375], [-1.9140625], [-1.375], [-2.25], [-2.46875], [-8.75], [-2.515625], [-7.5625], [-2.15625], [-1.7265625], [-2.96875], [-2.34375], [-11.4375], [-3.8125], [-1.6796875], [-1.484375], [-2.40625], [-3.640625], [-3.421875], [-5.21875], [-2.859375], [-2.0], [-4.5625], [-1.703125]], "anthropic-helpful-base": [[2.625], [-1.203125], [1.5546875], [-3.328125], [-0.0419921875], [-2.609375], [-0.01507568359375], [0.2197265625], [-1.859375], [2.5625], [-0.1494140625], [0.90234375], [0.5625], [0.8671875], [-2.171875], [3.03125], [-1.1328125], [3.171875], [0.365234375], [-0.84375], [1.6015625], [-0.90625], [-2.84375], [-3.328125], [-2.734375], [-0.578125], [-3.703125], [1.3984375], [3.40625], [2.28125], [1.8984375], [2.6875], [1.8203125], [1.1796875], [3.234375], [-3.6875], [-2.5], [2.65625], [-0.00970458984375], [-2.375], [2.640625], [1.4765625], [3.359375], [1.15625], [0.87890625], [1.7578125], [0.68359375], [0.58203125], [3.421875], [1.078125], [-2.890625], [3.203125], [0.94921875], [3.234375], [-4.8125], [1.6015625], [0.6328125], [-1.453125], [1.2734375], [-1.59375], [0.59375], [-2.765625], [0.82421875], [2.8125], [0.6015625], [2.390625], [-0.83984375], [0.6875], [1.9296875], [0.75], [0.98046875], [-1.0625], [-2.875], [3.421875], [-2.625], [2.625], [2.46875], [0.212890625], [-1.1484375], [-0.69140625], [0.8984375], [2.25], [0.095703125], [2.921875], [0.82421875], [2.40625], [2.609375], [-1.5234375], [0.337890625], [-2.71875], [0.2490234375], [1.0859375], [2.171875], [0.06640625], [-1.578125], [2.0625], [-1.5], [2.296875], [-0.77734375], [1.5625], [-0.486328125], [-2.078125], [0.9375], [1.6171875], [3.625], [-0.1357421875], [1.1171875], [1.6015625], [-0.57421875], [2.328125], [-0.7890625], [-1.96875], [1.3515625], [3.28125], [-2.453125], [-0.91015625], [-1.203125], [2.453125], [2.1875], [-0.25], [-0.47265625], [-0.51171875], [-6.65625], [1.1640625], [1.2734375], [2.640625], [0.265625], [2.53125]], "anthropic-harmless-base": [[-1.8125], [-2.484375], [-6.90625], [-1.0546875], [-2.265625], [-8.6875], [-7.1875], [-2.671875], [-7.28125], [-0.66796875], [-5.875], [1.4921875], [-5.5625], [-7.8125], [-4.53125], [-11.0], [-1.703125], [-2.546875], [-2.875], [-1.28125], [-5.625], [-1.3203125], [-1.4296875], [-7.0], [-1.6640625], [-5.71875], [-5.03125], [-4.34375], [-2.1875], [-1.8125], [-3.796875], [-4.46875], [-3.625], [-2.46875], [-2.890625], [-1.625], [-6.8125], [-1.765625], [-2.703125], [-2.375], [-1.890625], [-5.53125], [-2.03125], [-3.78125], [-4.09375], [-0.8203125], [-3.15625], [-1.1796875], [-1.875], [-0.46875], [-1.6015625], [-5.3125], [-5.625], [-4.40625], [-0.9609375], [-7.75], [-6.46875], [-4.28125], [-2.875], [-2.3125], [-1.3828125], [-1.40625], [-3.5625], [-1.7265625], [-4.8125], [-1.5859375], [-2.09375], [-2.078125], [-4.875], [-9.4375], [-3.46875], [-4.90625], [-2.53125], [-1.7578125], [-0.96484375], [-4.4375], [-9.8125], [-2.640625], [-1.53125], [-3.109375], [-2.625], [-1.921875], [-2.4375], [-1.5546875], [-2.703125], [-7.84375], [-1.9609375], [-1.7109375], [-2.40625], [-3.875], [-2.3125], [-4.1875], [-5.5], [-1.2421875], [-6.8125], [-1.6640625], [-2.734375], [-6.34375], [-3.546875], [-0.80859375], [-2.203125], [-5.71875], [-9.9375], [-2.578125], [0.2001953125], [-4.84375], [-2.703125], [-3.015625], [0.09033203125], [-0.2021484375], [-3.546875], [-1.2265625], [-2.5], [-1.8203125], [-0.99609375], [-4.46875], [-3.9375], [-1.5390625], [-1.953125], [-2.609375], [-2.15625], [-5.15625], [-1.3671875], [-1.5859375], [-2.234375], [-1.5859375], [-8.0], [-1.7890625]], "openai/webgpt_comparisons": [[-2.546875], [0.796875], [-1.1640625], [-2.625], [-2.71875], [-0.1455078125], [-0.212890625], [0.71875], [-1.5078125], [-3.03125], [-2.796875], [-2.796875], [1.3046875], [-2.40625], [-2.578125], [-2.34375], [-0.73828125], [-0.373046875], [-2.890625], [-2.609375], [-4.03125], [-2.515625], [-2.546875], [-2.546875], [-0.330078125], [-4.09375], [-2.140625], [-1.1875], [-2.234375], [-1.453125], [-1.9296875], [-2.09375], [-1.453125], [-2.5], [-2.953125], [-3.171875], [-2.265625], [-2.34375], [-2.171875], [-1.375], [-1.4140625], [-2.484375], [-2.296875], [2.640625], [-1.6484375], [-5.03125], [1.1640625], [-2.4375], [-0.83203125], [-0.88671875], [-2.65625], [-1.09375], [-1.9375], [-2.40625], [-2.0625], [-2.21875], [-3.015625], [-2.34375], [-1.890625], [-0.86328125], [1.7890625], [-1.53125], [0.050537109375], [-2.265625], [-2.640625], [0.062255859375], [-2.03125], [-2.625], [-0.46484375], [-2.09375], [-1.390625], [-1.3828125], [-2.4375], [1.3046875], [-1.265625], [-0.6953125], [-2.59375], [-2.859375], [-0.94140625], [0.296875], [-4.1875], [-1.8828125], [0.09423828125], [-3.015625], [-1.5625], [-2.421875], [-2.09375], [-1.8515625], [-2.3125], [-0.66015625], [-0.341796875], [-1.75], [-0.984375], [-2.09375], [-2.515625], [-3.421875], [-2.375], [-1.5390625], [-2.890625], [-2.4375], [-2.25], [-2.296875], [-0.66796875], [-1.8359375], [-2.734375], [-2.328125], [-2.0625], [-4.3125], [-2.1875], [-1.9765625], [0.498046875], [-4.65625], [-1.1328125], [-2.65625], [-0.71484375], [-2.671875], [-2.78125], [-2.921875], [-2.609375], [-1.4140625], [-4.21875], [-2.984375], [-2.984375], [-0.8984375], [-2.9375], [-2.765625], [-2.21875], [1.9375]]}
