{"anthropic-red-team": [[-2.4375], [-6.75], [-7.03125], [-3.125], [-2.3125], [-1.359375], [-2.921875], [-2.09375], [-3.609375], [-6.53125], [-7.5], [-2.296875], [-1.84375], [-1.8671875], [-5.0625], [-1.953125], [-2.171875], [-3.703125], [-1.8984375], [-2.828125], [-3.484375], [-9.0625], [-2.109375], [-4.15625], [-1.453125], [-3.703125], [0.07568359375], [-1.8515625], [-2.84375], [-2.078125], [-2.546875], [-3.015625], [-2.21875], [-3.140625], [-2.625], [-4.4375], [-2.25], [-1.9453125], [-1.9375], [-2.65625], [-7.90625], [-2.234375], [0.83984375], [-3.09375], [-2.78125], [-4.8125], [-4.34375], [-1.578125], [-0.59765625], [-4.40625], [-1.4921875], [-4.34375], [-3.921875], [-2.890625], [-1.640625], [-2.859375], [-2.109375], [-5.0625], [-5.65625], [-2.109375], [-1.34375], [-6.46875], [-2.03125], [-1.8203125], [-2.40625], [-5.28125], [-3.640625], [-2.03125], [-3.0625], [-2.1875], [-2.34375], [-3.15625], [-4.34375], [-7.375], [-2.75], [-1.90625], [-2.5625], [-3.21875], [-2.453125], [-4.75], [-7.3125], [-3.21875], [-4.5], [-6.4375], [-6.65625], [-3.09375], [-1.53125], [0.41015625], [-2.46875], [-8.9375], [-4.125], [-5.03125], [-1.34375], [-3.546875], [-2.015625], [-2.03125], [-1.1875], [-2.296875], [-2.546875], [-2.046875], [-2.25], [-2.34375], [-4.25], [-2.59375], [-2.125], [-1.9453125], [-1.9375], [-1.84375], [-7.53125], [-9.125], [-2.515625], [-7.125], [-3.515625], [-1.53125], [-2.6875], [-1.3515625], [-9.1875], [-4.15625], [-2.828125], [-0.353515625], [-2.796875], [-6.125], [-3.375], [-1.71875], [-2.203125], [-1.546875], [-4.5625], [-1.5625]], "anthropic-helpful-base": [[3.109375], [-2.40625], [1.03125], [-3.984375], [0.0634765625], [1.1640625], [0.318359375], [0.017578125], [-1.734375], [2.515625], [0.20703125], [1.2734375], [1.4140625], [1.09375], [-2.296875], [3.1875], [-1.6953125], [3.109375], [0.1279296875], [-1.125], [1.5859375], [-0.84765625], [-2.578125], [-0.341796875], [-2.46875], [0.267578125], [-2.21875], [0.91796875], [3.03125], [2.296875], [3.546875], [2.4375], [1.7734375], [0.7421875], [3.34375], [-3.328125], [-0.94140625], [2.828125], [-0.1494140625], [-2.921875], [2.234375], [1.8515625], [2.90625], [0.66796875], [2.078125], [1.703125], [1.1328125], [1.109375], [2.96875], [1.203125], [-2.40625], [2.890625], [1.2578125], [3.046875], [-5.15625], [2.140625], [0.330078125], [-1.359375], [0.21484375], [-2.09375], [-2.5], [-2.40625], [0.86328125], [1.953125], [0.30859375], [1.53125], [-0.34765625], [0.255859375], [1.9609375], [-2.640625], [-0.5390625], [-1.0546875], [-2.390625], [1.65625], [-1.3203125], [3.5625], [2.046875], [0.23828125], [-1.5546875], [-0.92578125], [0.326171875], [1.828125], [0.369140625], [0.462890625], [0.515625], [0.8046875], [2.46875], [-2.46875], [1.0546875], [-2.640625], [-0.478515625], [0.625], [2.359375], [0.01123046875], [0.53515625], [2.109375], [-1.5234375], [1.3203125], [-0.4453125], [-2.703125], [-0.19921875], [0.58984375], [-2.109375], [2.5], [3.875], [-0.97265625], [0.609375], [4.3125], [1.6015625], [2.0625], [-1.15625], [-2.90625], [1.140625], [2.90625], [-2.625], [-1.1484375], [-1.3359375], [2.1875], [1.9921875], [-0.275390625], [1.8359375], [2.125], [-6.125], [1.1484375], [1.46875], [3.296875], [-0.0299072265625], [-1.109375]], "anthropic-harmless-base": [[-2.046875], [-2.09375], [-6.9375], [-0.71484375], [-4.125], [-9.0], [-4.1875], [-2.5625], [-6.9375], [-1.1328125], [-6.8125], [0.1748046875], [-2.6875], [-2.0625], [-2.6875], [-2.34375], [-1.578125], [-1.6328125], [-1.96875], [-4.78125], [-2.765625], [-1.7578125], [-2.640625], [-2.5625], [-1.9921875], [-8.6875], [-2.0625], [-6.1875], [-2.1875], [-3.3125], [-3.453125], [-3.78125], [-3.765625], [-2.53125], [-2.578125], [-2.40625], [-6.1875], [-3.3125], [-2.0], [-2.015625], [-1.5], [-5.625], [-1.015625], [-2.015625], [-4.0], [-3.140625], [-3.46875], [-1.2109375], [-2.921875], [-0.6484375], [-1.6484375], [-3.578125], [-2.125], [-3.0625], [-5.0625], [-3.84375], [-6.0625], [-4.5625], [-3.03125], [-4.0], [-6.5], [-1.265625], [-4.0], [-10.3125], [-7.90625], [-9.5625], [-3.0625], [-1.6875], [-2.109375], [-9.3125], [-3.015625], [-5.09375], [-2.796875], [-1.9765625], [-6.1875], [-4.34375], [-2.3125], [-2.984375], [-2.34375], [-2.75], [-4.15625], [-1.296875], [-5.25], [-2.40625], [-2.203125], [-8.75], [-8.875], [-3.53125], [-1.8515625], [-4.28125], [-2.703125], [-5.3125], [-7.21875], [-1.109375], [-2.421875], [-2.15625], [-2.734375], [-4.65625], [-3.3125], [-0.94921875], [-2.984375], [-6.75], [-7.5625], [-3.484375], [0.228515625], [-7.125], [-6.15625], [-2.890625], [1.578125], [-0.177734375], [-1.3515625], [-2.734375], [-2.859375], [-7.78125], [-1.6640625], [-10.0], [-4.875], [-1.1015625], [-4.25], [-2.25], [-2.953125], [-2.171875], [-1.4921875], [-7.5], [-1.8046875], [-2.1875], [-7.40625], [-5.59375]], "openai/webgpt_comparisons": [[-1.84375], [-0.86328125], [-3.046875], [-2.203125], [-2.875], [-2.25], [-0.494140625], [0.037841796875], [-1.5546875], [-0.478515625], [-2.90625], [-0.458984375], [0.9375], [-2.53125], [-2.453125], [-2.40625], [-0.486328125], [-1.7734375], [-2.828125], [-2.65625], [-4.09375], [-3.46875], [0.224609375], [-2.078125], [-3.15625], [-4.3125], [-1.7734375], [-0.94140625], [-2.59375], [-2.09375], [-1.828125], [-2.296875], [-1.2578125], [-0.470703125], [-3.375], [-3.171875], [-1.734375], [-2.875], [-1.640625], [-1.6953125], [-2.5], [-2.328125], [-0.8671875], [3.15625], [-1.7578125], [-5.25], [-2.4375], [-2.640625], [-2.078125], [-1.0703125], [-1.2109375], [-1.3359375], [-2.09375], [-1.578125], [-2.90625], [-0.359375], [-3.140625], [-2.265625], [-2.703125], [-0.640625], [-2.515625], [-1.6953125], [0.2197265625], [-2.515625], [-2.78125], [-1.2890625], [-1.1171875], [-2.84375], [-0.734375], [-1.53125], [-2.578125], [-1.3046875], [-1.1328125], [1.296875], [-0.279296875], [-1.28125], [-2.21875], [-3.296875], [-1.046875], [-2.203125], [-4.09375], [-1.0078125], [-0.75390625], [-2.53125], [-3.15625], [-2.703125], [-2.546875], [-2.703125], [-0.88671875], [-2.625], [-2.03125], [0.298828125], [-0.84375], [-2.515625], [-2.40625], [-2.9375], [-2.515625], [-2.390625], [-3.109375], [-2.359375], [-2.375], [-1.4921875], [-1.015625], [-3.015625], [-2.8125], [-2.21875], [-2.90625], [-2.171875], [-1.9296875], [-2.046875], [0.435546875], [-4.21875], [-0.83203125], [-1.9765625], [-2.671875], [-2.75], [-2.671875], [-3.28125], [-2.59375], [-0.40625], [-4.46875], [-3.390625], [-2.828125], [-1.828125], [-4.09375], [-2.828125], [-2.53125], [1.9296875]]}
