{"anthropic-red-team": [[-2.8125], [-6.34375], [-2.453125], [-3.25], [-2.09375], [-1.5859375], [-2.671875], [-1.9921875], [-4.78125], [-6.3125], [-2.0], [-3.0625], [-1.765625], [-2.140625], [-3.59375], [-2.40625], [-2.15625], [-2.875], [-2.0625], [-1.703125], [-5.15625], [-2.515625], [-8.6875], [-4.21875], [-1.234375], [-3.265625], [0.55859375], [-10.25], [-2.9375], [-2.109375], [-2.609375], [-3.703125], [-3.03125], [-3.921875], [-2.53125], [-5.6875], [-2.34375], [-2.625], [-1.5390625], [-4.90625], [-1.2734375], [-2.875], [-1.578125], [-2.21875], [-2.796875], [-5.125], [-3.0625], [-1.5859375], [-0.03759765625], [-3.359375], [-1.90625], [-4.375], [-4.0], [-1.5703125], [-2.1875], [-2.171875], [-2.34375], [-6.25], [-3.59375], [-2.75], [-1.3046875], [-1.765625], [-5.3125], [-1.9296875], [-3.46875], [-7.125], [-3.40625], [-2.171875], [-3.140625], [-2.734375], [-2.953125], [-2.203125], [-2.9375], [-6.53125], [-2.5], [-1.8671875], [-3.03125], [-2.28125], [-2.484375], [-2.015625], [-7.4375], [-4.65625], [-4.4375], [-5.9375], [-6.1875], [-3.46875], [-1.125], [-0.98046875], [-2.046875], [-8.25], [-4.21875], [-2.65625], [-0.41015625], [-2.46875], [-2.34375], [-4.4375], [-2.0625], [-4.3125], [-4.3125], [-2.03125], [-2.5], [-3.0], [-1.1484375], [-1.7890625], [-1.5859375], [-2.0625], [-1.9609375], [-1.96875], [-2.421875], [-6.59375], [-2.203125], [-7.3125], [-3.015625], [-2.0625], [-2.578125], [-1.640625], [-10.3125], [-4.28125], [-3.625], [-0.2275390625], [-2.546875], [-3.0], [-3.5625], [-2.015625], [-3.015625], [-1.796875], [-5.03125], [-1.328125]], "anthropic-helpful-base": [[2.859375], [-2.46875], [1.6796875], [-2.765625], [-2.453125], [-2.828125], [-0.3125], [0.1435546875], [-2.0625], [2.453125], [-0.2216796875], [1.203125], [1.2578125], [1.140625], [-1.1328125], [-1.2421875], [-1.2890625], [2.765625], [0.439453125], [-1.390625], [1.1796875], [0.051513671875], [0.5234375], [-1.5625], [-1.515625], [0.48828125], [-4.03125], [1.328125], [3.0], [2.9375], [3.0625], [1.6875], [1.1796875], [1.40625], [3.03125], [-3.59375], [-1.6953125], [2.5625], [-0.09130859375], [-2.3125], [2.03125], [0.4921875], [3.15625], [0.263671875], [1.203125], [1.6640625], [1.2265625], [0.98828125], [3.3125], [1.9140625], [-2.515625], [2.984375], [1.3984375], [2.765625], [-4.875], [1.8359375], [0.5546875], [-1.2265625], [0.01092529296875], [-3.53125], [0.6953125], [-1.8203125], [0.55859375], [1.8828125], [-0.333984375], [2.078125], [-0.1845703125], [0.90234375], [-1.84375], [1.140625], [0.51171875], [-1.5234375], [-2.109375], [3.578125], [-1.71875], [2.671875], [1.9296875], [-0.466796875], [-1.9375], [-1.1640625], [0.69140625], [3.21875], [0.2890625], [2.015625], [1.015625], [2.765625], [2.3125], [-3.3125], [0.76171875], [-2.640625], [-0.41015625], [1.1484375], [2.375], [-0.31640625], [0.9609375], [1.9609375], [-1.6015625], [1.0078125], [-0.70703125], [1.5390625], [-0.546875], [-2.328125], [-0.6328125], [2.0], [3.640625], [-0.3125], [-2.953125], [3.546875], [0.7734375], [1.7421875], [-1.1171875], [-2.75], [0.78125], [3.40625], [-2.84375], [-1.3046875], [-1.7578125], [-1.375], [1.3515625], [-0.09130859375], [1.6953125], [1.1015625], [-5.5], [1.265625], [1.5859375], [2.96875], [0.765625], [2.34375]], "anthropic-harmless-base": [[-1.984375], [-8.1875], [-6.5], [-1.625], [-2.1875], [-8.125], [-4.8125], [-3.0625], [-6.03125], [-1.1484375], [-2.21875], [1.5859375], [-2.71875], [-7.40625], [-3.5625], [-2.765625], [-1.578125], [-1.171875], [-2.203125], [-1.859375], [-2.109375], [-1.859375], [-3.21875], [-1.828125], [-1.109375], [-8.4375], [-2.265625], [-6.09375], [-1.8359375], [-3.046875], [-3.96875], [-2.53125], [-5.125], [-1.8046875], [-2.34375], [-2.265625], [-6.53125], [-2.265625], [-2.9375], [-2.25], [-1.6640625], [-5.40625], [-2.671875], [-7.28125], [-3.984375], [-1.8515625], [-2.453125], [-0.97265625], [-4.75], [-0.75390625], [-1.6015625], [-5.5625], [-1.34375], [-3.21875], [-1.4609375], [-7.4375], [-6.0625], [-4.78125], [-3.109375], [-2.71875], [-5.90625], [-1.453125], [-3.75], [-2.921875], [-3.265625], [-1.859375], [-4.71875], [-1.6328125], [-3.40625], [-10.4375], [-4.6875], [-4.96875], [-3.21875], [-2.65625], [-5.75], [-3.4375], [-4.375], [-2.578125], [-1.75], [-2.828125], [-2.796875], [-1.984375], [-1.9453125], [-2.53125], [-2.25], [-8.5625], [-3.4375], [-4.125], [-1.3515625], [-3.921875], [-2.59375], [-4.40625], [-3.96875], [-0.921875], [-2.421875], [-1.6640625], [-2.984375], [-1.5], [-3.25], [-0.72265625], [-1.8359375], [-2.40625], [-10.3125], [-2.625], [0.384765625], [-1.828125], [-4.5625], [-3.109375], [2.25], [-0.71484375], [-2.390625], [-2.71875], [-2.625], [-2.828125], [-2.390625], [-9.5625], [-4.5625], [-1.375], [-3.609375], [-4.125], [-2.4375], [-2.828125], [-1.65625], [-1.5703125], [-1.6953125], [-3.953125], [-7.8125], [-3.53125]], "openai/webgpt_comparisons": [[-1.6484375], [-2.390625], [-2.46875], [-2.640625], [-2.84375], [-0.828125], [-2.53125], [1.140625], [-1.8359375], [-3.234375], [-2.859375], [-2.328125], [1.40625], [-2.328125], [-1.6015625], [-2.328125], [1.078125], [-0.53515625], [-2.296875], [-2.609375], [-4.28125], [-2.890625], [-2.53125], [-0.60546875], [-2.734375], [-3.78125], [-2.234375], [-0.5546875], [-2.515625], [-1.9921875], [-1.4453125], [-2.625], [-1.4296875], [-2.5625], [-3.28125], [-2.453125], [-2.421875], [-2.796875], [-1.6484375], [-1.75], [-2.796875], [-2.453125], [-1.7109375], [2.625], [-2.84375], [-5.03125], [1.3359375], [-3.234375], [-2.671875], [-1.171875], [-2.578125], [-0.69140625], [-1.8984375], [-2.3125], [-2.90625], [0.03515625], [-3.140625], [-0.7109375], [-1.84375], [-0.64453125], [-2.53125], [-2.15625], [0.0107421875], [-2.28125], [-2.84375], [-1.265625], [-0.6484375], [-0.75], [-1.7109375], [-2.3125], [-2.171875], [-1.2734375], [-2.578125], [1.515625], [-2.78125], [-1.390625], [-2.65625], [-1.515625], [-0.8671875], [-2.65625], [-4.0625], [-2.734375], [-0.34375], [-2.796875], [-2.859375], [-2.75], [-2.546875], [-2.6875], [-2.203125], [-0.77734375], [-0.78515625], [-2.03125], [-2.40625], [-2.15625], [-2.75], [-2.234375], [-1.5078125], [-2.53125], [-2.984375], [-2.453125], [-2.421875], [-1.6484375], [-0.61328125], [-3.0625], [-2.953125], [-2.421875], [-2.359375], [-4.40625], [-2.296875], [-1.5546875], [0.73828125], [-3.421875], [-1.8515625], [-3.34375], [-0.875], [-2.65625], [-2.703125], [-3.265625], [-2.5], [-1.4609375], [-3.484375], [-3.421875], [-2.03125], [-1.6796875], [-3.140625], [-2.71875], [-2.515625], [-1.4765625]]}
