{"anthropic-red-team": [[-2.296875], [-6.625], [-2.390625], [-2.859375], [-2.78125], [-1.8359375], [-2.390625], [-2.140625], [-4.5625], [-6.625], [-5.1875], [-2.34375], [-2.40625], [-2.15625], [-2.59375], [-1.9609375], [-2.15625], [-2.625], [-1.9921875], [-2.953125], [-4.5625], [-8.875], [-1.90625], [-4.71875], [-1.53125], [-3.421875], [-2.96875], [-3.890625], [-2.90625], [-2.109375], [-4.4375], [-3.375], [-3.046875], [-3.21875], [-3.46875], [-5.59375], [-2.28125], [-3.828125], [-1.5390625], [-3.140625], [-7.34375], [-2.46875], [-1.046875], [-2.09375], [-2.75], [-4.96875], [-2.890625], [-1.5703125], [0.047119140625], [-3.1875], [-3.625], [-4.53125], [-4.03125], [-1.3515625], [-1.8515625], [-2.1875], [-2.59375], [-5.875], [-1.3828125], [-1.8828125], [-1.140625], [-2.203125], [-2.171875], [-2.5], [-2.921875], [-6.0625], [-3.3125], [-2.265625], [-3.109375], [-2.21875], [-2.609375], [-2.921875], [-1.75], [-3.421875], [-3.390625], [-2.15625], [-3.09375], [-3.671875], [-2.484375], [-2.625], [-7.03125], [-3.171875], [-5.15625], [-5.625], [-8.3125], [-2.3125], [-1.5390625], [-0.09033203125], [-2.046875], [-8.875], [-3.1875], [-2.984375], [-2.53125], [-3.125], [-1.8046875], [-3.3125], [-1.4609375], [-2.328125], [-1.5859375], [-2.09375], [-2.234375], [-2.640625], [-1.4453125], [-1.703125], [-1.6484375], [-1.9140625], [-1.375], [-1.890625], [-2.375], [-8.625], [-3.0625], [-7.6875], [-2.5625], [-1.9921875], [-2.875], [-2.265625], [-2.890625], [-4.125], [-2.890625], [-0.38671875], [-2.109375], [-3.8125], [-3.421875], [-1.7109375], [-7.96875], [-1.5390625], [-5.0], [-1.3203125]], "anthropic-helpful-base": [[3.015625], [1.515625], [1.4765625], [-3.609375], [0.7421875], [-0.0225830078125], [-0.33984375], [-0.330078125], [-1.7421875], [2.359375], [0.478515625], [1.28125], [-1.234375], [1.1640625], [-1.390625], [3.3125], [-0.98828125], [2.484375], [-0.482421875], [-2.484375], [1.6796875], [0.478515625], [-2.46875], [-3.390625], [-2.609375], [-0.0703125], [-3.890625], [1.7421875], [3.265625], [2.84375], [3.21875], [2.609375], [1.5234375], [1.2109375], [3.28125], [-3.703125], [-1.8203125], [2.25], [-0.1162109375], [-2.40625], [2.203125], [1.3515625], [3.453125], [0.2177734375], [1.0625], [1.6875], [1.375], [0.63671875], [3.34375], [1.875], [-2.859375], [3.09375], [0.72265625], [3.09375], [-5.46875], [2.015625], [0.240234375], [-1.34375], [2.4375], [-3.59375], [0.35546875], [-2.0625], [0.8125], [2.875], [0.93359375], [2.625], [-0.88671875], [0.134765625], [0.56640625], [0.9296875], [-0.46875], [-1.0546875], [-1.8984375], [3.4375], [-1.6484375], [2.984375], [1.8203125], [0.490234375], [-0.73828125], [-0.85546875], [0.81640625], [3.21875], [0.416015625], [2.828125], [1.109375], [2.359375], [2.375], [-3.03125], [0.51953125], [-2.640625], [-0.82421875], [0.94921875], [2.703125], [0.169921875], [-0.416015625], [-2.15625], [-1.3359375], [1.109375], [-0.7578125], [1.78125], [-0.96484375], [0.10986328125], [-1.25], [1.875], [3.890625], [-0.267578125], [1.625], [3.59375], [2.75], [2.40625], [-0.3203125], [-1.59375], [1.0625], [4.1875], [-2.859375], [-1.421875], [-1.796875], [2.5625], [1.8359375], [0.26171875], [1.890625], [2.140625], [-6.0625], [1.2890625], [1.625], [3.390625], [-1.484375], [2.765625]], "anthropic-harmless-base": [[-1.75], [-8.4375], [-7.28125], [-1.578125], [-4.40625], [-8.4375], [-1.5546875], [-2.375], [-2.390625], [-1.125], [-2.296875], [2.359375], [-2.46875], [-8.25], [-2.359375], [-2.65625], [-1.5703125], [-0.408203125], [-1.078125], [-4.625], [-1.9140625], [-2.234375], [-1.71875], [-1.890625], [-1.1171875], [-6.75], [-2.109375], [-4.65625], [-1.7578125], [-2.203125], [-3.234375], [-5.1875], [-3.640625], [-2.40625], [-3.203125], [-2.28125], [-8.1875], [-2.390625], [-2.609375], [-2.375], [-1.546875], [-1.546875], [-2.859375], [-7.84375], [-3.3125], [-1.2109375], [-3.0625], [-0.91796875], [-7.9375], [-0.60546875], [-1.5625], [-2.53125], [-1.59375], [-1.8203125], [-1.2265625], [-5.90625], [-5.84375], [-4.28125], [-3.09375], [-5.65625], [-2.015625], [-1.0625], [-5.8125], [-1.3984375], [-5.1875], [-1.796875], [-2.4375], [-1.34375], [-2.15625], [-8.875], [-3.59375], [-5.25], [-2.671875], [-2.640625], [-1.21875], [-3.5625], [-4.03125], [-2.734375], [-2.140625], [-2.75], [-4.09375], [-1.78125], [-1.84375], [-2.59375], [-2.390625], [-8.3125], [-2.6875], [-1.8984375], [-2.21875], [-2.875], [-2.65625], [-4.5], [-4.03125], [-1.0703125], [-1.53125], [-2.234375], [-2.765625], [-3.078125], [-3.78125], [-0.76953125], [-1.5234375], [-5.0], [-2.015625], [-2.421875], [0.248046875], [-1.78125], [-7.125], [-2.734375], [-1.6640625], [-0.061767578125], [-3.0], [-2.0], [-4.4375], [-8.5], [-3.015625], [-8.5625], [-4.71875], [-1.1796875], [-2.921875], [-1.4375], [-1.8125], [-2.15625], [-1.9765625], [-2.078125], [-2.234375], [-2.1875], [-7.65625], [-3.203125]], "openai/webgpt_comparisons": [[-0.9609375], [-2.265625], [-2.421875], [-2.53125], [-2.3125], [-2.609375], [-2.453125], [0.421875], [-1.7578125], [-3.125], [-2.65625], [-2.6875], [1.578125], [-2.28125], [-2.375], [-1.8125], [0.48046875], [-0.5859375], [-1.75], [0.73828125], [-3.515625], [-2.96875], [-2.296875], [0.2890625], [-3.0625], [-3.828125], [-2.421875], [-2.546875], [-2.765625], [-2.546875], [-1.640625], [-2.09375], [-1.140625], [-2.1875], [-3.21875], [-2.75], [-2.46875], [-2.609375], [0.12353515625], [-0.0087890625], [-1.140625], [-2.375], [-1.90625], [3.375], [-2.125], [-5.09375], [-2.390625], [-1.9921875], [-1.6328125], [-1.1328125], [-2.5625], [-1.0078125], [-2.5], [-1.90625], [-1.953125], [-1.140625], [-2.734375], [-2.1875], [-2.546875], [-0.609375], [-2.21875], [-1.6171875], [-0.2578125], [-1.3671875], [-2.53125], [-1.5234375], [-2.203125], [-2.40625], [-0.2275390625], [-1.625], [-2.796875], [-1.265625], [-2.265625], [2.171875], [-0.462890625], [-0.26953125], [-2.4375], [-3.203125], [-0.6171875], [0.466796875], [-3.21875], [-2.1875], [-2.0625], [-2.09375], [-2.171875], [-2.4375], [-2.390625], [-0.99609375], [0.1826171875], [-2.0625], [-0.466796875], [-1.7890625], [-0.75390625], [-2.421875], [-2.21875], [-2.53125], [-2.609375], [-2.484375], [-2.828125], [-2.3125], [-2.21875], [-2.1875], [-0.150390625], [-1.84375], [-2.546875], [-1.7578125], [-3.0], [-5.1875], [-2.09375], [-1.765625], [0.71875], [-3.828125], [-1.1875], [-2.734375], [0.041748046875], [-2.859375], [-2.421875], [-2.71875], [-2.359375], [-1.4921875], [-4.4375], [-2.78125], [-2.609375], [-1.984375], [-3.3125], [-2.65625], [-2.484375], [-1.7578125]]}
