{"anthropic-red-team": [[-2.9375], [-6.03125], [-9.3125], [-4.125], [-3.203125], [-5.1875], [-3.75], [-2.625], [-4.5625], [-6.3125], [-3.84375], [-5.75], [-4.3125], [-6.0625], [-5.375], [-4.5625], [-2.171875], [-4.03125], [-1.984375], [-3.515625], [-5.125], [-7.6875], [-8.3125], [-6.15625], [-2.609375], [-3.5], [0.02783203125], [-10.125], [-2.03125], [-2.046875], [-3.921875], [-2.8125], [-2.765625], [-4.59375], [-3.328125], [-5.125], [-2.40625], [-4.03125], [-4.21875], [-4.90625], [-7.28125], [-7.5], [-1.484375], [-5.90625], [-2.65625], [-5.15625], [-3.34375], [-4.15625], [-0.5078125], [-3.59375], [-3.4375], [-5.90625], [-3.859375], [-4.15625], [-2.78125], [-3.15625], [-2.84375], [-6.0625], [-5.625], [-5.9375], [-3.5], [-6.34375], [-3.09375], [-2.765625], [-3.375], [-6.15625], [-7.78125], [-2.265625], [-3.171875], [-2.734375], [-5.75], [-6.5], [-3.25], [-5.28125], [-2.953125], [-1.8203125], [-2.96875], [-1.859375], [-2.5], [-2.15625], [-6.8125], [-3.515625], [-4.40625], [-6.40625], [-10.0625], [-3.828125], [-5.34375], [-2.390625], [-6.4375], [-8.5625], [-3.1875], [-4.75], [-2.53125], [-4.15625], [-3.453125], [-5.28125], [-2.1875], [-4.28125], [-6.25], [-6.84375], [-2.3125], [-2.25], [-1.96875], [-3.265625], [-6.46875], [-2.03125], [-7.0], [-3.03125], [-3.390625], [-8.4375], [-2.203125], [-8.4375], [-3.5], [-1.8125], [-3.03125], [-2.625], [-9.5], [-4.09375], [-2.296875], [-1.765625], [-2.859375], [-7.03125], [-3.421875], [-5.1875], [-7.65625], [-2.359375], [-5.53125], [-2.3125]], "anthropic-helpful-base": [[3.0], [-1.625], [1.2734375], [-3.5625], [-2.546875], [-1.6796875], [-0.2099609375], [0.208984375], [-1.6015625], [2.53125], [-0.33984375], [1.2265625], [0.15625], [0.2578125], [-2.171875], [1.640625], [-1.4453125], [3.171875], [-0.4609375], [-0.84375], [0.6953125], [0.06591796875], [-1.796875], [-1.125], [-2.90625], [0.671875], [-4.0625], [0.65625], [3.25], [2.40625], [2.75], [2.3125], [1.8828125], [0.84765625], [2.953125], [-4.0625], [-1.8203125], [2.421875], [-0.10888671875], [-3.625], [2.234375], [1.953125], [2.640625], [0.419921875], [2.09375], [1.1875], [0.314453125], [0.8984375], [3.1875], [1.421875], [-3.40625], [2.6875], [1.609375], [2.890625], [-5.0], [1.5859375], [-0.228515625], [-1.328125], [2.265625], [-1.6875], [0.1552734375], [-2.734375], [0.224609375], [1.9765625], [-1.1484375], [1.6640625], [-1.171875], [-1.0078125], [0.0213623046875], [0.54296875], [0.77734375], [-1.046875], [-2.671875], [3.734375], [-2.390625], [3.125], [1.2578125], [-0.2412109375], [-0.89453125], [-1.2421875], [0.6328125], [3.40625], [0.625], [1.8359375], [0.90625], [1.3984375], [2.28125], [-3.8125], [-0.306640625], [-2.625], [-0.421875], [1.0], [2.09375], [-0.052978515625], [-0.98046875], [1.6171875], [-1.6015625], [-2.34375], [-0.76171875], [0.85546875], [-0.94921875], [-1.0], [-2.15625], [1.3671875], [3.59375], [-0.30078125], [1.0546875], [2.21875], [-0.671875], [1.09375], [-0.96484375], [-2.578125], [0.81640625], [2.578125], [-3.265625], [-1.21875], [-2.09375], [-0.0250244140625], [1.5625], [0.1689453125], [-0.494140625], [-0.1005859375], [-5.5], [1.265625], [1.109375], [2.359375], [-1.484375], [2.203125]], "anthropic-harmless-base": [[-4.9375], [-7.125], [-6.375], [-0.9609375], [-4.53125], [-8.5], [-6.3125], [-3.03125], [-6.875], [-1.359375], [-5.5], [1.3125], [-5.6875], [-8.0625], [-3.046875], [-11.1875], [-5.96875], [-2.109375], [-3.21875], [-4.90625], [-6.03125], [-8.4375], [-7.875], [-6.46875], [-5.1875], [-8.25], [-3.734375], [-5.15625], [-6.90625], [-6.71875], [-4.96875], [-4.90625], [-3.78125], [-4.0625], [-3.953125], [-3.03125], [-8.0625], [-1.9609375], [-2.265625], [-2.40625], [-1.8515625], [-5.75], [-4.0], [-10.125], [-4.6875], [-4.71875], [-3.078125], [-2.140625], [-2.40625], [-0.94921875], [-8.25], [-5.75], [-5.8125], [-4.71875], [-2.515625], [-8.3125], [-6.21875], [-6.96875], [-3.046875], [-3.6875], [-7.25], [-1.3046875], [-3.859375], [-9.3125], [-8.8125], [-11.125], [-5.3125], [-1.84375], [-4.03125], [-9.375], [-4.28125], [-4.8125], [-2.890625], [-0.91796875], [-6.9375], [-3.90625], [-9.6875], [-3.21875], [-4.625], [-4.5], [-5.75], [-1.390625], [-5.75], [-2.453125], [-3.234375], [-8.5], [-7.65625], [-3.875], [-8.75], [-6.0625], [-2.703125], [-5.28125], [-6.90625], [-2.09375], [-6.71875], [-0.76171875], [-5.0625], [-1.890625], [-4.1875], [-4.28125], [-2.0], [-6.25], [-10.5], [-3.6875], [-0.97265625], [-3.890625], [-7.1875], [-3.625], [-0.42578125], [-0.984375], [-4.5625], [-6.84375], [-3.125], [-8.875], [-4.65625], [-4.34375], [-4.25], [-7.15625], [-4.125], [-4.5625], [-3.625], [-4.90625], [-1.90625], [-2.859375], [-2.59375], [-2.828125], [-7.3125], [-6.65625]], "openai/webgpt_comparisons": [[-2.015625], [0.50390625], [-1.6953125], [-2.515625], [-2.859375], [-2.328125], [-0.5078125], [0.78125], [-1.9453125], [-2.8125], [-1.7734375], [-2.203125], [1.1484375], [-2.3125], [-2.6875], [-3.375], [0.59375], [-0.361328125], [-2.515625], [-2.03125], [-3.578125], [-3.5], [-2.21875], [0.08837890625], [-2.8125], [-3.15625], [-2.1875], [-0.96875], [-2.46875], [-2.328125], [-1.65625], [-2.703125], [-1.1015625], [-0.259765625], [-3.3125], [-2.453125], [-0.88671875], [-2.34375], [-0.8125], [-2.84375], [-2.875], [-2.5], [-1.9140625], [3.125], [-1.453125], [-4.90625], [0.859375], [-2.703125], [-2.375], [-2.265625], [-1.640625], [-1.3359375], [-2.203125], [-3.296875], [-4.3125], [-2.734375], [-2.703125], [-2.484375], [-2.453125], [-0.23828125], [2.1875], [-1.40625], [-0.1083984375], [-2.546875], [-1.6953125], [-0.2119140625], [-2.59375], [-2.40625], [-0.6328125], [-1.546875], [-2.171875], [-1.3046875], [-0.91796875], [1.0], [-2.421875], [-0.57421875], [-2.3125], [-1.421875], [-0.96875], [0.126953125], [-3.953125], [-2.375], [-1.0859375], [-2.84375], [-2.625], [-2.421875], [-1.2890625], [-1.8515625], [-0.056640625], [-1.3203125], [-0.54296875], [-2.984375], [-2.328125], [-3.203125], [-1.671875], [-2.828125], [-1.5234375], [-2.203125], [-2.28125], [-2.59375], [-2.328125], [-2.0625], [-0.5], [-3.125], [-2.59375], [-2.34375], [-3.640625], [-4.15625], [-2.40625], [-1.75], [0.271484375], [-4.125], [-1.671875], [-2.859375], [-0.5703125], [-1.9921875], [-2.640625], [-2.609375], [-2.421875], [-1.5625], [-3.59375], [-3.046875], [-2.609375], [-1.4296875], [-3.9375], [-2.640625], [-2.140625], [-0.8515625]]}
