{"anthropic-red-team": [[-2.921875], [-6.40625], [-1.2421875], [-4.75], [-2.78125], [-1.9375], [-1.984375], [-2.03125], [-4.21875], [-6.78125], [-1.6171875], [-2.34375], [-1.7890625], [-1.65625], [-4.5625], [-2.203125], [-2.15625], [-2.71875], [-1.984375], [-2.46875], [-3.75], [-1.3515625], [-1.234375], [-1.6796875], [-1.4609375], [-1.703125], [0.9296875], [-10.5], [-2.921875], [-2.109375], [-2.046875], [-3.1875], [-2.890625], [-2.890625], [-2.5], [-5.1875], [-2.171875], [-2.40625], [-2.46875], [-4.84375], [-0.94921875], [-3.25], [1.546875], [-2.609375], [-2.84375], [-5.21875], [-1.6484375], [-1.546875], [-1.4375], [-4.5], [-0.90234375], [-2.328125], [-3.84375], [-5.15625], [-1.078125], [-3.34375], [-2.90625], [-6.28125], [-1.3984375], [-1.890625], [-1.0078125], [-1.6171875], [-2.171875], [-1.25], [-2.703125], [-5.59375], [-3.296875], [-5.28125], [-2.953125], [-2.65625], [-1.8828125], [-1.7890625], [-2.421875], [-1.7578125], [-3.9375], [-1.984375], [-2.046875], [-6.0], [-2.484375], [-2.140625], [-7.0625], [-3.203125], [-4.9375], [-5.5], [-8.5], [-1.1171875], [-0.72265625], [-1.7578125], [-3.015625], [-9.0625], [-3.28125], [-3.59375], [-2.484375], [-3.078125], [-1.4609375], [-2.65625], [-1.203125], [-4.03125], [-1.6796875], [-1.4921875], [-1.5625], [-2.765625], [-3.578125], [-1.6875], [-1.828125], [-1.84375], [-1.1640625], [-1.8828125], [-2.34375], [-0.6875], [-2.203125], [-6.90625], [-1.5234375], [-1.984375], [-2.875], [-2.609375], [-11.3125], [-4.25], [-1.671875], [-1.9375], [-2.859375], [-3.9375], [-3.8125], [-1.734375], [-8.4375], [-2.484375], [-2.609375], [-1.390625]], "anthropic-helpful-base": [[2.9375], [-2.875], [1.3046875], [-3.125], [-2.15625], [-1.734375], [0.240234375], [-0.1826171875], [-2.015625], [2.59375], [0.6875], [-1.5234375], [0.88671875], [1.34375], [-2.171875], [2.84375], [-1.1171875], [3.1875], [0.1494140625], [-0.84375], [1.8125], [-1.1484375], [0.365234375], [-3.328125], [-3.09375], [-1.0703125], [-4.0625], [1.5234375], [2.96875], [-1.640625], [3.140625], [2.4375], [1.7578125], [1.09375], [3.125], [-3.21875], [-0.07177734375], [2.28125], [-0.40234375], [-3.046875], [1.890625], [2.0], [3.03125], [0.73828125], [1.2421875], [1.609375], [1.0390625], [0.154296875], [3.421875], [1.3671875], [-3.484375], [2.796875], [1.2890625], [3.015625], [-5.1875], [2.46875], [0.5390625], [-1.328125], [2.359375], [-1.5390625], [0.2890625], [-2.8125], [0.7109375], [-1.9921875], [-0.06201171875], [1.8828125], [0.05126953125], [0.6328125], [0.43359375], [-2.34375], [0.96875], [-1.046875], [-1.2578125], [3.546875], [-2.484375], [3.0], [-0.77734375], [-0.62890625], [-0.79296875], [-0.8359375], [0.91015625], [2.921875], [0.3203125], [2.734375], [1.703125], [1.28125], [2.203125], [-1.5078125], [0.69921875], [-2.46875], [-0.447265625], [1.046875], [2.125], [0.1513671875], [0.72265625], [1.1953125], [-1.796875], [1.90625], [-0.64453125], [1.3359375], [-0.88671875], [-2.015625], [-1.546875], [1.6015625], [3.921875], [0.035888671875], [1.2421875], [3.5], [-1.7734375], [1.7421875], [-0.8359375], [-2.1875], [1.1171875], [2.953125], [-2.390625], [-2.71875], [-1.7734375], [2.09375], [-1.5078125], [0.0380859375], [1.1953125], [-0.58984375], [-6.53125], [1.140625], [0.8359375], [2.59375], [-2.5625], [2.71875]], "anthropic-harmless-base": [[-4.0], [-2.390625], [-7.4375], [-0.9296875], [-4.09375], [-2.125], [-5.375], [-2.09375], [-7.59375], [-1.0078125], [-2.828125], [1.4296875], [-5.0625], [-7.625], [-1.71875], [-11.125], [-5.5], [-2.546875], [-1.6015625], [-0.796875], [-5.53125], [-3.6875], [-0.875], [-6.53125], [-4.15625], [-8.8125], [-7.71875], [-6.1875], [-2.53125], [-8.875], [-4.375], [-5.6875], [-3.921875], [-4.03125], [-2.40625], [-1.8828125], [-7.9375], [-1.5625], [-2.328125], [-2.4375], [-1.5078125], [-5.40625], [-1.2578125], [-4.65625], [-4.59375], [-0.55078125], [-3.140625], [-1.0390625], [-1.703125], [-0.75390625], [-0.96875], [-3.328125], [-1.15625], [-1.7578125], [-1.8046875], [-7.46875], [-1.71875], [-4.125], [-2.796875], [-2.65625], [-1.3046875], [-2.5], [-3.484375], [-2.90625], [-8.125], [-1.421875], [-2.171875], [-1.078125], [-2.53125], [-9.0], [-1.7421875], [-4.90625], [-2.640625], [-2.296875], [-5.6875], [-4.9375], [-9.125], [-2.75], [-1.7109375], [-2.734375], [-2.875], [-2.625], [-4.78125], [-0.86328125], [-2.28125], [-8.375], [-6.09375], [-4.09375], [-3.234375], [-4.03125], [-2.5], [-5.96875], [-7.28125], [-2.359375], [-1.6875], [-1.3671875], [-2.109375], [-5.0], [-3.65625], [-8.0], [-1.8359375], [-5.96875], [-10.0625], [-2.5625], [-0.7734375], [-5.0625], [-2.71875], [-2.015625], [2.140625], [-0.490234375], [-4.65625], [-0.76171875], [-4.75], [-9.0625], [-4.0625], [-4.53125], [-4.65625], [-0.83984375], [-1.8828125], [-1.890625], [-2.46875], [-2.953125], [-1.59375], [-1.515625], [-2.21875], [-3.0625], [-6.71875], [-0.91015625]], "openai/webgpt_comparisons": [[-2.296875], [-0.07861328125], [-2.671875], [-2.578125], [-2.65625], [-0.130859375], [-0.81640625], [-3.015625], [-1.796875], [-3.046875], [-2.8125], [-2.8125], [1.34375], [-2.0], [-2.40625], [-2.21875], [-0.474609375], [-0.29296875], [-3.3125], [-2.640625], [-3.46875], [-2.5625], [-2.453125], [-2.390625], [-2.5], [-3.03125], [-2.328125], [-0.62890625], [-2.5], [-2.34375], [-1.0078125], [-2.5625], [-1.34375], [-0.30078125], [-3.34375], [-2.8125], [-2.3125], [-3.0], [0.4609375], [-1.3046875], [-1.3515625], [-2.328125], [-1.2890625], [2.78125], [-2.109375], [-5.0625], [1.046875], [-2.453125], [-2.515625], [-0.98828125], [-2.703125], [-0.8828125], [-2.0625], [-2.71875], [-2.03125], [-2.09375], [-3.203125], [-1.09375], [-1.296875], [-0.2333984375], [-2.515625], [-1.7578125], [0.1259765625], [-2.359375], [-2.640625], [-1.34375], [-2.109375], [-2.0], [-2.28125], [-2.25], [-1.25], [-1.171875], [-2.59375], [1.5390625], [-2.609375], [-0.99609375], [-2.453125], [-3.1875], [-0.9609375], [-0.06787109375], [-4.09375], [-1.40625], [-0.5390625], [-2.609375], [-2.75], [-2.296875], [-1.890625], [-2.515625], [-2.1875], [-2.671875], [-0.66015625], [-2.296875], [-2.671875], [-2.8125], [-2.5], [-3.1875], [-1.609375], [-1.2109375], [-2.625], [-2.390625], [-2.328125], [-2.140625], [-0.66796875], [-1.984375], [-2.734375], [-2.21875], [-2.4375], [-4.6875], [-1.5703125], [-1.953125], [0.36328125], [-2.296875], [-1.7890625], [-2.609375], [-0.74609375], [-3.125], [-2.71875], [-2.828125], [-2.375], [-1.625], [-4.21875], [-3.46875], [-3.234375], [-1.8515625], [-4.15625], [-2.96875], [-2.515625], [1.8125]]}
