{"anthropic-red-team": [[-2.296875], [-5.875], [-9.75], [-1.984375], [-3.046875], [-1.703125], [-2.578125], [-2.625], [-4.9375], [-6.1875], [-1.984375], [-4.03125], [-1.46875], [-2.34375], [-4.84375], [-2.265625], [-2.171875], [-2.6875], [-1.8203125], [-3.234375], [-4.15625], [-7.90625], [-8.5], [-1.671875], [-1.2265625], [-1.6953125], [0.0703125], [-10.375], [-3.109375], [-1.984375], [-2.015625], [-2.515625], [-3.46875], [-3.875], [-3.828125], [-5.78125], [-2.234375], [-3.609375], [-1.3984375], [-4.09375], [-8.6875], [-2.484375], [-1.4609375], [-2.515625], [-2.765625], [-4.75], [-3.609375], [-1.515625], [-0.60546875], [-3.5625], [-1.578125], [-8.9375], [-3.828125], [-4.78125], [-2.15625], [-2.921875], [-2.65625], [-6.6875], [-5.25], [-1.8203125], [-1.109375], [-2.0], [-2.15625], [-2.796875], [-2.5625], [-6.375], [-7.8125], [-2.203125], [-2.96875], [-2.5625], [-2.234375], [-3.484375], [-2.4375], [-2.375], [-3.671875], [-1.890625], [-2.328125], [-2.078125], [-2.296875], [-4.71875], [-6.65625], [-3.21875], [-4.90625], [-6.65625], [-7.6875], [-1.6171875], [-1.578125], [-2.328125], [-3.46875], [-8.0625], [-4.90625], [-4.96875], [-2.375], [-3.21875], [-3.453125], [-2.671875], [-2.171875], [-2.390625], [-2.5], [-1.703125], [-9.0], [-2.390625], [-2.609375], [-2.609375], [-6.03125], [-1.9140625], [-1.5], [-1.9296875], [-2.40625], [-9.3125], [-3.046875], [-6.59375], [-2.421875], [-1.765625], [-2.875], [-1.2421875], [-9.6875], [-4.09375], [-1.8828125], [-0.4921875], [-2.875], [-7.25], [-2.21875], [-5.21875], [-2.5], [-1.5546875], [-4.53125], [-1.1875]], "anthropic-helpful-base": [[3.25], [-2.84375], [1.09375], [-3.390625], [-2.515625], [-2.484375], [-0.32421875], [0.35546875], [-1.7421875], [2.3125], [-0.234375], [1.171875], [1.7421875], [0.68359375], [-2.265625], [2.484375], [-1.2265625], [3.171875], [0.416015625], [-0.859375], [1.40625], [-0.6484375], [-2.453125], [-3.484375], [-2.609375], [-0.57421875], [-1.8359375], [1.828125], [3.234375], [2.03125], [2.9375], [1.96875], [1.8359375], [1.5234375], [2.796875], [-3.359375], [-2.4375], [2.375], [-0.3828125], [-2.6875], [2.515625], [1.8046875], [2.4375], [1.0], [1.7890625], [1.4765625], [0.87109375], [0.796875], [3.15625], [1.3984375], [-2.953125], [2.703125], [1.25], [2.921875], [-5.34375], [2.0625], [0.73828125], [-1.4453125], [2.046875], [-1.796875], [-2.484375], [-2.125], [0.44921875], [2.265625], [-0.08349609375], [1.9609375], [-0.8515625], [0.953125], [0.49609375], [0.9765625], [-0.443359375], [-1.0546875], [-3.359375], [2.796875], [-1.671875], [2.15625], [2.375], [-0.33203125], [-0.96875], [-0.4765625], [1.0234375], [3.515625], [0.365234375], [2.359375], [0.94921875], [-0.11669921875], [2.59375], [-4.1875], [0.68359375], [-2.796875], [-0.44921875], [1.3125], [1.828125], [0.0341796875], [1.4453125], [1.46875], [-1.046875], [0.4765625], [-0.67578125], [1.8984375], [-0.515625], [-1.8515625], [-2.515625], [2.421875], [3.6875], [-0.349609375], [1.2265625], [3.671875], [-0.13671875], [1.8671875], [-0.50390625], [-2.03125], [0.97265625], [3.5625], [-2.25], [-1.4609375], [-1.90625], [-2.15625], [-2.125], [0.05126953125], [-0.55859375], [-1.3203125], [-5.46875], [1.1015625], [1.0546875], [2.75], [-2.5625], [2.875]], "anthropic-harmless-base": [[-1.9140625], [-2.46875], [-8.4375], [-1.0234375], [-1.953125], [-8.6875], [-6.40625], [-2.875], [-9.3125], [-1.046875], [-5.875], [1.421875], [-4.90625], [-7.3125], [-2.578125], [-10.6875], [-2.5625], [-1.9609375], [-3.265625], [-5.0], [-7.0], [-1.578125], [-9.125], [-7.28125], [-4.15625], [-6.875], [-2.578125], [-5.59375], [-2.078125], [-3.328125], [-4.1875], [-5.3125], [-5.0], [-4.6875], [-2.421875], [-2.84375], [-3.8125], [-2.09375], [-2.203125], [-2.328125], [-1.625], [-5.375], [-2.5625], [-3.3125], [-3.9375], [-4.09375], [-3.359375], [-1.1640625], [-2.015625], [-1.2578125], [-1.875], [-3.078125], [-7.21875], [-4.125], [-2.6875], [-6.53125], [-6.03125], [-4.4375], [-2.9375], [-3.0625], [-1.6328125], [-1.5546875], [-3.875], [-9.375], [-4.90625], [-10.1875], [-2.375], [-1.734375], [-2.875], [-9.125], [-3.546875], [-4.75], [-2.765625], [-0.84765625], [-5.9375], [-4.78125], [-9.375], [-2.625], [-6.21875], [-3.109375], [-2.78125], [-2.453125], [-6.71875], [-1.546875], [-2.28125], [-8.125], [-7.59375], [-4.40625], [-5.0], [-4.25], [-2.640625], [-4.1875], [-4.15625], [-1.9140625], [-1.8046875], [-1.6015625], [-4.40625], [-4.0], [-3.96875], [-0.59765625], [-1.703125], [-4.8125], [-10.25], [-2.6875], [-1.5234375], [-6.53125], [-5.71875], [-1.7265625], [-1.828125], [-0.53515625], [-3.890625], [-1.765625], [-3.375], [-9.1875], [-4.9375], [-9.1875], [-4.125], [-1.5], [-1.34375], [-1.84375], [-3.875], [-2.78125], [-3.65625], [-1.78125], [-2.5], [-4.65625], [-7.5], [-4.28125]], "openai/webgpt_comparisons": [[-2.390625], [0.419921875], [-0.4296875], [-2.0625], [-1.453125], [-2.28125], [-0.244140625], [0.66796875], [-1.90625], [-2.984375], [-2.84375], [-2.703125], [0.80859375], [-2.578125], [-2.578125], [-2.375], [0.51171875], [-0.56640625], [-1.859375], [-0.96484375], [-4.0], [-2.578125], [-2.546875], [-2.453125], [-3.296875], [-2.515625], [-2.125], [-0.71484375], [-2.53125], [-1.4140625], [-1.71875], [-2.34375], [-1.265625], [-2.578125], [-3.1875], [-2.890625], [-1.953125], [-2.734375], [-2.171875], [-1.7421875], [-2.515625], [-2.46875], [-2.015625], [-3.234375], [-2.84375], [-5.15625], [1.3046875], [-2.75], [-1.921875], [-1.4296875], [-2.71875], [-1.1875], [-2.6875], [-2.84375], [-2.078125], [-0.12451171875], [-3.0625], [-1.84375], [-2.796875], [-0.75390625], [1.828125], [-3.03125], [-0.10205078125], [-2.09375], [-3.046875], [-1.296875], [-1.234375], [-2.75], [-0.04833984375], [-2.078125], [-1.7578125], [-1.6796875], [-2.515625], [-3.015625], [-2.609375], [-0.90234375], [-2.65625], [-2.984375], [-0.60546875], [0.39453125], [-4.3125], [-2.8125], [-1.1015625], [-2.734375], [-2.9375], [-2.390625], [-1.9921875], [-3.359375], [0.05224609375], [-1.171875], [-0.5859375], [-0.4921875], [-0.671875], [-2.765625], [-2.515625], [-3.296875], [-1.2734375], [-2.234375], [-2.734375], [-2.4375], [-2.625], [-2.4375], [-1.109375], [-2.125], [-2.90625], [-2.453125], [-3.1875], [-5.28125], [-1.2421875], [-1.9453125], [0.28125], [-3.890625], [-0.189453125], [-2.640625], [-1.1015625], [-2.6875], [-2.703125], [-2.84375], [-2.640625], [-1.6640625], [-4.0625], [-2.765625], [-2.875], [-2.21875], [-2.796875], [-2.8125], [-2.71875], [-1.4765625]]}
