{"anthropic-red-team": [[-2.4375], [-6.0], [-2.265625], [-3.5], [-2.9375], [-4.78125], [-2.90625], [-4.375], [-4.5625], [-6.71875], [-2.0], [-3.25], [-4.875], [-2.5625], [-5.125], [-4.0625], [-2.78125], [-4.53125], [-1.9921875], [-4.0625], [-5.09375], [-8.25], [-7.5625], [-5.53125], [-1.4140625], [-5.1875], [0.1259765625], [-9.5], [-3.1875], [-2.0625], [-4.8125], [-4.28125], [-3.234375], [-4.3125], [-3.546875], [-5.8125], [-2.40625], [-4.03125], [-6.125], [-5.125], [-8.375], [-5.6875], [1.1171875], [-3.640625], [-2.859375], [-4.8125], [-2.953125], [-2.171875], [-0.64453125], [-4.59375], [-3.640625], [-8.375], [-3.859375], [-1.296875], [-3.078125], [-3.53125], [-2.9375], [-6.5], [-5.4375], [-1.9375], [-1.65625], [-6.3125], [-3.234375], [-2.53125], [-3.265625], [-6.53125], [-4.53125], [-2.71875], [-3.109375], [-2.6875], [-2.625], [-1.7890625], [-2.5], [-2.421875], [-3.40625], [-2.015625], [-2.6875], [-2.234375], [-2.296875], [-2.6875], [-6.53125], [-6.0], [-5.28125], [-5.65625], [-8.75], [-3.90625], [-3.453125], [0.6015625], [-3.765625], [-8.9375], [-4.03125], [-8.625], [-2.375], [-2.84375], [-3.9375], [-4.0], [-2.1875], [-5.0625], [-7.0], [-2.6875], [-2.3125], [-2.625], [-2.140625], [-2.53125], [-6.40625], [-2.109375], [-6.46875], [-3.171875], [-3.453125], [-9.0625], [-2.453125], [-7.21875], [-3.28125], [-1.9921875], [-2.875], [-2.765625], [-10.5625], [-3.953125], [-8.6875], [-0.3125], [-2.40625], [-6.09375], [-3.421875], [-4.96875], [-9.5], [-6.46875], [-5.53125], [-1.9296875]], "anthropic-helpful-base": [[2.53125], [-2.40625], [1.0390625], [-3.21875], [-0.490234375], [-2.46875], [0.054931640625], [-0.330078125], [-2.0], [2.453125], [-0.431640625], [-0.025390625], [0.427734375], [0.09228515625], [-2.5625], [2.453125], [-1.2890625], [2.359375], [-0.515625], [-2.21875], [1.484375], [-0.56640625], [-2.5625], [-2.015625], [-2.953125], [-1.640625], [-2.046875], [1.1875], [2.484375], [1.5546875], [3.65625], [2.109375], [1.8359375], [0.734375], [2.546875], [-3.453125], [-1.8203125], [2.625], [-0.75], [-2.234375], [2.09375], [-0.4140625], [2.625], [0.98828125], [1.6484375], [0.9140625], [0.90234375], [0.61328125], [3.21875], [1.203125], [-3.0625], [2.46875], [1.703125], [2.734375], [-5.0], [1.5390625], [0.79296875], [-1.4921875], [0.1611328125], [-2.984375], [-2.53125], [-3.0625], [-0.93359375], [2.0625], [-0.70703125], [1.6796875], [-0.76171875], [-0.484375], [-1.5703125], [-0.22265625], [-0.45703125], [-1.5234375], [-2.28125], [3.1875], [-2.765625], [1.4375], [-0.25390625], [-0.302734375], [-1.2578125], [-0.94921875], [1.171875], [3.171875], [0.59765625], [0.31640625], [0.412109375], [-0.54296875], [2.4375], [-3.484375], [0.498046875], [-2.59375], [-0.46875], [1.328125], [1.953125], [-0.3046875], [0.5390625], [0.92578125], [-1.4140625], [1.6171875], [-0.546875], [1.15625], [-2.125], [-1.3359375], [-1.65625], [1.9765625], [3.671875], [-0.49609375], [1.25], [2.484375], [-1.8203125], [1.984375], [-0.77734375], [-1.34375], [0.828125], [3.296875], [-2.703125], [-1.34375], [-2.34375], [-2.09375], [2.0625], [-0.2265625], [1.5625], [1.5078125], [-5.5], [1.3046875], [0.006744384765625], [2.59375], [-2.5625], [2.484375]], "anthropic-harmless-base": [[-3.984375], [-7.0625], [-5.71875], [-0.734375], [-4.6875], [-8.5625], [-4.84375], [-3.015625], [-7.5], [-1.0390625], [-5.03125], [0.109375], [-6.0625], [-7.0625], [-3.6875], [-10.9375], [-5.1875], [-2.125], [-3.15625], [-5.375], [-5.3125], [-8.5625], [-7.84375], [-4.8125], [-2.21875], [-7.625], [-2.890625], [-5.4375], [-2.1875], [-3.984375], [-4.34375], [-5.0], [-9.375], [-4.21875], [-3.1875], [-2.34375], [-7.21875], [-2.515625], [-2.4375], [-2.109375], [-3.71875], [-5.09375], [-2.15625], [-8.75], [-4.4375], [-6.78125], [-4.03125], [-2.859375], [-3.859375], [-9.0625], [-9.0625], [-6.21875], [-6.9375], [-3.40625], [-4.46875], [-7.34375], [-4.5625], [-5.875], [-3.15625], [-5.28125], [-5.125], [-1.6796875], [-5.53125], [-9.375], [-6.90625], [-10.3125], [-5.03125], [-2.796875], [-5.3125], [-9.125], [-3.65625], [-5.1875], [-3.453125], [-1.9921875], [-4.96875], [-5.09375], [-9.125], [-3.21875], [-1.8515625], [-4.375], [-5.34375], [-2.34375], [-5.21875], [-2.734375], [-2.28125], [-7.53125], [-7.0625], [-3.0], [-6.84375], [-4.25], [-2.609375], [-5.3125], [-7.21875], [-1.8125], [-6.5], [-1.7265625], [-3.828125], [-7.28125], [-4.375], [-5.4375], [-3.296875], [-6.0625], [-10.125], [-2.8125], [-1.0], [-6.71875], [-6.8125], [-3.125], [2.15625], [-0.5546875], [-5.40625], [-6.9375], [-4.1875], [-8.4375], [-2.609375], [-8.8125], [-4.5625], [-7.03125], [-4.09375], [-2.21875], [-4.15625], [-4.1875], [-2.765625], [-2.9375], [-2.796875], [-6.125], [-7.75], [-4.375]], "openai/webgpt_comparisons": [[-1.9140625], [0.369140625], [-1.8984375], [-1.9140625], [-1.71875], [0.09716796875], [-0.66796875], [0.9140625], [-2.15625], [-0.66015625], [-3.109375], [-2.359375], [0.60546875], [-2.5625], [-2.515625], [-3.6875], [-1.59375], [-0.423828125], [-2.671875], [-1.84375], [-4.71875], [-2.640625], [-2.6875], [-2.640625], [-0.259765625], [-4.46875], [-2.078125], [-1.125], [-2.59375], [-2.4375], [-1.734375], [-2.59375], [-1.125], [-1.4140625], [-3.359375], [-2.734375], [-1.1796875], [-2.90625], [-2.140625], [-1.890625], [-3.109375], [-2.265625], [-1.875], [2.65625], [-2.828125], [-5.28125], [0.796875], [-3.328125], [-2.640625], [-2.015625], [-2.453125], [-0.85546875], [-1.9453125], [-2.71875], [-4.78125], [0.12353515625], [-2.984375], [-2.640625], [-2.640625], [-0.859375], [-2.609375], [-1.78125], [-0.33203125], [-1.796875], [-2.75], [-0.6953125], [-1.9296875], [-2.296875], [-0.953125], [-1.53125], [-2.0], [-1.171875], [-2.671875], [1.2734375], [-2.96875], [-0.85546875], [-2.1875], [-1.2734375], [-2.328125], [-2.640625], [-4.3125], [-2.265625], [-0.33203125], [-2.890625], [-3.203125], [-1.2265625], [-2.03125], [-1.3984375], [-0.392578125], [-0.7578125], [-0.78125], [-2.328125], [-0.53515625], [-2.96875], [-1.890625], [-3.34375], [-1.296875], [-2.359375], [-3.3125], [-2.5625], [-2.21875], [-2.3125], [-1.859375], [-2.96875], [-2.4375], [-2.53125], [-3.6875], [-4.5625], [-2.28125], [-1.8671875], [0.298828125], [-4.375], [-1.8359375], [-2.40625], [-1.1171875], [-3.1875], [-2.71875], [-3.0], [-2.671875], [-2.40625], [-3.46875], [-2.59375], [-2.921875], [-2.78125], [-4.875], [-2.78125], [-2.8125], [-1.46875]]}
