{"anthropic-red-team": [[-2.515625], [-2.515625], [-1.7578125], [-1.8984375], [-2.234375], [-3.578125], [-3.9375], [-1.859375], [-2.03125], [-5.78125], [-1.8359375], [-3.4375], [-2.515625], [-7.75], [-1.4921875], [-4.8125], [-2.484375], [-3.75], [-1.859375], [-2.765625], [-5.3125], [-3.46875], [-2.1875], [-1.671875], [-1.3515625], [-2.265625], [-1.71875], [-2.8125], [-3.046875], [-3.34375], [-4.28125], [-4.25], [-2.640625], [-3.859375], [-2.109375], [-4.59375], [-2.453125], [-3.140625], [-2.109375], [-7.6875], [-1.2578125], [-5.4375], [-1.546875], [-3.1875], [-2.90625], [-5.8125], [-2.203125], [-1.9296875], [-0.228515625], [-6.6875], [-1.5], [-7.40625], [-4.625], [-1.640625], [-2.4375], [-2.1875], [-2.75], [-2.21875], [-3.515625], [-2.28125], [-1.5234375], [-2.734375], [-2.453125], [-1.7578125], [-2.515625], [-2.078125], [-5.65625], [-3.390625], [-3.203125], [-2.8125], [-2.25], [-2.28125], [-3.515625], [-3.046875], [-2.21875], [-1.8046875], [-2.78125], [-1.984375], [-2.609375], [-4.09375], [-5.46875], [-5.21875], [-5.4375], [-6.03125], [-4.84375], [0.58203125], [-2.34375], [-2.3125], [-3.328125], [-5.59375], [-3.1875], [-2.9375], [0.369140625], [-2.375], [-2.125], [-2.875], [-2.09375], [-2.34375], [-5.78125], [-2.84375], [-3.0], [-0.625], [-4.59375], [-3.3125], [-3.71875], [-2.046875], [-1.8203125], [-3.390625], [-3.5], [-2.21875], [-5.84375], [-2.90625], [-2.546875], [-1.6171875], [-3.046875], [-2.40625], [-3.15625], [-5.0], [-1.875], [-2.4375], [-2.53125], [-5.875], [-2.03125], [-2.578125], [-2.234375], [-2.140625], [-2.59375], [-1.8125]], "anthropic-helpful-base": [[-2.46875], [-1.65625], [-2.046875], [-3.65625], [-1.3359375], [-1.5859375], [-1.6484375], [-2.21875], [-2.21875], [0.71875], [-1.5234375], [-1.7109375], [-1.46875], [0.14453125], [-2.25], [0.98046875], [-2.75], [2.640625], [0.208984375], [-1.5390625], [0.24609375], [-1.8359375], [-1.4765625], [-2.15625], [-2.28125], [-0.017822265625], [-4.3125], [-2.046875], [2.75], [2.171875], [-2.9375], [0.1494140625], [-0.236328125], [-2.5625], [0.88671875], [-1.8359375], [-1.3359375], [1.15625], [-1.4296875], [-2.6875], [1.5234375], [-1.90625], [-2.84375], [-2.578125], [-2.40625], [1.0546875], [-1.0078125], [-0.46484375], [2.578125], [-2.21875], [-3.6875], [1.546875], [-1.8359375], [2.0625], [-6.09375], [-1.78125], [-1.3203125], [-2.46875], [-2.734375], [-2.609375], [-2.015625], [-2.984375], [-1.7578125], [0.7890625], [-1.6484375], [-2.71875], [-2.109375], [0.8203125], [-2.40625], [0.4140625], [-1.9921875], [-2.828125], [-2.046875], [-2.625], [-1.0703125], [-2.03125], [-1.796875], [-2.609375], [-2.859375], [-1.96875], [-0.478515625], [0.353515625], [-1.140625], [-2.65625], [0.68359375], [-1.75], [1.8046875], [-6.1875], [-2.921875], [-2.8125], [-2.953125], [-0.265625], [-1.7578125], [0.06298828125], [-1.1796875], [-2.421875], [-2.453125], [-2.546875], [-2.65625], [-3.21875], [-1.9296875], [-1.6171875], [-2.359375], [-2.375], [2.640625], [-2.4375], [-1.3359375], [-2.5625], [-2.09375], [-0.0390625], [-2.0625], [-2.484375], [0.251953125], [1.3515625], [-3.65625], [-2.359375], [-1.09375], [2.046875], [-0.30859375], [-2.921875], [0.49609375], [-1.484375], [-5.625], [-2.234375], [-2.65625], [0.89453125], [-3.46875], [-2.03125]], "anthropic-harmless-base": [[-1.8984375], [-2.296875], [-3.953125], [-0.828125], [-2.5625], [-2.65625], [-1.5625], [-2.421875], [-7.65625], [-1.1640625], [-5.28125], [-1.7109375], [-2.28125], [-1.765625], [-3.015625], [-10.4375], [-1.90625], [-2.734375], [-2.90625], [-1.25], [-2.609375], [-3.765625], [0.59765625], [-2.265625], [-1.921875], [-1.3046875], [-1.9375], [-6.96875], [-2.1875], [-2.09375], [-6.25], [-5.875], [-6.03125], [-1.7890625], [-3.953125], [-2.890625], [-0.51953125], [-3.328125], [-2.40625], [0.828125], [-1.859375], [0.26171875], [-2.953125], [-3.078125], [-5.375], [-1.84375], [-1.5], [-5.125], [-1.921875], [-0.80078125], [-1.671875], [-1.5703125], [-1.3046875], [-2.859375], [-1.28125], [-4.21875], [-2.3125], [-6.0625], [-2.9375], [-0.96484375], [-1.6796875], [-3.015625], [-5.34375], [-3.203125], [-9.25], [-3.046875], [-3.140625], [-2.375], [-3.40625], [-2.453125], [-4.15625], [-5.53125], [-3.984375], [-1.25], [-0.0181884765625], [-3.015625], [-0.283203125], [-3.234375], [-5.34375], [-5.25], [-4.75], [-4.90625], [-3.015625], [-2.5625], [-2.65625], [-4.375], [-2.90625], [-2.984375], [-1.5234375], [-2.890625], [-2.90625], [-4.90625], [-2.84375], [-1.2890625], [-3.15625], [-2.9375], [-2.296875], [-4.65625], [-3.859375], [-0.60546875], [-1.65625], [-4.0625], [-2.3125], [-3.453125], [-2.921875], [-2.65625], [-5.40625], [-3.0], [-2.34375], [-1.609375], [-5.78125], [-1.84375], [-3.671875], [-2.734375], [-2.546875], [-2.8125], [-1.625], [-6.9375], [-2.015625], [-1.921875], [-5.25], [-6.90625], [-2.09375], [0.2353515625], [0.25390625], [-1.5859375], [-1.3515625], [-2.40625]], "openai/webgpt_comparisons": [[-2.328125], [-2.578125], [-2.875], [-2.484375], [-2.6875], [-2.453125], [-2.375], [-1.6796875], [-2.03125], [-2.328125], [-2.828125], [-1.21875], [-1.4453125], [-1.8046875], [-2.625], [-2.609375], [-1.203125], [-1.2421875], [-3.125], [-0.57421875], [-3.265625], [-4.34375], [-2.5], [-2.828125], [-3.09375], [-4.3125], [-1.9453125], [-2.890625], [-2.09375], [-1.6171875], [-1.359375], [-2.5], [-2.796875], [-2.296875], [-3.171875], [-3.484375], [-1.84375], [-2.390625], [-2.703125], [-1.5625], [-1.9609375], [-2.859375], [-0.578125], [-0.67578125], [-2.59375], [-2.5], [-0.43359375], [-2.1875], [-1.8671875], [-1.8515625], [-0.87109375], [-1.8125], [-2.671875], [-3.078125], [-1.9765625], [-2.609375], [-2.71875], [-3.125], [-1.6015625], [-0.90625], [-0.26171875], [-2.625], [-0.43359375], [-1.71875], [-2.1875], [-0.0771484375], [-2.03125], [-1.7109375], [-1.9609375], [-1.7109375], [-2.65625], [-2.203125], [-1.6171875], [-1.734375], [-2.6875], [-1.765625], [-2.359375], [-3.09375], [-2.34375], [-2.65625], [-4.09375], [-2.1875], [-2.265625], [-3.0], [-2.59375], [-1.09375], [-2.296875], [-2.5], [-2.03125], [-2.625], [-2.46875], [-2.6875], [-2.75], [-2.8125], [-2.265625], [-2.578125], [-2.015625], [-1.84375], [-2.265625], [-2.796875], [-2.125], [-1.6875], [-2.0625], [-2.609375], [-2.8125], [-2.765625], [-3.234375], [-3.84375], [-1.703125], [-1.9921875], [-2.546875], [-2.9375], [-1.3359375], [0.416015625], [-2.796875], [-2.859375], [-2.921875], [-2.375], [-2.4375], [-3.109375], [-4.375], [-3.15625], [-1.9609375], [-1.9765625], [-3.234375], [-2.578125], [-2.4375], [1.8359375]]}
