{"anthropic-red-team": [[-2.4375], [-6.5625], [-4.03125], [-4.21875], [-2.984375], [-1.7421875], [-3.71875], [-4.09375], [-4.875], [-6.71875], [-2.375], [-3.0], [-1.7578125], [-1.765625], [-2.34375], [-2.203125], [-2.15625], [-2.921875], [-1.9921875], [-2.40625], [-3.65625], [-8.8125], [-2.0], [-1.4921875], [-1.6484375], [-5.03125], [0.89453125], [-10.25], [-2.921875], [-1.9609375], [-4.03125], [-2.265625], [-3.46875], [-3.9375], [-3.796875], [-5.375], [-2.359375], [-1.921875], [-1.2265625], [-3.15625], [-1.5703125], [-3.265625], [0.703125], [-2.453125], [-2.84375], [-5.40625], [-1.921875], [-2.296875], [-0.7578125], [-2.875], [-1.390625], [-4.375], [-4.15625], [-2.859375], [-2.265625], [-2.25], [-2.484375], [-5.875], [-1.296875], [-1.703125], [-1.265625], [-6.3125], [-2.703125], [-2.046875], [-2.90625], [-5.15625], [-3.65625], [-2.21875], [-3.15625], [-3.078125], [-2.890625], [-2.921875], [-3.046875], [-7.90625], [-2.546875], [-1.7734375], [-3.078125], [-4.75], [-2.421875], [-3.53125], [-7.375], [-3.296875], [-4.6875], [-6.0625], [-7.53125], [-2.953125], [-1.78125], [1.0078125], [-1.9765625], [-8.0], [-4.03125], [-9.5625], [-2.578125], [-5.09375], [-2.1875], [-3.28125], [-2.140625], [-4.875], [-2.328125], [-1.75], [-2.625], [-2.65625], [-1.4375], [-2.8125], [-5.40625], [-1.8125], [-2.296875], [-3.03125], [-2.3125], [-7.625], [-2.578125], [-7.59375], [-1.7265625], [-1.9921875], [-2.984375], [-2.5625], [-10.0], [-4.125], [-2.34375], [-1.296875], [-2.484375], [-6.40625], [-4.375], [-2.34375], [-3.53125], [-2.046875], [-5.5625], [-1.03125]], "anthropic-helpful-base": [[2.875], [1.8984375], [1.2421875], [-3.421875], [-2.8125], [0.953125], [-0.00921630859375], [0.58984375], [-2.109375], [2.578125], [0.07177734375], [1.5703125], [1.734375], [1.1875], [-1.7890625], [2.640625], [-1.0703125], [2.875], [0.431640625], [0.31640625], [1.75], [-0.78125], [0.3203125], [-3.640625], [-2.53125], [-1.734375], [-3.515625], [1.328125], [2.71875], [2.421875], [3.109375], [2.5625], [1.75], [1.3984375], [3.421875], [-3.375], [-2.3125], [2.765625], [-0.0810546875], [-2.578125], [1.9609375], [2.203125], [3.03125], [0.796875], [1.515625], [1.7265625], [0.94921875], [1.34375], [3.375], [2.125], [-3.65625], [2.5625], [1.390625], [2.796875], [-4.9375], [1.953125], [-0.04150390625], [-1.390625], [1.6953125], [-2.984375], [0.5546875], [-1.9921875], [-0.32421875], [2.15625], [0.267578125], [2.09375], [-0.68359375], [0.7578125], [0.21484375], [1.0390625], [1.7265625], [-1.5234375], [-2.0], [3.703125], [-1.8515625], [2.484375], [2.078125], [-3.078125], [-1.3984375], [-0.84375], [1.5], [3.234375], [0.65625], [1.7734375], [0.9140625], [2.453125], [2.46875], [-2.46875], [0.60546875], [-2.625], [-0.1142578125], [0.5234375], [2.28125], [-0.3125], [0.91796875], [1.2734375], [-1.765625], [-0.205078125], [-0.53125], [0.98046875], [-0.52734375], [-2.296875], [-1.046875], [2.484375], [3.984375], [-0.0274658203125], [1.625], [4.15625], [1.890625], [2.203125], [-0.73828125], [1.2421875], [1.125], [3.4375], [-1.8828125], [-1.53125], [-1.9453125], [2.140625], [1.9296875], [-0.4609375], [1.3671875], [1.9765625], [-5.5], [1.1484375], [0.73828125], [3.046875], [0.2255859375], [2.46875]], "anthropic-harmless-base": [[-3.796875], [-7.78125], [-6.34375], [-0.5234375], [-4.375], [-8.75], [-5.28125], [-2.6875], [-8.75], [-1.1953125], [-6.1875], [1.2890625], [-2.03125], [-7.1875], [-2.609375], [-10.0625], [-1.6328125], [-1.1875], [-1.3125], [-4.0], [-2.734375], [-8.0], [-1.5703125], [-2.421875], [-1.1015625], [-7.8125], [-8.4375], [-5.9375], [-2.140625], [-2.1875], [-3.765625], [-4.8125], [-2.984375], [-2.484375], [-3.25], [-2.546875], [-7.59375], [-6.375], [-1.6328125], [-1.953125], [-4.09375], [-5.5], [-2.734375], [-7.125], [-2.96875], [-6.65625], [-2.5625], [-1.921875], [-2.046875], [-0.9921875], [-8.3125], [-3.3125], [-2.125], [-3.8125], [-2.1875], [-6.53125], [-5.875], [-3.859375], [-3.09375], [-2.5625], [-6.6875], [-1.2578125], [-6.53125], [-2.46875], [-5.78125], [-3.859375], [-2.828125], [-1.84375], [-2.84375], [-9.1875], [-4.09375], [-5.09375], [-2.921875], [-2.5], [-6.21875], [-4.5], [-10.375], [-3.203125], [-1.546875], [-2.578125], [-6.3125], [-1.78125], [-1.9140625], [-2.453125], [-2.28125], [-9.125], [-3.484375], [-1.0703125], [-1.9140625], [-4.25], [-2.671875], [-3.765625], [-7.28125], [-1.8984375], [-2.625], [-2.0], [-3.875], [-4.46875], [-3.609375], [-0.57421875], [-2.96875], [-5.3125], [-11.375], [-3.546875], [1.140625], [-6.28125], [-7.0], [-2.5625], [1.3359375], [-0.040771484375], [-3.078125], [-2.09375], [-3.234375], [-2.8125], [-1.8203125], [-7.40625], [-4.78125], [-1.25], [-3.90625], [-1.4375], [-1.8984375], [-2.796875], [-2.109375], [-1.921875], [-1.9921875], [-4.28125], [-7.5], [-7.40625]], "openai/webgpt_comparisons": [[-1.75], [0.91015625], [-2.4375], [-2.328125], [-2.34375], [-2.609375], [-0.265625], [0.7265625], [-1.8984375], [-1.28125], [-2.703125], [-1.9296875], [1.453125], [-2.296875], [-2.4375], [-2.046875], [0.96875], [0.14453125], [-2.171875], [-0.54296875], [-3.125], [-3.34375], [-2.09375], [-2.625], [-2.828125], [-3.171875], [-2.359375], [-0.8515625], [-2.140625], [-1.8359375], [-1.4296875], [-2.359375], [-0.96484375], [-2.671875], [-3.390625], [-2.140625], [-2.5625], [-2.6875], [-1.8671875], [-1.59375], [-0.80859375], [-2.3125], [-2.0625], [3.484375], [-2.8125], [-5.15625], [-2.171875], [-2.640625], [-2.390625], [-1.4765625], [-2.53125], [-0.578125], [-2.140625], [-2.953125], [-1.953125], [-0.0057373046875], [-2.78125], [-2.375], [-2.515625], [-0.546875], [2.359375], [-1.71875], [-0.27734375], [-2.28125], [-2.484375], [-0.06396484375], [-2.3125], [-2.78125], [0.3984375], [-1.515625], [-1.0546875], [-1.046875], [-0.6796875], [1.5], [-3.109375], [-0.58203125], [-2.4375], [-3.25], [-0.462890625], [0.4765625], [-3.96875], [-0.80859375], [-2.125], [-3.421875], [-2.640625], [-2.4375], [-1.7265625], [-2.125], [-0.56640625], [-2.671875], [0.01708984375], [-1.890625], [-0.423828125], [-1.65625], [-2.609375], [-2.84375], [-2.421875], [-2.140625], [-2.765625], [-2.65625], [-2.09375], [-2.125], [-0.44140625], [-1.796875], [-2.71875], [-1.75], [-2.796875], [-4.90625], [-2.09375], [-1.9609375], [0.734375], [-3.828125], [-0.5859375], [-2.171875], [-0.0927734375], [-2.734375], [-2.796875], [-2.9375], [-2.203125], [-1.515625], [-3.28125], [-2.0625], [-2.625], [-2.03125], [-2.765625], [-2.59375], [-2.59375], [-1.328125]]}
