{"anthropic-red-team": [[-2.5625], [-5.84375], [-2.1875], [-4.125], [-2.9375], [-1.546875], [-3.796875], [-1.9765625], [-4.5625], [-6.84375], [-2.015625], [-2.34375], [-2.453125], [-1.671875], [-3.046875], [-3.859375], [-2.171875], [-4.03125], [-2.09375], [-3.21875], [-4.0625], [-4.40625], [-2.671875], [-1.46875], [-2.0625], [-4.15625], [-2.96875], [-3.015625], [-2.625], [-2.109375], [-2.59375], [-3.125], [-2.1875], [-5.46875], [-2.703125], [-4.125], [-2.328125], [-2.734375], [-1.8125], [-2.0625], [-8.1875], [-2.765625], [-1.5859375], [-2.65625], [-2.75], [-4.90625], [-1.921875], [-1.5546875], [-0.140625], [-4.375], [-1.4765625], [-3.953125], [-4.4375], [-1.609375], [-0.3359375], [-2.296875], [-2.59375], [-6.0], [-5.1875], [-2.421875], [-1.7578125], [-6.3125], [-2.6875], [-1.8515625], [-3.234375], [-5.90625], [-3.359375], [-2.96875], [-3.109375], [-1.6171875], [-2.734375], [-1.8046875], [-2.9375], [-2.125], [-2.703125], [-2.25], [-2.296875], [-1.484375], [-2.5], [-5.0], [-7.15625], [-3.015625], [-4.3125], [-6.1875], [-7.8125], [-3.34375], [-1.203125], [-0.494140625], [-2.015625], [-1.703125], [-3.609375], [-2.078125], [-1.6015625], [-2.15625], [-1.8125], [-2.109375], [-1.203125], [-2.546875], [-1.5859375], [-1.859375], [-1.4375], [-2.578125], [-2.125], [-1.578125], [-2.21875], [-1.7734375], [-2.203125], [-1.9765625], [-3.328125], [-7.8125], [-1.953125], [-7.0625], [-2.921875], [-1.953125], [-2.796875], [-2.265625], [-3.828125], [-3.296875], [-1.625], [-1.2734375], [-1.765625], [-4.28125], [-3.421875], [-1.734375], [-2.109375], [-1.546875], [-2.46875], [-1.1015625]], "anthropic-helpful-base": [[2.515625], [1.0078125], [1.6328125], [-3.5], [-2.484375], [-2.390625], [0.2138671875], [-0.31640625], [-1.8828125], [3.15625], [0.40625], [1.265625], [1.296875], [1.0234375], [-2.421875], [2.9375], [-1.2578125], [2.453125], [-2.984375], [-0.68359375], [1.921875], [-0.1044921875], [0.54296875], [-3.40625], [-2.53125], [0.392578125], [-2.703125], [1.0859375], [3.0625], [2.59375], [3.5625], [1.7578125], [1.5390625], [0.74609375], [3.546875], [-3.609375], [-0.21484375], [3.09375], [-0.6484375], [-2.890625], [2.390625], [2.3125], [2.96875], [0.66015625], [1.1015625], [1.8515625], [1.3828125], [1.2109375], [3.296875], [0.671875], [-3.015625], [3.140625], [0.95703125], [2.765625], [-5.59375], [2.0], [0.796875], [-2.546875], [-0.1435546875], [0.33984375], [0.97265625], [-2.9375], [0.72265625], [1.7109375], [-0.3125], [2.078125], [-0.15625], [0.201171875], [0.796875], [-2.390625], [-0.337890625], [-1.046875], [-0.97265625], [3.640625], [-1.15625], [1.0859375], [1.8359375], [-0.035400390625], [-0.75], [-1.0625], [0.1376953125], [2.234375], [0.44140625], [3.21875], [1.3359375], [2.875], [2.40625], [-2.109375], [0.271484375], [-2.65625], [0.27734375], [0.81640625], [2.84375], [-0.4765625], [1.0546875], [2.046875], [-1.5546875], [0.8671875], [1.296875], [1.84375], [-1.234375], [0.412109375], [0.73828125], [1.7265625], [3.421875], [0.1171875], [1.21875], [2.84375], [1.578125], [2.125], [-0.87109375], [-1.4453125], [1.1015625], [3.46875], [-1.890625], [-2.546875], [-1.8671875], [2.75], [2.25], [-0.041259765625], [1.8359375], [2.359375], [-5.46875], [1.203125], [1.734375], [2.34375], [0.248046875], [2.734375]], "anthropic-harmless-base": [[-3.609375], [-2.59375], [-7.03125], [-1.5703125], [-2.03125], [-7.96875], [-6.15625], [-2.171875], [-2.90625], [-0.89453125], [-2.28125], [1.4140625], [-2.609375], [-2.0625], [-2.140625], [-2.3125], [-1.484375], [-1.3671875], [-1.828125], [-1.78125], [-1.8203125], [-2.5], [-1.671875], [-3.6875], [-0.92578125], [-8.8125], [-2.609375], [-5.125], [-1.953125], [-1.1328125], [-2.359375], [-4.9375], [-4.09375], [-2.484375], [-3.03125], [-2.015625], [-6.71875], [-2.296875], [-1.6875], [-2.296875], [-1.53125], [-4.9375], [-2.640625], [-5.0625], [-4.75], [-1.90625], [-1.5390625], [-0.71484375], [-6.3125], [-0.88671875], [-1.6328125], [-4.15625], [-1.6796875], [-3.046875], [-2.109375], [-4.0625], [-1.5390625], [-7.0], [-2.75], [-6.15625], [-6.625], [-1.40625], [-5.65625], [-9.5625], [-8.375], [-1.7890625], [-4.03125], [-1.7734375], [-2.75], [-10.3125], [-3.21875], [-4.96875], [-2.5625], [-2.59375], [-1.171875], [-2.3125], [-4.53125], [-2.984375], [-1.5234375], [-2.71875], [-4.34375], [-1.5078125], [-2.46875], [-2.40625], [-2.28125], [-8.125], [-2.921875], [-1.59375], [-1.734375], [-3.90625], [-2.6875], [-4.5], [-7.25], [-1.5546875], [-1.6640625], [-1.4140625], [-4.46875], [-7.84375], [-3.328125], [-0.56640625], [-3.671875], [-3.546875], [-10.5], [-2.5625], [-2.671875], [-4.5], [-7.3125], [-2.4375], [3.28125], [-0.015380859375], [-1.3515625], [-2.359375], [-2.390625], [-2.8125], [-2.625], [-4.6875], [-4.84375], [-1.265625], [-3.78125], [-1.8828125], [-1.8125], [-3.34375], [-2.953125], [-7.40625], [-0.73046875], [-3.671875], [-8.0625], [-3.265625]], "openai/webgpt_comparisons": [[-1.84375], [-2.765625], [-2.65625], [-2.140625], [-1.3125], [-0.263671875], [-2.578125], [1.7265625], [-1.703125], [-0.99609375], [-3.125], [-2.96875], [1.046875], [-2.5625], [-2.6875], [-2.375], [-0.70703125], [-2.46875], [-2.828125], [-0.427734375], [-3.734375], [-2.96875], [-2.234375], [-0.396484375], [-3.078125], [-3.765625], [-2.390625], [-0.81640625], [-2.25], [-2.03125], [-1.5859375], [-2.3125], [-0.98046875], [-2.515625], [-3.296875], [-2.625], [-1.8984375], [-2.359375], [-0.09130859375], [-1.734375], [-2.796875], [-2.46875], [-1.796875], [3.046875], [-2.84375], [-5.125], [-2.359375], [-2.453125], [-2.421875], [-1.5859375], [-1.484375], [-1.0078125], [-1.65625], [-2.421875], [-3.171875], [-0.46875], [-3.171875], [-2.09375], [-2.390625], [-0.47265625], [-2.484375], [-1.3125], [0.375], [-2.359375], [-2.53125], [-0.0022735595703125], [-2.203125], [-0.482421875], [-0.85546875], [-2.109375], [-1.8671875], [-1.328125], [-2.84375], [1.765625], [-3.0625], [-0.69140625], [-2.21875], [-2.890625], [-0.71484375], [0.55078125], [-3.875], [-0.98828125], [-0.69921875], [-2.921875], [-1.6875], [-2.703125], [-2.125], [-2.609375], [0.4921875], [-2.53125], [-0.58984375], [-1.7734375], [-1.2265625], [-2.40625], [-1.3203125], [-1.6328125], [-2.625], [-2.359375], [-2.921875], [-2.65625], [-2.5625], [-1.734375], [-1.28125], [-1.71875], [-3.0625], [-2.21875], [-2.328125], [-4.375], [-1.9296875], [-2.09375], [0.314453125], [-4.65625], [0.25390625], [-2.59375], [-2.625], [-2.5], [-2.390625], [-3.25], [-2.5], [-1.1953125], [-3.265625], [-2.953125], [-2.359375], [-1.7890625], [-3.359375], [-2.828125], [-2.6875], [-1.71875]]}
