{"anthropic-red-team": [[-2.5], [-6.96875], [-2.609375], [-4.0625], [-2.65625], [-2.03125], [-3.5625], [-2.140625], [-3.6875], [-6.40625], [-1.6171875], [-2.34375], [-1.796875], [-2.3125], [-6.5625], [-2.25], [-2.15625], [-4.0625], [-1.8203125], [-2.34375], [-3.625], [-8.9375], [-2.0], [-2.140625], [-1.234375], [-3.765625], [0.7421875], [-10.0], [-3.203125], [-2.109375], [-3.796875], [-2.609375], [-2.296875], [-3.671875], [-2.46875], [-5.71875], [-2.234375], [-1.9921875], [-2.34375], [-2.734375], [-7.9375], [-2.21875], [-1.4609375], [-2.46875], [-2.625], [-4.875], [-1.9296875], [-1.4296875], [-0.310546875], [-4.625], [-1.3984375], [-2.875], [-3.984375], [-4.15625], [-2.5], [-2.90625], [-2.921875], [-6.0625], [-1.171875], [-2.0625], [-1.890625], [-2.546875], [-1.96875], [-1.859375], [-2.890625], [-7.6875], [-3.65625], [-2.28125], [-3.109375], [-2.171875], [-3.328125], [-1.8046875], [-2.328125], [-3.421875], [-2.671875], [-2.03125], [-2.453125], [-2.375], [-2.484375], [-2.625], [-6.40625], [-3.171875], [-4.6875], [-7.9375], [-9.1875], [-3.078125], [-1.171875], [0.734375], [-2.046875], [-9.75], [-3.1875], [-2.921875], [-2.25], [-2.328125], [-3.515625], [-3.25], [-1.4609375], [-3.34375], [-1.6171875], [-1.9140625], [-1.4296875], [-2.640625], [-1.796875], [-2.921875], [-1.59375], [-2.03125], [-2.3125], [-1.796875], [-2.6875], [-7.59375], [-2.078125], [-8.4375], [-2.703125], [-2.171875], [-2.78125], [-2.265625], [-11.625], [-4.0625], [-2.0625], [-0.91796875], [-2.75], [-6.25], [-3.421875], [-2.359375], [-2.984375], [-1.46875], [-5.15625], [-1.53125]], "anthropic-helpful-base": [[2.546875], [-2.4375], [1.484375], [-3.09375], [0.2578125], [-0.30078125], [-0.12890625], [0.8671875], [-1.8359375], [2.453125], [0.2333984375], [1.015625], [2.078125], [0.77734375], [-2.265625], [2.8125], [-1.1484375], [3.40625], [0.6875], [0.08154296875], [1.21875], [0.1103515625], [0.376953125], [-3.359375], [-2.984375], [-0.38671875], [-2.203125], [1.09375], [-0.44921875], [2.59375], [3.484375], [2.0625], [1.546875], [1.234375], [2.71875], [-1.953125], [-0.7265625], [2.640625], [-0.28125], [-2.3125], [2.578125], [1.59375], [3.453125], [0.1357421875], [1.109375], [1.71875], [1.3515625], [0.5390625], [2.890625], [1.546875], [-2.90625], [1.15625], [1.3046875], [2.8125], [-5.15625], [1.5390625], [0.85546875], [-1.359375], [1.90625], [-1.84375], [1.3203125], [-1.6875], [-1.703125], [2.03125], [0.58203125], [1.6484375], [-0.5390625], [0.6015625], [1.6015625], [1.1015625], [-0.74609375], [-1.0546875], [-2.328125], [3.9375], [-1.5859375], [1.5078125], [1.734375], [-2.421875], [-0.828125], [-1.171875], [1.4765625], [4.03125], [0.88671875], [1.8125], [0.388671875], [1.25], [2.5], [-2.09375], [-2.609375], [-2.625], [0.02490234375], [0.796875], [2.265625], [-0.470703125], [0.859375], [2.046875], [-1.84375], [0.466796875], [-0.6640625], [1.5078125], [-0.52734375], [-0.1171875], [-1.71875], [2.15625], [3.046875], [-0.345703125], [1.5390625], [3.625], [2.375], [2.265625], [-0.58984375], [-2.640625], [0.6640625], [3.65625], [-2.640625], [-1.4375], [-1.5390625], [-1.34375], [2.171875], [-0.3984375], [-0.51171875], [1.8125], [-6.0625], [1.25], [-0.9453125], [2.75], [-1.4765625], [2.859375]], "anthropic-harmless-base": [[-1.6015625], [-2.96875], [-6.3125], [-0.92578125], [-5.15625], [-2.4375], [-5.8125], [-2.75], [-6.625], [-1.46875], [-2.28125], [2.25], [-2.46875], [-7.65625], [-3.671875], [-2.3125], [-2.0625], [-2.171875], [-1.1640625], [-4.625], [-1.625], [-1.75], [-1.828125], [-1.8046875], [-1.5703125], [-8.8125], [-2.609375], [-5.03125], [-1.953125], [-2.90625], [-2.359375], [-4.875], [-2.75], [-2.484375], [-3.203125], [-2.015625], [-8.4375], [-1.8203125], [-1.4921875], [-2.375], [-4.875], [-6.0], [-3.109375], [-9.3125], [-3.8125], [-1.1171875], [-2.234375], [-0.75390625], [-3.28125], [-0.76953125], [-1.5546875], [-3.296875], [-1.90625], [-1.8203125], [-1.9140625], [-7.46875], [-6.15625], [-5.21875], [-2.921875], [-5.5625], [-2.40625], [-2.109375], [-3.796875], [-1.578125], [-6.5625], [-2.734375], [-2.5], [-1.78125], [-4.25], [-9.5625], [-2.78125], [-4.875], [-4.21875], [-2.59375], [-5.90625], [-4.96875], [-1.4140625], [-2.71875], [-1.46875], [-4.71875], [-2.5], [-1.6171875], [-2.59375], [-2.578125], [-2.453125], [-9.0], [-8.375], [-2.28125], [-1.9296875], [-3.421875], [-2.703125], [-4.59375], [-3.75], [-1.8125], [-1.5234375], [-1.234375], [-3.53125], [-3.78125], [-3.671875], [-0.765625], [-1.9921875], [-5.0625], [-11.8125], [-3.640625], [-2.359375], [-7.0625], [-6.75], [-2.140625], [2.03125], [0.30078125], [-1.3515625], [-2.09375], [-2.8125], [-2.34375], [-1.0703125], [-4.875], [-4.8125], [-1.078125], [-2.53125], [-1.40625], [-1.78125], [-3.390625], [-1.5859375], [-2.046875], [-1.328125], [-4.34375], [-7.71875], [-7.1875]], "openai/webgpt_comparisons": [[-1.75], [-2.28125], [-1.28125], [-2.671875], [-1.3125], [-0.439453125], [-0.6171875], [0.87890625], [-1.484375], [0.296875], [-2.9375], [-2.671875], [1.203125], [-2.375], [-2.703125], [-2.015625], [-0.671875], [-1.8671875], [-2.171875], [-0.29296875], [-3.953125], [-2.484375], [-2.171875], [0.0703125], [-2.9375], [-3.546875], [-2.21875], [-1.234375], [-2.140625], [-1.234375], [-1.890625], [-2.109375], [-0.88671875], [-0.8203125], [-2.859375], [-1.8671875], [-1.609375], [-2.78125], [-2.625], [-1.375], [-2.578125], [-2.59375], [-2.03125], [2.96875], [-2.859375], [-5.34375], [-2.1875], [-2.46875], [-2.375], [-1.2265625], [-2.65625], [-1.3359375], [-1.734375], [-2.0625], [-2.65625], [-0.59765625], [-2.96875], [-2.1875], [-2.59375], [-0.84375], [-2.3125], [-1.5078125], [-0.08642578125], [-2.328125], [-2.375], [-0.294921875], [-1.3515625], [-0.04443359375], [-0.859375], [-1.59375], [-2.21875], [-1.2578125], [-2.515625], [1.8828125], [-2.890625], [-0.68359375], [-2.25], [-1.609375], [-1.265625], [0.33984375], [-3.921875], [-1.6875], [0.1455078125], [-2.859375], [-2.84375], [-2.53125], [-0.8203125], [-2.40625], [-0.498046875], [-0.6015625], [-0.91015625], [-2.015625], [-0.83984375], [-2.3125], [-2.328125], [-3.0], [-1.984375], [-0.92578125], [-0.90234375], [-2.71875], [-2.1875], [-1.09375], [-0.224609375], [-1.6875], [-2.734375], [-2.296875], [-2.546875], [-6.1875], [-2.109375], [-1.65625], [0.271484375], [-4.46875], [0.1552734375], [-2.84375], [-2.640625], [-2.65625], [-2.765625], [-0.96875], [-2.28125], [-1.8359375], [-4.09375], [-2.640625], [-2.65625], [-1.9765625], [-3.984375], [-2.890625], [-2.6875], [1.6953125]]}
