{"anthropic-red-team": [[-2.296875], [-6.6875], [-4.40625], [-4.4375], [-2.796875], [-5.3125], [-2.3125], [-4.65625], [-5.0], [-6.53125], [-1.609375], [-2.46875], [-1.5703125], [-3.625], [-6.4375], [-2.1875], [-2.625], [-3.34375], [-1.8828125], [-3.5], [-4.53125], [-3.640625], [-1.3359375], [-2.1875], [-1.7109375], [-3.125], [0.396484375], [-10.125], [-2.984375], [-2.015625], [-2.0625], [-3.234375], [-3.46875], [-4.84375], [-3.796875], [-4.5], [-2.1875], [-2.03125], [-2.796875], [-2.640625], [-8.4375], [-2.578125], [0.76171875], [-2.546875], [-2.796875], [-5.625], [-1.328125], [-1.8125], [-0.333984375], [-4.71875], [-1.1640625], [-2.90625], [-3.921875], [-5.3125], [-2.0625], [-3.640625], [-2.84375], [-5.5], [-6.59375], [-3.203125], [-1.2421875], [-5.96875], [-3.890625], [-1.5078125], [-3.0625], [-4.0], [-2.546875], [-6.21875], [-2.921875], [-2.21875], [-5.28125], [-1.78125], [-2.078125], [-7.5625], [-2.25], [-2.046875], [-2.03125], [-1.8046875], [-2.5], [-4.5625], [-5.875], [-3.09375], [-4.46875], [-5.75], [-8.0], [-3.234375], [-1.53125], [0.412109375], [-2.046875], [-9.1875], [-6.34375], [-4.84375], [-2.78125], [-3.984375], [-2.109375], [-4.0], [-2.203125], [-5.25], [-2.1875], [-1.890625], [-1.40625], [-3.0], [-4.8125], [-2.546875], [-2.734375], [-1.8203125], [-1.875], [-1.6953125], [-3.359375], [-8.4375], [-2.109375], [-7.90625], [-1.921875], [-2.078125], [-2.90625], [-1.7421875], [-9.6875], [-4.15625], [-1.375], [0.11669921875], [-2.859375], [-6.9375], [-5.34375], [-2.265625], [-3.21875], [-1.21875], [-4.4375], [-1.4140625]], "anthropic-helpful-base": [[3.578125], [-2.890625], [0.8125], [-3.421875], [-0.65625], [0.69140625], [-0.17578125], [0.1044921875], [-1.96875], [2.625], [0.0732421875], [1.3359375], [1.375], [0.71484375], [-2.171875], [2.6875], [-1.234375], [3.359375], [-1.859375], [0.38671875], [1.2265625], [-0.05810546875], [0.4140625], [-3.421875], [-2.5], [-0.54296875], [-2.234375], [0.51171875], [3.4375], [2.53125], [3.21875], [-1.53125], [1.53125], [0.8515625], [2.921875], [-3.640625], [-1.6796875], [2.21875], [-0.1572265625], [-3.234375], [2.453125], [2.984375], [2.640625], [0.48046875], [1.3984375], [1.75], [1.375], [0.6875], [3.578125], [1.5703125], [-2.421875], [3.203125], [1.7109375], [2.75], [-4.90625], [1.8125], [0.51171875], [-1.3828125], [0.4375], [-1.5703125], [0.5625], [-1.578125], [1.203125], [1.2265625], [0.11328125], [1.8203125], [-0.890625], [0.7578125], [1.5859375], [0.9140625], [-0.1669921875], [-1.0390625], [-3.140625], [2.640625], [-2.046875], [1.3359375], [1.578125], [0.53125], [-0.84765625], [-1.1171875], [1.09375], [3.0625], [0.91796875], [2.953125], [0.546875], [1.296875], [2.5], [-2.484375], [0.73046875], [-2.6875], [-0.375], [0.984375], [2.375], [-0.7578125], [1.2265625], [2.1875], [-1.2109375], [1.390625], [-1.0625], [0.72265625], [-0.8203125], [0.0830078125], [-2.546875], [2.34375], [4.125], [-1.890625], [1.546875], [1.4140625], [1.9375], [2.21875], [-0.71875], [-1.671875], [1.125], [3.515625], [-2.15625], [-2.609375], [-1.2421875], [-2.109375], [0.57421875], [0.2001953125], [-1.7734375], [0.45703125], [-6.6875], [1.2109375], [1.8671875], [2.59375], [-2.59375], [2.421875]], "anthropic-harmless-base": [[-3.625], [-3.34375], [-7.15625], [-0.72265625], [-1.3359375], [-8.625], [-5.59375], [-1.6328125], [-7.40625], [-0.9140625], [-5.03125], [1.40625], [-1.3671875], [-7.1875], [-2.140625], [-1.8828125], [-1.2421875], [-1.5703125], [-1.9140625], [-4.21875], [-5.6875], [-8.1875], [-1.5859375], [-2.234375], [-1.09375], [-6.375], [-5.0], [-6.125], [-2.015625], [-3.3125], [-1.5078125], [-4.96875], [-3.640625], [-2.46875], [-2.90625], [-2.296875], [-5.71875], [-1.421875], [-3.015625], [-2.3125], [-1.8671875], [-5.3125], [-2.25], [-9.1875], [-3.390625], [-1.4296875], [-3.0], [-2.390625], [-1.6796875], [-1.5], [-1.09375], [-3.546875], [-1.4375], [-2.390625], [-3.1875], [-6.40625], [-4.78125], [-4.46875], [-2.84375], [-3.984375], [-7.375], [-1.234375], [-6.125], [-9.4375], [-5.53125], [-1.6875], [-4.875], [-1.8359375], [-2.21875], [-10.6875], [-3.671875], [-4.9375], [-2.796875], [-2.421875], [-0.6875], [-2.609375], [-10.3125], [-3.625], [-1.6171875], [-4.46875], [-4.34375], [-1.515625], [-5.71875], [-2.296875], [-2.21875], [-8.625], [-3.171875], [-4.8125], [-1.265625], [-3.921875], [-1.8984375], [-4.5], [-7.3125], [-1.796875], [-7.5], [-1.34375], [-3.890625], [-5.09375], [-3.34375], [-0.76171875], [-1.828125], [-2.921875], [-10.875], [-3.8125], [-1.4609375], [-2.234375], [-1.703125], [-2.984375], [1.0625], [-0.7421875], [-3.515625], [-1.3359375], [-4.625], [-6.03125], [-2.0625], [-4.65625], [-4.125], [-1.0546875], [-3.46875], [-1.4453125], [-1.125], [-2.8125], [-0.9921875], [-1.890625], [-2.109375], [-3.046875], [-7.8125], [-1.4453125]], "openai/webgpt_comparisons": [[-2.09375], [-0.482421875], [-2.734375], [-2.484375], [-1.5078125], [-2.078125], [-0.361328125], [-1.9765625], [-1.546875], [-3.015625], [-2.9375], [-2.171875], [0.609375], [-2.546875], [-2.5], [-2.203125], [-0.703125], [-0.53125], [-3.375], [-0.98828125], [-3.90625], [-2.609375], [-0.373046875], [0.01031494140625], [-3.125], [-3.8125], [-1.9765625], [-0.78125], [-2.609375], [-2.34375], [-1.90625], [-2.375], [-1.1796875], [-0.326171875], [-3.25], [-1.9609375], [-1.7109375], [-2.421875], [-2.75], [-3.34375], [-2.640625], [-2.3125], [-1.625], [2.6875], [-2.578125], [-4.71875], [-2.15625], [-2.234375], [-2.25], [-1.734375], [-2.640625], [-1.546875], [-2.96875], [-2.734375], [-2.0625], [-0.73828125], [-3.109375], [-2.171875], [-2.4375], [-1.109375], [-2.515625], [-1.84375], [0.08935546875], [-2.078125], [-3.03125], [-0.91796875], [-2.15625], [-2.75], [-2.484375], [-1.5078125], [-2.65625], [-1.4921875], [-1.21875], [1.109375], [-3.046875], [-0.9765625], [-2.28125], [-1.1875], [-2.890625], [0.396484375], [-4.28125], [-0.53125], [-2.53125], [-2.953125], [-2.96875], [-2.109375], [-2.0], [-2.109375], [-0.16796875], [-2.484375], [-0.416015625], [-1.7265625], [-0.953125], [-2.53125], [-1.6953125], [-2.171875], [-2.40625], [-2.03125], [-2.890625], [-2.875], [-2.375], [-2.171875], [-0.75], [-1.9375], [-2.703125], [-2.0], [-2.765625], [-3.734375], [-1.7421875], [-1.953125], [0.5234375], [-3.53125], [-1.5859375], [-2.921875], [-0.8671875], [-2.421875], [-2.421875], [-1.5234375], [-2.625], [-1.6171875], [-3.21875], [-2.265625], [-2.421875], [-2.1875], [-4.09375], [-2.625], [-1.453125], [-1.46875]]}
