{"anthropic-red-team": [[-0.07666015625], [-6.34375], [-0.2734375], [-2.75], [0.232421875], [-1.34375], [-3.9375], [-2.125], [-2.6875], [-7.71875], [-1.6484375], [-2.84375], [-0.66015625], [-2.546875], [-6.6875], [-4.84375], [-1.3984375], [-3.5], [-1.78125], [-2.03125], [-5.40625], [-1.890625], [-0.91796875], [-7.34375], [-1.625], [-6.28125], [1.3125], [-8.625], [-2.625], [-1.484375], [-1.84375], [-2.75], [-2.859375], [-3.984375], [-2.703125], [-2.734375], [-2.140625], [-2.953125], [-1.40625], [-3.390625], [-8.25], [-3.203125], [0.01953125], [-3.015625], [-5.1875], [-6.40625], [-1.1328125], [-1.828125], [-1.625], [-4.03125], [-0.47265625], [-6.15625], [-1.171875], [-1.1875], [0.1962890625], [-2.53125], [-0.275390625], [-0.50390625], [-4.34375], [-1.671875], [-0.93359375], [-0.94921875], [-2.484375], [-0.9453125], [-2.5], [-1.0], [-6.3125], [-0.83203125], [-3.25], [-2.21875], [-2.21875], [-2.78125], [-1.6953125], [-1.4765625], [-1.78125], [-2.0], [-0.298828125], [-1.3203125], [-2.4375], [-2.796875], [-7.6875], [-4.4375], [-4.71875], [-0.671875], [-8.0625], [-0.90234375], [-1.140625], [-1.859375], [-0.1865234375], [-8.6875], [-3.5625], [-1.828125], [-0.84375], [-0.60546875], [-1.734375], [-1.0859375], [-1.5859375], [-1.5859375], [-6.96875], [-1.265625], [-9.75], [0.609375], [-4.15625], [-3.8125], [-1.4609375], [-0.890625], [-0.66796875], [-1.375], [-2.140625], [-0.58203125], [-2.359375], [-5.65625], [-2.859375], [-2.203125], [-2.828125], [-1.8125], [-3.28125], [-3.90625], [-1.5703125], [0.40234375], [-0.6328125], [-2.140625], [-2.1875], [-4.96875], [-0.40625], [0.345703125], [-1.796875], [-2.625]], "anthropic-helpful-base": [[2.265625], [-2.703125], [0.75], [-3.984375], [-2.46875], [-0.4921875], [-0.51953125], [-1.625], [-1.2265625], [3.265625], [0.57421875], [-1.59375], [-2.875], [-0.5], [-0.154296875], [2.921875], [-1.671875], [3.09375], [-0.1220703125], [-2.375], [1.6015625], [-0.1435546875], [-1.6328125], [-1.921875], [-2.578125], [-2.765625], [-3.09375], [-1.6328125], [2.234375], [1.0078125], [-2.1875], [1.1953125], [1.2734375], [0.400390625], [-1.5859375], [-2.34375], [0.044677734375], [1.421875], [-0.96484375], [-2.765625], [2.421875], [-2.515625], [-2.125], [-0.1572265625], [-0.0810546875], [1.3828125], [-0.328125], [-1.40625], [-1.4609375], [1.6015625], [-2.296875], [-2.3125], [-3.28125], [3.0625], [-6.625], [1.6640625], [0.030517578125], [-2.171875], [-0.88671875], [-1.703125], [0.29296875], [-2.546875], [0.034423828125], [-0.31640625], [-0.8203125], [-2.03125], [0.51171875], [-0.47265625], [0.029541015625], [0.62109375], [-1.1640625], [-1.515625], [-1.515625], [-1.59375], [-1.1171875], [0.01611328125], [-0.5390625], [-3.125], [-1.9140625], [-0.8046875], [1.0859375], [4.09375], [-0.7890625], [0.419921875], [0.4375], [0.036376953125], [-0.5859375], [-6.46875], [-0.5703125], [-2.890625], [-0.216796875], [-1.8046875], [1.34375], [-2.5], [-0.96875], [-0.39453125], [-1.140625], [-1.6796875], [-0.6640625], [0.458984375], [-2.171875], [-0.474609375], [-0.25390625], [-2.625], [0.453125], [-1.96875], [-1.9609375], [-1.8125], [-0.5546875], [-2.015625], [0.27734375], [-2.859375], [0.97265625], [2.8125], [-0.93359375], [-1.765625], [-0.61328125], [-0.318359375], [-1.0703125], [-0.2578125], [-1.921875], [-1.2890625], [-1.890625], [1.328125], [-0.486328125], [1.9609375], [-0.1103515625], [0.54296875]], "anthropic-harmless-base": [[-1.609375], [-2.09375], [-2.234375], [-0.52734375], [-1.53125], [-8.75], [-0.3671875], [-1.9609375], [-3.640625], [-0.89453125], [-2.921875], [-0.423828125], [-0.1611328125], [-1.4453125], [-1.859375], [-11.875], [-2.84375], [-2.25], [-1.8984375], [-0.8515625], [-1.0625], [-1.8046875], [-1.546875], [-0.88671875], [-5.75], [-1.65625], [-2.8125], [-5.4375], [-3.59375], [-3.734375], [-2.453125], [-5.46875], [-4.3125], [-1.6484375], [-3.796875], [-3.640625], [-1.3203125], [-0.91015625], [-1.25], [-2.296875], [-0.453125], [-1.9140625], [-1.4296875], [-6.03125], [-6.28125], [-1.6640625], [-0.76171875], [-0.6875], [-3.859375], [0.298828125], [-3.046875], [-1.40625], [-1.2109375], [-6.40625], [-2.015625], [-4.6875], [-4.21875], [-1.8671875], [-3.046875], [-0.69921875], [-4.875], [-1.109375], [-0.54296875], [-5.84375], [-3.21875], [-4.875], [-2.703125], [-1.8828125], [-2.828125], [-6.15625], [-0.8828125], [-6.0], [-4.5], [-2.0625], [-0.400390625], [-3.234375], [-0.91796875], [-10.1875], [-7.125], [-2.515625], [-2.203125], [-1.65625], [-1.53125], [-2.109375], [-2.8125], [-0.95703125], [-0.443359375], [-1.03125], [-2.53125], [-1.65625], [-2.0], [-4.78125], [-4.3125], [-0.7890625], [-1.28125], [-1.1328125], [-2.359375], [-1.5], [-4.96875], [-0.56640625], [-2.140625], [-7.0], [-1.390625], [-3.3125], [-2.578125], [-4.8125], [-7.03125], [-1.5], [-0.5859375], [-1.8203125], [-3.609375], [-1.5], [-1.578125], [-0.8671875], [-0.90625], [-8.6875], [-1.6328125], [-0.197265625], [-2.046875], [-2.734375], [-1.4140625], [-5.71875], [0.0859375], [-0.28125], [-1.71875], [-1.859375], [-0.2197265625], [-0.56640625]], "openai/webgpt_comparisons": [[-1.0], [-0.2314453125], [-1.84375], [-2.3125], [-2.4375], [-1.3671875], [-1.65625], [-2.09375], [-1.03125], [-0.51171875], [-2.734375], [-1.5546875], [-0.2353515625], [-4.09375], [-2.390625], [-1.3359375], [1.0546875], [-0.93359375], [-2.6875], [-0.73046875], [-4.90625], [-1.328125], [-1.4921875], [-1.75], [-0.75], [-4.8125], [-2.4375], [-3.0625], [-2.21875], [-1.5703125], [-1.4375], [-1.9296875], [-1.0234375], [-1.2578125], [-3.34375], [-2.359375], [-2.140625], [-2.703125], [-1.2421875], [-4.84375], [-1.3515625], [-2.46875], [-1.296875], [1.265625], [-1.125], [-5.0625], [1.59375], [-2.03125], [-2.046875], [-1.734375], [-2.765625], [-2.3125], [-2.125], [-2.140625], [-5.0625], [-2.078125], [-1.46875], [-1.890625], [-0.98828125], [-0.83984375], [-0.84375], [-1.5703125], [-0.470703125], [-2.515625], [-0.443359375], [-0.2236328125], [-1.65625], [-0.58984375], [-1.4765625], [0.1572265625], [-2.34375], [-3.1875], [-2.1875], [-2.40625], [-1.4609375], [-1.53125], [-0.765625], [-2.875], [-1.0], [-0.703125], [-4.5625], [-0.8828125], [-2.203125], [-3.390625], [-1.15625], [-1.0390625], [-0.5], [-2.0], [-1.34375], [-2.15625], [-1.328125], [-1.28125], [-1.09375], [-3.359375], [-1.9765625], [-1.90625], [-2.28125], [-1.90625], [-1.171875], [-1.828125], [-2.421875], [-1.234375], [-1.3515625], [-2.203125], [-2.140625], [-2.0625], [-1.671875], [-5.28125], [-2.734375], [-1.7890625], [0.361328125], [-1.375], [-0.71484375], [-2.59375], [-1.9296875], [-2.828125], [-2.5], [-2.53125], [-2.625], [-0.9375], [-1.9140625], [-2.25], [-1.8203125], [-3.15625], [-3.046875], [-2.65625], [-2.578125], [1.5390625]]}
