{
  "results": {
    "hendrycksTest-abstract_algebra": {
      "acc": 0.28,
      "acc_stderr": 0.045126085985421276,
      "acc_norm": 0.32,
      "acc_norm_stderr": 0.04688261722621504
    },
    "hendrycksTest-anatomy": {
      "acc": 0.3925925925925926,
      "acc_stderr": 0.04218506215368879,
      "acc_norm": 0.2962962962962963,
      "acc_norm_stderr": 0.03944624162501116
    },
    "hendrycksTest-astronomy": {
      "acc": 0.3355263157894737,
      "acc_stderr": 0.038424985593952694,
      "acc_norm": 0.4342105263157895,
      "acc_norm_stderr": 0.0403356566784832
    },
    "hendrycksTest-business_ethics": {
      "acc": 0.54,
      "acc_stderr": 0.05009082659620333,
      "acc_norm": 0.41,
      "acc_norm_stderr": 0.049431107042371025
    },
    "hendrycksTest-clinical_knowledge": {
      "acc": 0.35471698113207545,
      "acc_stderr": 0.02944517532819959,
      "acc_norm": 0.37358490566037733,
      "acc_norm_stderr": 0.029773082713319878
    },
    "hendrycksTest-college_biology": {
      "acc": 0.2986111111111111,
      "acc_stderr": 0.03827052357950756,
      "acc_norm": 0.2916666666666667,
      "acc_norm_stderr": 0.038009680605548594
    },
    "hendrycksTest-college_chemistry": {
      "acc": 0.23,
      "acc_stderr": 0.04229525846816506,
      "acc_norm": 0.29,
      "acc_norm_stderr": 0.04560480215720684
    },
    "hendrycksTest-college_computer_science": {
      "acc": 0.28,
      "acc_stderr": 0.04512608598542127,
      "acc_norm": 0.29,
      "acc_norm_stderr": 0.045604802157206845
    },
    "hendrycksTest-college_mathematics": {
      "acc": 0.28,
      "acc_stderr": 0.04512608598542127,
      "acc_norm": 0.28,
      "acc_norm_stderr": 0.04512608598542127
    },
    "hendrycksTest-college_medicine": {
      "acc": 0.36416184971098264,
      "acc_stderr": 0.03669072477416907,
      "acc_norm": 0.31213872832369943,
      "acc_norm_stderr": 0.03533133389323657
    },
    "hendrycksTest-college_physics": {
      "acc": 0.2647058823529412,
      "acc_stderr": 0.04389869956808778,
      "acc_norm": 0.3235294117647059,
      "acc_norm_stderr": 0.046550104113196177
    },
    "hendrycksTest-computer_security": {
      "acc": 0.41,
      "acc_stderr": 0.04943110704237102,
      "acc_norm": 0.4,
      "acc_norm_stderr": 0.04923659639173309
    },
    "hendrycksTest-conceptual_physics": {
      "acc": 0.3276595744680851,
      "acc_stderr": 0.030683020843231,
      "acc_norm": 0.2170212765957447,
      "acc_norm_stderr": 0.02694748312149622
    },
    "hendrycksTest-econometrics": {
      "acc": 0.2894736842105263,
      "acc_stderr": 0.04266339443159393,
      "acc_norm": 0.16666666666666666,
      "acc_norm_stderr": 0.03505859682597265
    },
    "hendrycksTest-electrical_engineering": {
      "acc": 0.3724137931034483,
      "acc_stderr": 0.0402873153294756,
      "acc_norm": 0.32413793103448274,
      "acc_norm_stderr": 0.03900432069185554
    },
    "hendrycksTest-elementary_mathematics": {
      "acc": 0.30423280423280424,
      "acc_stderr": 0.023695415009463087,
      "acc_norm": 0.2830687830687831,
      "acc_norm_stderr": 0.023201392938194974
    },
    "hendrycksTest-formal_logic": {
      "acc": 0.3888888888888889,
      "acc_stderr": 0.04360314860077459,
      "acc_norm": 0.3333333333333333,
      "acc_norm_stderr": 0.04216370213557835
    },
    "hendrycksTest-global_facts": {
      "acc": 0.28,
      "acc_stderr": 0.045126085985421276,
      "acc_norm": 0.3,
      "acc_norm_stderr": 0.046056618647183814
    },
    "hendrycksTest-high_school_biology": {
      "acc": 0.3741935483870968,
      "acc_stderr": 0.027528904299845777,
      "acc_norm": 0.3419354838709677,
      "acc_norm_stderr": 0.026985289576552735
    },
    "hendrycksTest-high_school_chemistry": {
      "acc": 0.2512315270935961,
      "acc_stderr": 0.030516530732694436,
      "acc_norm": 0.30049261083743845,
      "acc_norm_stderr": 0.03225799476233484
    },
    "hendrycksTest-high_school_computer_science": {
      "acc": 0.35,
      "acc_stderr": 0.047937248544110196,
      "acc_norm": 0.36,
      "acc_norm_stderr": 0.04824181513244218
    },
    "hendrycksTest-high_school_european_history": {
      "acc": 0.40606060606060607,
      "acc_stderr": 0.03834816355401181,
      "acc_norm": 0.37575757575757573,
      "acc_norm_stderr": 0.03781887353205982
    },
    "hendrycksTest-high_school_geography": {
      "acc": 0.3484848484848485,
      "acc_stderr": 0.033948539651564025,
      "acc_norm": 0.36363636363636365,
      "acc_norm_stderr": 0.03427308652999934
    },
    "hendrycksTest-high_school_government_and_politics": {
      "acc": 0.42487046632124353,
      "acc_stderr": 0.035674713352125395,
      "acc_norm": 0.35233160621761656,
      "acc_norm_stderr": 0.034474782864143586
    },
    "hendrycksTest-high_school_macroeconomics": {
      "acc": 0.35384615384615387,
      "acc_stderr": 0.02424378399406217,
      "acc_norm": 0.2948717948717949,
      "acc_norm_stderr": 0.02311936275823228
    },
    "hendrycksTest-high_school_mathematics": {
      "acc": 0.2222222222222222,
      "acc_stderr": 0.02534809746809785,
      "acc_norm": 0.28888888888888886,
      "acc_norm_stderr": 0.027634907264178544
    },
    "hendrycksTest-high_school_microeconomics": {
      "acc": 0.36134453781512604,
      "acc_stderr": 0.03120469122515002,
      "acc_norm": 0.35714285714285715,
      "acc_norm_stderr": 0.031124619309328177
    },
    "hendrycksTest-high_school_physics": {
      "acc": 0.2052980132450331,
      "acc_stderr": 0.03297986648473836,
      "acc_norm": 0.2185430463576159,
      "acc_norm_stderr": 0.03374235550425694
    },
    "hendrycksTest-high_school_psychology": {
      "acc": 0.43486238532110094,
      "acc_stderr": 0.021254631465609273,
      "acc_norm": 0.3284403669724771,
      "acc_norm_stderr": 0.020135902797298395
    },
    "hendrycksTest-high_school_statistics": {
      "acc": 0.3101851851851852,
      "acc_stderr": 0.031546962856566295,
      "acc_norm": 0.3101851851851852,
      "acc_norm_stderr": 0.031546962856566295
    },
    "hendrycksTest-high_school_us_history": {
      "acc": 0.43137254901960786,
      "acc_stderr": 0.034760990605016376,
      "acc_norm": 0.3872549019607843,
      "acc_norm_stderr": 0.03418931233833344
    },
    "hendrycksTest-high_school_world_history": {
      "acc": 0.4430379746835443,
      "acc_stderr": 0.03233532777533484,
      "acc_norm": 0.41350210970464135,
      "acc_norm_stderr": 0.03205649904851859
    },
    "hendrycksTest-human_aging": {
      "acc": 0.4080717488789238,
      "acc_stderr": 0.03298574607842822,
      "acc_norm": 0.2825112107623318,
      "acc_norm_stderr": 0.030216831011508773
    },
    "hendrycksTest-human_sexuality": {
      "acc": 0.46564885496183206,
      "acc_stderr": 0.043749285605997376,
      "acc_norm": 0.366412213740458,
      "acc_norm_stderr": 0.04225875451969638
    },
    "hendrycksTest-international_law": {
      "acc": 0.4297520661157025,
      "acc_stderr": 0.04519082021319773,
      "acc_norm": 0.5702479338842975,
      "acc_norm_stderr": 0.04519082021319772
    },
    "hendrycksTest-jurisprudence": {
      "acc": 0.4537037037037037,
      "acc_stderr": 0.04812917324536821,
      "acc_norm": 0.5092592592592593,
      "acc_norm_stderr": 0.04832853553437055
    },
    "hendrycksTest-logical_fallacies": {
      "acc": 0.34355828220858897,
      "acc_stderr": 0.03731133519673892,
      "acc_norm": 0.36809815950920244,
      "acc_norm_stderr": 0.03789213935838396
    },
    "hendrycksTest-machine_learning": {
      "acc": 0.3482142857142857,
      "acc_stderr": 0.045218299028335865,
      "acc_norm": 0.35714285714285715,
      "acc_norm_stderr": 0.04547960999764376
    },
    "hendrycksTest-management": {
      "acc": 0.4077669902912621,
      "acc_stderr": 0.04865777570410769,
      "acc_norm": 0.34951456310679613,
      "acc_norm_stderr": 0.047211885060971716
    },
    "hendrycksTest-marketing": {
      "acc": 0.6025641025641025,
      "acc_stderr": 0.03205953453789293,