{
  "results": {
    "hendrycksTest-abstract_algebra": {
      "acc": 0.2,
      "acc_stderr": 0.04020151261036845,
      "acc_norm": 0.24,
      "acc_norm_stderr": 0.04292346959909283
    },
    "hendrycksTest-anatomy": {
      "acc": 0.28888888888888886,
      "acc_stderr": 0.039154506304142495,
      "acc_norm": 0.22962962962962963,
      "acc_norm_stderr": 0.036333844140734636
    },
    "hendrycksTest-astronomy": {
      "acc": 0.3684210526315789,
      "acc_stderr": 0.03925523381052932,
      "acc_norm": 0.40789473684210525,
      "acc_norm_stderr": 0.03999309712777471
    },
    "hendrycksTest-business_ethics": {
      "acc": 0.38,
      "acc_stderr": 0.04878317312145633,
      "acc_norm": 0.34,
      "acc_norm_stderr": 0.04760952285695235
    },
    "hendrycksTest-clinical_knowledge": {
      "acc": 0.32075471698113206,
      "acc_stderr": 0.028727502957880274,
      "acc_norm": 0.35471698113207545,
      "acc_norm_stderr": 0.029445175328199593
    },
    "hendrycksTest-college_biology": {
      "acc": 0.2569444444444444,
      "acc_stderr": 0.03653946969442099,
      "acc_norm": 0.2638888888888889,
      "acc_norm_stderr": 0.03685651095897532
    },
    "hendrycksTest-college_chemistry": {
      "acc": 0.17,
      "acc_stderr": 0.0377525168068637,
      "acc_norm": 0.26,
      "acc_norm_stderr": 0.0440844002276808
    },
    "hendrycksTest-college_computer_science": {
      "acc": 0.32,
      "acc_stderr": 0.04688261722621504,
      "acc_norm": 0.31,
      "acc_norm_stderr": 0.04648231987117316
    },
    "hendrycksTest-college_mathematics": {
      "acc": 0.19,
      "acc_stderr": 0.039427724440366234,
      "acc_norm": 0.29,
      "acc_norm_stderr": 0.045604802157206845
    },
    "hendrycksTest-college_medicine": {
      "acc": 0.28901734104046245,
      "acc_stderr": 0.034564257450869995,
      "acc_norm": 0.2832369942196532,
      "acc_norm_stderr": 0.034355680560478746
    },
    "hendrycksTest-college_physics": {
      "acc": 0.2647058823529412,
      "acc_stderr": 0.04389869956808777,
      "acc_norm": 0.3235294117647059,
      "acc_norm_stderr": 0.046550104113196177
    },
    "hendrycksTest-computer_security": {
      "acc": 0.32,
      "acc_stderr": 0.046882617226215034,
      "acc_norm": 0.35,
      "acc_norm_stderr": 0.0479372485441102
    },
    "hendrycksTest-conceptual_physics": {
      "acc": 0.2553191489361702,
      "acc_stderr": 0.028504856470514196,
      "acc_norm": 0.18723404255319148,
      "acc_norm_stderr": 0.025501588341883607
    },
    "hendrycksTest-econometrics": {
      "acc": 0.3157894736842105,
      "acc_stderr": 0.04372748290278008,
      "acc_norm": 0.18421052631578946,
      "acc_norm_stderr": 0.03646758875075566
    },
    "hendrycksTest-electrical_engineering": {
      "acc": 0.36551724137931035,
      "acc_stderr": 0.040131241954243856,
      "acc_norm": 0.3448275862068966,
      "acc_norm_stderr": 0.039609335494512087
    },
    "hendrycksTest-elementary_mathematics": {
      "acc": 0.30158730158730157,
      "acc_stderr": 0.023636975996101785,
      "acc_norm": 0.2857142857142857,
      "acc_norm_stderr": 0.023266512213730578
    },
    "hendrycksTest-formal_logic": {
      "acc": 0.3333333333333333,
      "acc_stderr": 0.042163702135578345,
      "acc_norm": 0.3253968253968254,
      "acc_norm_stderr": 0.041905964388711366
    },
    "hendrycksTest-global_facts": {
      "acc": 0.25,
      "acc_stderr": 0.04351941398892446,
      "acc_norm": 0.21,
      "acc_norm_stderr": 0.04093601807403326
    },
    "hendrycksTest-high_school_biology": {
      "acc": 0.2838709677419355,
      "acc_stderr": 0.025649381063029265,
      "acc_norm": 0.29354838709677417,
      "acc_norm_stderr": 0.025906087021319295
    },
    "hendrycksTest-high_school_chemistry": {
      "acc": 0.21182266009852216,
      "acc_stderr": 0.02874898368994107,
      "acc_norm": 0.2857142857142857,
      "acc_norm_stderr": 0.031785297106427496
    },
    "hendrycksTest-high_school_computer_science": {
      "acc": 0.3,
      "acc_stderr": 0.046056618647183814,
      "acc_norm": 0.31,
      "acc_norm_stderr": 0.04648231987117316
    },
    "hendrycksTest-high_school_european_history": {
      "acc": 0.3575757575757576,
      "acc_stderr": 0.03742597043806586,
      "acc_norm": 0.3151515151515151,
      "acc_norm_stderr": 0.0362773057502241
    },
    "hendrycksTest-high_school_geography": {
      "acc": 0.30303030303030304,
      "acc_stderr": 0.032742879140268674,
      "acc_norm": 0.29797979797979796,
      "acc_norm_stderr": 0.03258630383836556
    },
    "hendrycksTest-high_school_government_and_politics": {
      "acc": 0.29015544041450775,
      "acc_stderr": 0.032752644677915145,
      "acc_norm": 0.30569948186528495,
      "acc_norm_stderr": 0.03324837939758159
    },
    "hendrycksTest-high_school_macroeconomics": {
      "acc": 0.3076923076923077,
      "acc_stderr": 0.023400928918310505,
      "acc_norm": 0.31025641025641026,
      "acc_norm_stderr": 0.0234546748894043
    },
    "hendrycksTest-high_school_mathematics": {
      "acc": 0.2,
      "acc_stderr": 0.02438843043398766,
      "acc_norm": 0.29259259259259257,
      "acc_norm_stderr": 0.027738969632176088
    },
    "hendrycksTest-high_school_microeconomics": {
      "acc": 0.3067226890756303,
      "acc_stderr": 0.029953823891887048,
      "acc_norm": 0.3739495798319328,
      "acc_norm_stderr": 0.031429466378837076
    },
    "hendrycksTest-high_school_physics": {
      "acc": 0.24503311258278146,
      "acc_stderr": 0.03511807571804723,
      "acc_norm": 0.26490066225165565,
      "acc_norm_stderr": 0.036030385453603826
    },
    "hendrycksTest-high_school_psychology": {
      "acc": 0.3284403669724771,
      "acc_stderr": 0.020135902797298405,
      "acc_norm": 0.26055045871559634,
      "acc_norm_stderr": 0.018819182034850068
    },
    "hendrycksTest-high_school_statistics": {
      "acc": 0.32407407407407407,
      "acc_stderr": 0.03191923445686186,
      "acc_norm": 0.3194444444444444,
      "acc_norm_stderr": 0.03179876342176852
    },
    "hendrycksTest-high_school_us_history": {
      "acc": 0.3235294117647059,
      "acc_stderr": 0.03283472056108567,
      "acc_norm": 0.31862745098039214,
      "acc_norm_stderr": 0.032702871814820816
    },
    "hendrycksTest-high_school_world_history": {
      "acc": 0.270042194092827,
      "acc_stderr": 0.028900721906293426,
      "acc_norm": 0.31645569620253167,
      "acc_norm_stderr": 0.030274974880218977
    },
    "hendrycksTest-human_aging": {
      "acc": 0.26905829596412556,
      "acc_stderr": 0.029763779406874975,
      "acc_norm": 0.21973094170403587,
      "acc_norm_stderr": 0.027790177064383605
    },
    "hendrycksTest-human_sexuality": {
      "acc": 0.42748091603053434,
      "acc_stderr": 0.04338920305792401,
      "acc_norm": 0.31297709923664124,
      "acc_norm_stderr": 0.04066962905677698
    },
    "hendrycksTest-international_law": {
      "acc": 0.3140495867768595,
      "acc_stderr": 0.04236964753041017,
      "acc_norm": 0.512396694214876,
      "acc_norm_stderr": 0.04562951548180765
    },
    "hendrycksTest-jurisprudence": {
      "acc": 0.3611111111111111,
      "acc_stderr": 0.04643454608906275,
      "acc_norm": 0.4351851851851852,
      "acc_norm_stderr": 0.04792898170907062
    },
    "hendrycksTest-logical_fallacies": {
      "acc": 0.2883435582822086,
      "acc_stderr": 0.035590395316173425,
      "acc_norm": 0.32515337423312884,
      "acc_norm_stderr": 0.03680350371286461
    },
    "hendrycksTest-machine_learning": {
      "acc": 0.25892857142857145,
      "acc_stderr": 0.04157751539865629,
      "acc_norm": 0.25892857142857145,
      "acc_norm_stderr": 0.041577515398656284
    },
    "hendrycksTest-management": {
      "acc": 0.2912621359223301,
      "acc_stderr": 0.04498676320572921,
      "acc_norm": 0.3106796116504854,
      "acc_norm_stderr": 0.04582124160161552
    },
    "hendrycksTest-marketing": {
      "acc": 0.49145299145299143,
      "acc_stderr": 0.032751303000970296,