{
  "results": {
    "hendrycksTest-abstract_algebra": {
      "acc": 0.22,
      "acc_stderr": 0.0416333199893227,
      "acc_norm": 0.24,
      "acc_norm_stderr": 0.04292346959909283
    },
    "hendrycksTest-anatomy": {
      "acc": 0.31851851851851853,
      "acc_stderr": 0.04024778401977111,
      "acc_norm": 0.23703703703703705,
      "acc_norm_stderr": 0.03673731683969506
    },
    "hendrycksTest-astronomy": {
      "acc": 0.40131578947368424,
      "acc_stderr": 0.039889037033362836,
      "acc_norm": 0.4276315789473684,
      "acc_norm_stderr": 0.04026097083296558
    },
    "hendrycksTest-business_ethics": {
      "acc": 0.41,
      "acc_stderr": 0.04943110704237102,
      "acc_norm": 0.35,
      "acc_norm_stderr": 0.047937248544110196
    },
    "hendrycksTest-clinical_knowledge": {
      "acc": 0.3320754716981132,
      "acc_stderr": 0.0289854556523344,
      "acc_norm": 0.33962264150943394,
      "acc_norm_stderr": 0.029146904747798342
    },
    "hendrycksTest-college_biology": {
      "acc": 0.2777777777777778,
      "acc_stderr": 0.03745554791462457,
      "acc_norm": 0.24305555555555555,
      "acc_norm_stderr": 0.0358687928008034
    },
    "hendrycksTest-college_chemistry": {
      "acc": 0.24,
      "acc_stderr": 0.042923469599092816,
      "acc_norm": 0.33,
      "acc_norm_stderr": 0.047258156262526045
    },
    "hendrycksTest-college_computer_science": {
      "acc": 0.35,
      "acc_stderr": 0.047937248544110196,
      "acc_norm": 0.32,
      "acc_norm_stderr": 0.046882617226215034
    },
    "hendrycksTest-college_mathematics": {
      "acc": 0.22,
      "acc_stderr": 0.041633319989322695,
      "acc_norm": 0.29,
      "acc_norm_stderr": 0.045604802157206845
    },
    "hendrycksTest-college_medicine": {
      "acc": 0.32947976878612717,
      "acc_stderr": 0.03583901754736412,
      "acc_norm": 0.2832369942196532,
      "acc_norm_stderr": 0.034355680560478746
    },
    "hendrycksTest-college_physics": {
      "acc": 0.24509803921568626,
      "acc_stderr": 0.042801058373643966,
      "acc_norm": 0.3235294117647059,
      "acc_norm_stderr": 0.04655010411319619
    },
    "hendrycksTest-computer_security": {
      "acc": 0.32,
      "acc_stderr": 0.046882617226215034,
      "acc_norm": 0.31,
      "acc_norm_stderr": 0.04648231987117316
    },
    "hendrycksTest-conceptual_physics": {
      "acc": 0.28936170212765955,
      "acc_stderr": 0.02964400657700962,
      "acc_norm": 0.19148936170212766,
      "acc_norm_stderr": 0.0257221499926378
    },
    "hendrycksTest-econometrics": {
      "acc": 0.2982456140350877,
      "acc_stderr": 0.04303684033537315,
      "acc_norm": 0.21929824561403508,
      "acc_norm_stderr": 0.038924311065187525
    },
    "hendrycksTest-electrical_engineering": {
      "acc": 0.3793103448275862,
      "acc_stderr": 0.04043461861916747,
      "acc_norm": 0.3586206896551724,
      "acc_norm_stderr": 0.039966295748767186
    },
    "hendrycksTest-elementary_mathematics": {
      "acc": 0.291005291005291,
      "acc_stderr": 0.023393826500484865,
      "acc_norm": 0.28835978835978837,
      "acc_norm_stderr": 0.023330654054535886
    },
    "hendrycksTest-formal_logic": {
      "acc": 0.3253968253968254,
      "acc_stderr": 0.04190596438871137,
      "acc_norm": 0.30158730158730157,
      "acc_norm_stderr": 0.04104947269903394
    },
    "hendrycksTest-global_facts": {
      "acc": 0.27,
      "acc_stderr": 0.044619604333847394,
      "acc_norm": 0.24,
      "acc_norm_stderr": 0.04292346959909282
    },
    "hendrycksTest-high_school_biology": {
      "acc": 0.2838709677419355,
      "acc_stderr": 0.02564938106302926,
      "acc_norm": 0.2870967741935484,
      "acc_norm_stderr": 0.02573654274559453
    },
    "hendrycksTest-high_school_chemistry": {
      "acc": 0.23645320197044334,
      "acc_stderr": 0.02989611429173355,
      "acc_norm": 0.30049261083743845,
      "acc_norm_stderr": 0.032257994762334825
    },
    "hendrycksTest-high_school_computer_science": {
      "acc": 0.28,
      "acc_stderr": 0.04512608598542127,
      "acc_norm": 0.31,
      "acc_norm_stderr": 0.04648231987117316
    },
    "hendrycksTest-high_school_european_history": {
      "acc": 0.32727272727272727,
      "acc_stderr": 0.03663974994391241,
      "acc_norm": 0.3333333333333333,
      "acc_norm_stderr": 0.0368105086916155
    },
    "hendrycksTest-high_school_geography": {
      "acc": 0.3282828282828283,
      "acc_stderr": 0.03345678422756777,
      "acc_norm": 0.31313131313131315,
      "acc_norm_stderr": 0.033042050878136525
    },
    "hendrycksTest-high_school_government_and_politics": {
      "acc": 0.26424870466321243,
      "acc_stderr": 0.031821550509166484,
      "acc_norm": 0.31088082901554404,
      "acc_norm_stderr": 0.03340361906276588
    },
    "hendrycksTest-high_school_macroeconomics": {
      "acc": 0.30512820512820515,
      "acc_stderr": 0.023346335293325887,
      "acc_norm": 0.28974358974358977,
      "acc_norm_stderr": 0.023000628243687954
    },
    "hendrycksTest-high_school_mathematics": {
      "acc": 0.2,
      "acc_stderr": 0.02438843043398766,
      "acc_norm": 0.3074074074074074,
      "acc_norm_stderr": 0.028133252578815632
    },
    "hendrycksTest-high_school_microeconomics": {
      "acc": 0.31092436974789917,
      "acc_stderr": 0.03006676158297793,
      "acc_norm": 0.36554621848739494,
      "acc_norm_stderr": 0.03128217706368461
    },
    "hendrycksTest-high_school_physics": {
      "acc": 0.23841059602649006,
      "acc_stderr": 0.0347918557259966,
      "acc_norm": 0.24503311258278146,
      "acc_norm_stderr": 0.03511807571804725
    },
    "hendrycksTest-high_school_psychology": {
      "acc": 0.3174311926605505,
      "acc_stderr": 0.0199571521984605,
      "acc_norm": 0.26422018348623855,
      "acc_norm_stderr": 0.01890416417151019
    },
    "hendrycksTest-high_school_statistics": {
      "acc": 0.3148148148148148,
      "acc_stderr": 0.03167468706828979,
      "acc_norm": 0.3148148148148148,
      "acc_norm_stderr": 0.03167468706828979
    },
    "hendrycksTest-high_school_us_history": {
      "acc": 0.3284313725490196,
      "acc_stderr": 0.03296245110172228,
      "acc_norm": 0.3382352941176471,
      "acc_norm_stderr": 0.03320574612945431
    },
    "hendrycksTest-high_school_world_history": {
      "acc": 0.2869198312236287,
      "acc_stderr": 0.029443773022594693,
      "acc_norm": 0.31223628691983124,
      "acc_norm_stderr": 0.030165137867847008
    },
    "hendrycksTest-human_aging": {
      "acc": 0.242152466367713,
      "acc_stderr": 0.028751392398694755,
      "acc_norm": 0.2062780269058296,
      "acc_norm_stderr": 0.027157150479563824
    },
    "hendrycksTest-human_sexuality": {
      "acc": 0.44274809160305345,
      "acc_stderr": 0.043564472026650695,
      "acc_norm": 0.32061068702290074,
      "acc_norm_stderr": 0.04093329229834277
    },
    "hendrycksTest-international_law": {
      "acc": 0.3305785123966942,
      "acc_stderr": 0.04294340845212095,
      "acc_norm": 0.512396694214876,
      "acc_norm_stderr": 0.04562951548180765
    },
    "hendrycksTest-jurisprudence": {
      "acc": 0.3148148148148148,
      "acc_stderr": 0.04489931073591312,
      "acc_norm": 0.4537037037037037,
      "acc_norm_stderr": 0.04812917324536823
    },
    "hendrycksTest-logical_fallacies": {
      "acc": 0.2822085889570552,
      "acc_stderr": 0.03536117886664743,
      "acc_norm": 0.3128834355828221,
      "acc_norm_stderr": 0.03642914578292405
    },
    "hendrycksTest-machine_learning": {
      "acc": 0.25892857142857145,
      "acc_stderr": 0.04157751539865629,
      "acc_norm": 0.25,
      "acc_norm_stderr": 0.04109974682633932
    },
    "hendrycksTest-management": {
      "acc": 0.30097087378640774,
      "acc_stderr": 0.04541609446503947,
      "acc_norm": 0.3106796116504854,
      "acc_norm_stderr": 0.04582124160161551
    },
    "hendrycksTest-marketing": {
      "acc": 0.5,
      "acc_stderr": 0.03275608910402091,
      "acc_norm": 0.4358974358974359,