{
  "results": {
    "hendrycksTest-abstract_algebra": {
      "acc": 0.28,
      "acc_stderr": 0.045126085985421276,
      "acc_norm": 0.32,
      "acc_norm_stderr": 0.04688261722621504
    },
    "hendrycksTest-anatomy": {
      "acc": 0.3925925925925926,
      "acc_stderr": 0.04218506215368879,
      "acc_norm": 0.28888888888888886,
      "acc_norm_stderr": 0.0391545063041425
    },
    "hendrycksTest-astronomy": {
      "acc": 0.34210526315789475,
      "acc_stderr": 0.03860731599316091,
      "acc_norm": 0.4342105263157895,
      "acc_norm_stderr": 0.0403356566784832
    },
    "hendrycksTest-business_ethics": {
      "acc": 0.54,
      "acc_stderr": 0.05009082659620333,
      "acc_norm": 0.42,
      "acc_norm_stderr": 0.049604496374885836
    },
    "hendrycksTest-clinical_knowledge": {
      "acc": 0.3660377358490566,
      "acc_stderr": 0.029647813539365245,
      "acc_norm": 0.36981132075471695,
      "acc_norm_stderr": 0.02971142188010793
    },
    "hendrycksTest-college_biology": {
      "acc": 0.2847222222222222,
      "acc_stderr": 0.03773809990686934,
      "acc_norm": 0.2916666666666667,
      "acc_norm_stderr": 0.038009680605548594
    },
    "hendrycksTest-college_chemistry": {
      "acc": 0.24,
      "acc_stderr": 0.04292346959909282,
      "acc_norm": 0.29,
      "acc_norm_stderr": 0.04560480215720684
    },
    "hendrycksTest-college_computer_science": {
      "acc": 0.27,
      "acc_stderr": 0.04461960433384741,
      "acc_norm": 0.29,
      "acc_norm_stderr": 0.045604802157206845
    },
    "hendrycksTest-college_mathematics": {
      "acc": 0.26,
      "acc_stderr": 0.0440844002276808,
      "acc_norm": 0.26,
      "acc_norm_stderr": 0.04408440022768078
    },
    "hendrycksTest-college_medicine": {
      "acc": 0.35260115606936415,
      "acc_stderr": 0.03643037168958548,
      "acc_norm": 0.30057803468208094,
      "acc_norm_stderr": 0.0349610148119118
    },
    "hendrycksTest-college_physics": {
      "acc": 0.2647058823529412,
      "acc_stderr": 0.04389869956808778,
      "acc_norm": 0.30392156862745096,
      "acc_norm_stderr": 0.04576665403207762
    },
    "hendrycksTest-computer_security": {
      "acc": 0.41,
      "acc_stderr": 0.04943110704237101,
      "acc_norm": 0.43,
      "acc_norm_stderr": 0.049756985195624284
    },
    "hendrycksTest-conceptual_physics": {
      "acc": 0.3276595744680851,
      "acc_stderr": 0.030683020843231004,
      "acc_norm": 0.225531914893617,
      "acc_norm_stderr": 0.027321078417387533
    },
    "hendrycksTest-econometrics": {
      "acc": 0.30701754385964913,
      "acc_stderr": 0.043391383225798615,
      "acc_norm": 0.17543859649122806,
      "acc_norm_stderr": 0.0357795481394837
    },
    "hendrycksTest-electrical_engineering": {
      "acc": 0.3724137931034483,
      "acc_stderr": 0.0402873153294756,
      "acc_norm": 0.31724137931034485,
      "acc_norm_stderr": 0.038783523721386215
    },
    "hendrycksTest-elementary_mathematics": {
      "acc": 0.291005291005291,
      "acc_stderr": 0.023393826500484865,
      "acc_norm": 0.2751322751322751,
      "acc_norm_stderr": 0.02300008685906864
    },
    "hendrycksTest-formal_logic": {
      "acc": 0.3968253968253968,
      "acc_stderr": 0.0437588849272706,
      "acc_norm": 0.35714285714285715,
      "acc_norm_stderr": 0.04285714285714281
    },
    "hendrycksTest-global_facts": {
      "acc": 0.26,
      "acc_stderr": 0.04408440022768078,
      "acc_norm": 0.28,
      "acc_norm_stderr": 0.04512608598542127
    },
    "hendrycksTest-high_school_biology": {
      "acc": 0.36451612903225805,
      "acc_stderr": 0.027379871229943245,
      "acc_norm": 0.33548387096774196,
      "acc_norm_stderr": 0.02686020644472435
    },
    "hendrycksTest-high_school_chemistry": {
      "acc": 0.22660098522167488,
      "acc_stderr": 0.029454863835292996,
      "acc_norm": 0.3054187192118227,
      "acc_norm_stderr": 0.03240661565868408
    },
    "hendrycksTest-high_school_computer_science": {
      "acc": 0.37,
      "acc_stderr": 0.048523658709391,
      "acc_norm": 0.35,
      "acc_norm_stderr": 0.047937248544110196
    },
    "hendrycksTest-high_school_european_history": {
      "acc": 0.3878787878787879,
      "acc_stderr": 0.038049136539710114,
      "acc_norm": 0.3878787878787879,
      "acc_norm_stderr": 0.03804913653971011
    },
    "hendrycksTest-high_school_geography": {
      "acc": 0.3434343434343434,
      "acc_stderr": 0.033832012232444426,
      "acc_norm": 0.37373737373737376,
      "acc_norm_stderr": 0.03446897738659333
    },
    "hendrycksTest-high_school_government_and_politics": {
      "acc": 0.41450777202072536,
      "acc_stderr": 0.03555300319557672,
      "acc_norm": 0.3471502590673575,
      "acc_norm_stderr": 0.03435696168361355
    },
    "hendrycksTest-high_school_macroeconomics": {
      "acc": 0.33589743589743587,
      "acc_stderr": 0.023946724741563976,
      "acc_norm": 0.28974358974358977,
      "acc_norm_stderr": 0.023000628243687957
    },
    "hendrycksTest-high_school_mathematics": {
      "acc": 0.22962962962962963,
      "acc_stderr": 0.025644108639267617,
      "acc_norm": 0.29259259259259257,
      "acc_norm_stderr": 0.02773896963217609
    },
    "hendrycksTest-high_school_microeconomics": {
      "acc": 0.35714285714285715,
      "acc_stderr": 0.031124619309328177,
      "acc_norm": 0.35294117647058826,
      "acc_norm_stderr": 0.031041941304059278
    },
    "hendrycksTest-high_school_physics": {
      "acc": 0.19205298013245034,
      "acc_stderr": 0.03216298420593614,
      "acc_norm": 0.2119205298013245,
      "acc_norm_stderr": 0.03336767086567978
    },
    "hendrycksTest-high_school_psychology": {
      "acc": 0.42935779816513764,
      "acc_stderr": 0.021222286397236508,
      "acc_norm": 0.3339449541284404,
      "acc_norm_stderr": 0.020220554196736407
    },
    "hendrycksTest-high_school_statistics": {
      "acc": 0.3101851851851852,
      "acc_stderr": 0.031546962856566295,
      "acc_norm": 0.3101851851851852,
      "acc_norm_stderr": 0.031546962856566295
    },
    "hendrycksTest-high_school_us_history": {
      "acc": 0.4362745098039216,
      "acc_stderr": 0.03480693138457038,
      "acc_norm": 0.38235294117647056,
      "acc_norm_stderr": 0.03410785338904719
    },
    "hendrycksTest-high_school_world_history": {
      "acc": 0.4430379746835443,
      "acc_stderr": 0.03233532777533484,
      "acc_norm": 0.4092827004219409,
      "acc_norm_stderr": 0.032007041833595914
    },
    "hendrycksTest-human_aging": {
      "acc": 0.4170403587443946,
      "acc_stderr": 0.03309266936071721,
      "acc_norm": 0.28699551569506726,
      "acc_norm_stderr": 0.030360379710291947
    },
    "hendrycksTest-human_sexuality": {
      "acc": 0.46564885496183206,
      "acc_stderr": 0.043749285605997376,
      "acc_norm": 0.35877862595419846,
      "acc_norm_stderr": 0.04206739313864908
    },
    "hendrycksTest-international_law": {
      "acc": 0.4132231404958678,
      "acc_stderr": 0.04495087843548408,
      "acc_norm": 0.5785123966942148,
      "acc_norm_stderr": 0.04507732278775087
    },
    "hendrycksTest-jurisprudence": {
      "acc": 0.4444444444444444,
      "acc_stderr": 0.04803752235190193,
      "acc_norm": 0.5092592592592593,
      "acc_norm_stderr": 0.04832853553437055
    },
    "hendrycksTest-logical_fallacies": {
      "acc": 0.3374233128834356,
      "acc_stderr": 0.03714908409935575,
      "acc_norm": 0.36809815950920244,
      "acc_norm_stderr": 0.03789213935838396
    },
    "hendrycksTest-machine_learning": {
      "acc": 0.36607142857142855,
      "acc_stderr": 0.0457237235873743,
      "acc_norm": 0.39285714285714285,
      "acc_norm_stderr": 0.046355501356099754
    },
    "hendrycksTest-management": {
      "acc": 0.4174757281553398,
      "acc_stderr": 0.04882840548212238,
      "acc_norm": 0.3592233009708738,
      "acc_norm_stderr": 0.047504583990416946
    },
    "hendrycksTest-marketing": {
      "acc": 0.5897435897435898,