{
  "results": {
    "hendrycksTest-abstract_algebra": {
      "acc": 0.24,
      "acc_stderr": 0.042923469599092816,
      "acc_norm": 0.34,
      "acc_norm_stderr": 0.047609522856952365
    },
    "hendrycksTest-anatomy": {
      "acc": 0.28888888888888886,
      "acc_stderr": 0.0391545063041425,
      "acc_norm": 0.21481481481481482,
      "acc_norm_stderr": 0.035478541985608264
    },
    "hendrycksTest-astronomy": {
      "acc": 0.3815789473684211,
      "acc_stderr": 0.03953173377749194,
      "acc_norm": 0.4144736842105263,
      "acc_norm_stderr": 0.04008973785779206
    },
    "hendrycksTest-business_ethics": {
      "acc": 0.38,
      "acc_stderr": 0.04878317312145633,
      "acc_norm": 0.33,
      "acc_norm_stderr": 0.04725815626252604
    },
    "hendrycksTest-clinical_knowledge": {
      "acc": 0.32452830188679244,
      "acc_stderr": 0.028815615713432115,
      "acc_norm": 0.33962264150943394,
      "acc_norm_stderr": 0.029146904747798342
    },
    "hendrycksTest-college_biology": {
      "acc": 0.24305555555555555,
      "acc_stderr": 0.03586879280080341,
      "acc_norm": 0.2708333333333333,
      "acc_norm_stderr": 0.03716177437566017
    },
    "hendrycksTest-college_chemistry": {
      "acc": 0.17,
      "acc_stderr": 0.0377525168068637,
      "acc_norm": 0.28,
      "acc_norm_stderr": 0.04512608598542127
    },
    "hendrycksTest-college_computer_science": {
      "acc": 0.28,
      "acc_stderr": 0.045126085985421276,
      "acc_norm": 0.29,
      "acc_norm_stderr": 0.04560480215720684
    },
    "hendrycksTest-college_mathematics": {
      "acc": 0.21,
      "acc_stderr": 0.040936018074033256,
      "acc_norm": 0.29,
      "acc_norm_stderr": 0.045604802157206845
    },
    "hendrycksTest-college_medicine": {
      "acc": 0.23121387283236994,
      "acc_stderr": 0.032147373020294696,
      "acc_norm": 0.2543352601156069,
      "acc_norm_stderr": 0.0332055644308557
    },
    "hendrycksTest-college_physics": {
      "acc": 0.23529411764705882,
      "acc_stderr": 0.042207736591714506,
      "acc_norm": 0.29411764705882354,
      "acc_norm_stderr": 0.04533838195929775
    },
    "hendrycksTest-computer_security": {
      "acc": 0.32,
      "acc_stderr": 0.046882617226215034,
      "acc_norm": 0.35,
      "acc_norm_stderr": 0.0479372485441102
    },
    "hendrycksTest-conceptual_physics": {
      "acc": 0.2765957446808511,
      "acc_stderr": 0.029241883869628817,
      "acc_norm": 0.22127659574468084,
      "acc_norm_stderr": 0.027136349602424063
    },
    "hendrycksTest-econometrics": {
      "acc": 0.34210526315789475,
      "acc_stderr": 0.04462917535336937,
      "acc_norm": 0.21929824561403508,
      "acc_norm_stderr": 0.038924311065187525
    },
    "hendrycksTest-electrical_engineering": {
      "acc": 0.35172413793103446,
      "acc_stderr": 0.039792366374974096,
      "acc_norm": 0.3448275862068966,
      "acc_norm_stderr": 0.03960933549451208
    },
    "hendrycksTest-elementary_mathematics": {
      "acc": 0.2566137566137566,
      "acc_stderr": 0.022494510767503154,
      "acc_norm": 0.2698412698412698,
      "acc_norm_stderr": 0.02286083830923207
    },
    "hendrycksTest-formal_logic": {
      "acc": 0.30158730158730157,
      "acc_stderr": 0.04104947269903394,
      "acc_norm": 0.30952380952380953,
      "acc_norm_stderr": 0.04134913018303316
    },
    "hendrycksTest-global_facts": {
      "acc": 0.27,
      "acc_stderr": 0.0446196043338474,
      "acc_norm": 0.24,
      "acc_norm_stderr": 0.04292346959909282
    },
    "hendrycksTest-high_school_biology": {
      "acc": 0.29354838709677417,
      "acc_stderr": 0.0259060870213193,
      "acc_norm": 0.3,
      "acc_norm_stderr": 0.02606936229533513
    },
    "hendrycksTest-high_school_chemistry": {
      "acc": 0.19704433497536947,
      "acc_stderr": 0.027986724666736212,
      "acc_norm": 0.29064039408866993,
      "acc_norm_stderr": 0.03194740072265541
    },
    "hendrycksTest-high_school_computer_science": {
      "acc": 0.27,
      "acc_stderr": 0.0446196043338474,
      "acc_norm": 0.3,
      "acc_norm_stderr": 0.046056618647183814
    },
    "hendrycksTest-high_school_european_history": {
      "acc": 0.3878787878787879,
      "acc_stderr": 0.0380491365397101,
      "acc_norm": 0.32727272727272727,
      "acc_norm_stderr": 0.03663974994391243
    },
    "hendrycksTest-high_school_geography": {
      "acc": 0.30808080808080807,
      "acc_stderr": 0.03289477330098616,
      "acc_norm": 0.3181818181818182,
      "acc_norm_stderr": 0.0331847733384533
    },
    "hendrycksTest-high_school_government_and_politics": {
      "acc": 0.2849740932642487,
      "acc_stderr": 0.0325771407770966,
      "acc_norm": 0.3005181347150259,
      "acc_norm_stderr": 0.03308818594415752
    },
    "hendrycksTest-high_school_macroeconomics": {
      "acc": 0.32564102564102565,
      "acc_stderr": 0.02375966576741229,
      "acc_norm": 0.32051282051282054,
      "acc_norm_stderr": 0.023661296393964283
    },
    "hendrycksTest-high_school_mathematics": {
      "acc": 0.22592592592592592,
      "acc_stderr": 0.025497532639609553,
      "acc_norm": 0.3148148148148148,
      "acc_norm_stderr": 0.028317533496066468
    },
    "hendrycksTest-high_school_microeconomics": {
      "acc": 0.31512605042016806,
      "acc_stderr": 0.03017680828897434,
      "acc_norm": 0.3697478991596639,
      "acc_norm_stderr": 0.031357095996135904
    },
    "hendrycksTest-high_school_physics": {
      "acc": 0.2781456953642384,
      "acc_stderr": 0.03658603262763743,
      "acc_norm": 0.2251655629139073,
      "acc_norm_stderr": 0.03410435282008937
    },
    "hendrycksTest-high_school_psychology": {
      "acc": 0.3376146788990826,
      "acc_stderr": 0.020275265986638917,
      "acc_norm": 0.27339449541284405,
      "acc_norm_stderr": 0.019109299846098292
    },
    "hendrycksTest-high_school_statistics": {
      "acc": 0.27314814814814814,
      "acc_stderr": 0.030388051301678116,
      "acc_norm": 0.30092592592592593,
      "acc_norm_stderr": 0.03128039084329882
    },
    "hendrycksTest-high_school_us_history": {
      "acc": 0.37254901960784315,
      "acc_stderr": 0.03393388584958404,
      "acc_norm": 0.3284313725490196,
      "acc_norm_stderr": 0.032962451101722294
    },
    "hendrycksTest-high_school_world_history": {
      "acc": 0.31223628691983124,
      "acc_stderr": 0.030165137867847004,
      "acc_norm": 0.3080168776371308,
      "acc_norm_stderr": 0.0300523893356057
    },
    "hendrycksTest-human_aging": {
      "acc": 0.2825112107623318,
      "acc_stderr": 0.030216831011508762,
      "acc_norm": 0.2242152466367713,
      "acc_norm_stderr": 0.02799153425851953
    },
    "hendrycksTest-human_sexuality": {
      "acc": 0.4122137404580153,
      "acc_stderr": 0.04317171194870254,
      "acc_norm": 0.32061068702290074,
      "acc_norm_stderr": 0.04093329229834277
    },
    "hendrycksTest-international_law": {
      "acc": 0.3140495867768595,
      "acc_stderr": 0.04236964753041017,
      "acc_norm": 0.5371900826446281,
      "acc_norm_stderr": 0.04551711196104218
    },
    "hendrycksTest-jurisprudence": {
      "acc": 0.3333333333333333,
      "acc_stderr": 0.04557239513497752,
      "acc_norm": 0.4537037037037037,
      "acc_norm_stderr": 0.04812917324536823
    },
    "hendrycksTest-logical_fallacies": {
      "acc": 0.2331288343558282,
      "acc_stderr": 0.0332201579577674,
      "acc_norm": 0.32515337423312884,
      "acc_norm_stderr": 0.036803503712864616
    },
    "hendrycksTest-machine_learning": {
      "acc": 0.2767857142857143,
      "acc_stderr": 0.04246624336697626,
      "acc_norm": 0.24107142857142858,
      "acc_norm_stderr": 0.04059867246952686
    },
    "hendrycksTest-management": {
      "acc": 0.2912621359223301,
      "acc_stderr": 0.04498676320572922,
      "acc_norm": 0.32038834951456313,
      "acc_norm_stderr": 0.0462028408228004
    },
    "hendrycksTest-marketing": {
      "acc": 0.48717948717948717,
      "acc_stderr": 0.032745319388423504,