{
  "results": {
    "hendrycksTest-abstract_algebra": {
      "acc": 0.27,
      "acc_stderr": 0.0446196043338474,
      "acc_norm": 0.32,
      "acc_norm_stderr": 0.04688261722621504
    },
    "hendrycksTest-anatomy": {
      "acc": 0.3851851851851852,
      "acc_stderr": 0.042039210401562783,
      "acc_norm": 0.3037037037037037,
      "acc_norm_stderr": 0.039725528847851375
    },
    "hendrycksTest-astronomy": {
      "acc": 0.3355263157894737,
      "acc_stderr": 0.038424985593952694,
      "acc_norm": 0.4276315789473684,
      "acc_norm_stderr": 0.04026097083296559
    },
    "hendrycksTest-business_ethics": {
      "acc": 0.54,
      "acc_stderr": 0.05009082659620333,
      "acc_norm": 0.42,
      "acc_norm_stderr": 0.049604496374885836
    },
    "hendrycksTest-clinical_knowledge": {
      "acc": 0.3433962264150943,
      "acc_stderr": 0.02922452646912479,
      "acc_norm": 0.37358490566037733,
      "acc_norm_stderr": 0.029773082713319878
    },
    "hendrycksTest-college_biology": {
      "acc": 0.3055555555555556,
      "acc_stderr": 0.03852084696008534,
      "acc_norm": 0.2986111111111111,
      "acc_norm_stderr": 0.03827052357950756
    },
    "hendrycksTest-college_chemistry": {
      "acc": 0.24,
      "acc_stderr": 0.04292346959909283,
      "acc_norm": 0.31,
      "acc_norm_stderr": 0.04648231987117316
    },
    "hendrycksTest-college_computer_science": {
      "acc": 0.28,
      "acc_stderr": 0.04512608598542127,
      "acc_norm": 0.27,
      "acc_norm_stderr": 0.04461960433384741
    },
    "hendrycksTest-college_mathematics": {
      "acc": 0.25,
      "acc_stderr": 0.04351941398892446,
      "acc_norm": 0.26,
      "acc_norm_stderr": 0.04408440022768078
    },
    "hendrycksTest-college_medicine": {
      "acc": 0.3352601156069364,
      "acc_stderr": 0.03599586301247078,
      "acc_norm": 0.3063583815028902,
      "acc_norm_stderr": 0.03514942551267438
    },
    "hendrycksTest-college_physics": {
      "acc": 0.2647058823529412,
      "acc_stderr": 0.04389869956808778,
      "acc_norm": 0.30392156862745096,
      "acc_norm_stderr": 0.04576665403207763
    },
    "hendrycksTest-computer_security": {
      "acc": 0.42,
      "acc_stderr": 0.04960449637488584,
      "acc_norm": 0.41,
      "acc_norm_stderr": 0.049431107042371025
    },
    "hendrycksTest-conceptual_physics": {
      "acc": 0.3404255319148936,
      "acc_stderr": 0.030976692998534436,
      "acc_norm": 0.2127659574468085,
      "acc_norm_stderr": 0.026754391348039752
    },
    "hendrycksTest-econometrics": {
      "acc": 0.32456140350877194,
      "acc_stderr": 0.044045561573747664,
      "acc_norm": 0.18421052631578946,
      "acc_norm_stderr": 0.03646758875075566
    },
    "hendrycksTest-electrical_engineering": {
      "acc": 0.3586206896551724,
      "acc_stderr": 0.039966295748767186,
      "acc_norm": 0.3103448275862069,
      "acc_norm_stderr": 0.03855289616378948
    },
    "hendrycksTest-elementary_mathematics": {
      "acc": 0.28835978835978837,
      "acc_stderr": 0.0233306540545359,
      "acc_norm": 0.2751322751322751,
      "acc_norm_stderr": 0.023000086859068635
    },
    "hendrycksTest-formal_logic": {
      "acc": 0.373015873015873,
      "acc_stderr": 0.043255060420170854,
      "acc_norm": 0.3253968253968254,
      "acc_norm_stderr": 0.04190596438871136
    },
    "hendrycksTest-global_facts": {
      "acc": 0.28,
      "acc_stderr": 0.04512608598542127,
      "acc_norm": 0.3,
      "acc_norm_stderr": 0.046056618647183814
    },
    "hendrycksTest-high_school_biology": {
      "acc": 0.38064516129032255,
      "acc_stderr": 0.027621717832907036,
      "acc_norm": 0.33548387096774196,
      "acc_norm_stderr": 0.02686020644472435
    },
    "hendrycksTest-high_school_chemistry": {
      "acc": 0.2512315270935961,
      "acc_stderr": 0.030516530732694436,
      "acc_norm": 0.28078817733990147,
      "acc_norm_stderr": 0.03161856335358609
    },
    "hendrycksTest-high_school_computer_science": {
      "acc": 0.36,
      "acc_stderr": 0.048241815132442176,
      "acc_norm": 0.38,
      "acc_norm_stderr": 0.04878317312145632
    },
    "hendrycksTest-high_school_european_history": {
      "acc": 0.3939393939393939,
      "acc_stderr": 0.038154943086889305,
      "acc_norm": 0.3696969696969697,
      "acc_norm_stderr": 0.03769430314512567
    },
    "hendrycksTest-high_school_geography": {
      "acc": 0.35858585858585856,
      "acc_stderr": 0.03416903640391521,
      "acc_norm": 0.3686868686868687,
      "acc_norm_stderr": 0.034373055019806184
    },
    "hendrycksTest-high_school_government_and_politics": {
      "acc": 0.40414507772020725,
      "acc_stderr": 0.0354150857888402,
      "acc_norm": 0.35751295336787564,
      "acc_norm_stderr": 0.034588160421810045
    },
    "hendrycksTest-high_school_macroeconomics": {
      "acc": 0.34615384615384615,
      "acc_stderr": 0.024121125416941176,
      "acc_norm": 0.29743589743589743,
      "acc_norm_stderr": 0.023177408131465932
    },
    "hendrycksTest-high_school_mathematics": {
      "acc": 0.23333333333333334,
      "acc_stderr": 0.02578787422095932,
      "acc_norm": 0.3037037037037037,
      "acc_norm_stderr": 0.028037929969114986
    },
    "hendrycksTest-high_school_microeconomics": {
      "acc": 0.3445378151260504,
      "acc_stderr": 0.03086868260412163,
      "acc_norm": 0.35714285714285715,
      "acc_norm_stderr": 0.031124619309328177
    },
    "hendrycksTest-high_school_physics": {
      "acc": 0.2119205298013245,
      "acc_stderr": 0.03336767086567978,
      "acc_norm": 0.2119205298013245,
      "acc_norm_stderr": 0.03336767086567978
    },
    "hendrycksTest-high_school_psychology": {
      "acc": 0.43853211009174314,
      "acc_stderr": 0.021274713073954565,
      "acc_norm": 0.3376146788990826,
      "acc_norm_stderr": 0.020275265986638903
    },
    "hendrycksTest-high_school_statistics": {
      "acc": 0.3101851851851852,
      "acc_stderr": 0.03154696285656629,
      "acc_norm": 0.3101851851851852,
      "acc_norm_stderr": 0.031546962856566295
    },
    "hendrycksTest-high_school_us_history": {
      "acc": 0.4362745098039216,
      "acc_stderr": 0.03480693138457038,
      "acc_norm": 0.39705882352941174,
      "acc_norm_stderr": 0.03434131164719129
    },
    "hendrycksTest-high_school_world_history": {
      "acc": 0.4430379746835443,
      "acc_stderr": 0.03233532777533484,
      "acc_norm": 0.4092827004219409,
      "acc_norm_stderr": 0.032007041833595914
    },
    "hendrycksTest-human_aging": {
      "acc": 0.4349775784753363,
      "acc_stderr": 0.033272833702713445,
      "acc_norm": 0.28699551569506726,
      "acc_norm_stderr": 0.03036037971029195
    },
    "hendrycksTest-human_sexuality": {
      "acc": 0.46564885496183206,
      "acc_stderr": 0.043749285605997376,
      "acc_norm": 0.3816793893129771,
      "acc_norm_stderr": 0.042607351576445594
    },
    "hendrycksTest-international_law": {
      "acc": 0.4214876033057851,
      "acc_stderr": 0.045077322787750944,
      "acc_norm": 0.5785123966942148,
      "acc_norm_stderr": 0.04507732278775087
    },
    "hendrycksTest-jurisprudence": {
      "acc": 0.4166666666666667,
      "acc_stderr": 0.04766075165356461,
      "acc_norm": 0.5092592592592593,
      "acc_norm_stderr": 0.04832853553437055
    },
    "hendrycksTest-logical_fallacies": {
      "acc": 0.3312883435582822,
      "acc_stderr": 0.03697983910025588,
      "acc_norm": 0.3619631901840491,
      "acc_norm_stderr": 0.037757007291414416
    },
    "hendrycksTest-machine_learning": {
      "acc": 0.35714285714285715,
      "acc_stderr": 0.04547960999764376,
      "acc_norm": 0.36607142857142855,
      "acc_norm_stderr": 0.0457237235873743
    },
    "hendrycksTest-management": {
      "acc": 0.4174757281553398,
      "acc_stderr": 0.04882840548212238,
      "acc_norm": 0.3786407766990291,
      "acc_norm_stderr": 0.04802694698258975
    },
    "hendrycksTest-marketing": {
      "acc": 0.6025641025641025,
      "acc_stderr": 0.03205953453789293,