{
  "results": {
    "arc_challenge": {
      "acc": 0.41552901023890787,
      "acc_stderr": 0.014401366641216384,
      "acc_norm": 0.42235494880546076,
      "acc_norm_stderr": 0.01443413871337998
    },
    "arc_easy": {
      "acc": 0.7133838383838383,
      "acc_stderr": 0.009278551100969297,
      "acc_norm": 0.6001683501683501,
      "acc_norm_stderr": 0.010051788039412908
    },
    "boolq": {
      "acc": 0.7642201834862385,
      "acc_stderr": 0.007424293019510436
    },
    "hellaswag": {
      "acc": 0.5813582951603267,
      "acc_stderr": 0.004923281841828518,
      "acc_norm": 0.7320254929296953,
      "acc_norm_stderr": 0.004419990741915974
    },
    "openbookqa": {
      "acc": 0.314,
      "acc_stderr": 0.020776701920308997,
      "acc_norm": 0.42,
      "acc_norm_stderr": 0.022094713229761784
    },
    "piqa": {
      "acc": 0.7714907508161044,
      "acc_stderr": 0.009796313511829522,
      "acc_norm": 0.7747551686615887,
      "acc_norm_stderr": 0.009746643471032143
    },
    "winogrande": {
      "acc": 0.6692975532754538,
      "acc_stderr": 0.013222435887002703
    }
  },
  "versions": {
    "arc_challenge": 0,
    "arc_easy": 0,
    "boolq": 1,
    "hellaswag": 0,
    "openbookqa": 0,
    "piqa": 0,
    "winogrande": 0
  },
  "config": {
    "model": "gmukobi/shf-7b-gold-v1",
    "model_args": null,
    "num_fewshot": 0,
    "batch_size": 8,
    "device": null,
    "no_cache": true,
    "limit": null,
    "bootstrap_iters": 100000,
    "description_dict": null
  }
}
