{
  "results": {
    "arc_challenge": {
      "acc": 0.38310580204778155,
      "acc_stderr": 0.014206472661672881,
      "acc_norm": 0.40784982935153585,
      "acc_norm_stderr": 0.014361097288449701
    },
    "arc_easy": {
      "acc": 0.6839225589225589,
      "acc_stderr": 0.00954044007192829,
      "acc_norm": 0.5412457912457912,
      "acc_norm_stderr": 0.010224815730255816
    },
    "boolq": {
      "acc": 0.7507645259938838,
      "acc_stderr": 0.007565703889598065
    },
    "hellaswag": {
      "acc": 0.5718980282812188,
      "acc_stderr": 0.004937924326742572,
      "acc_norm": 0.7318263294164509,
      "acc_norm_stderr": 0.0044210314036852395
    },
    "openbookqa": {
      "acc": 0.298,
      "acc_stderr": 0.020475118092988978,
      "acc_norm": 0.42,
      "acc_norm_stderr": 0.022094713229761784
    },
    "piqa": {
      "acc": 0.7845484221980413,
      "acc_stderr": 0.009592463115658121,
      "acc_norm": 0.780739934711643,
      "acc_norm_stderr": 0.009653357463605291
    },
    "winogrande": {
      "acc": 0.6748224151539068,
      "acc_stderr": 0.013165525471764352
    }
  },
  "versions": {
    "arc_challenge": 0,
    "arc_easy": 0,
    "boolq": 1,
    "hellaswag": 0,
    "openbookqa": 0,
    "piqa": 0,
    "winogrande": 0
  },
  "config": {
    "model": "gmukobi/shf-v4-llama-instruct-10k-kl-0.35",
    "model_args": null,
    "num_fewshot": 0,
    "batch_size": 8,
    "device": null,
    "no_cache": true,
    "limit": null,
    "bootstrap_iters": 100000,
    "description_dict": null
  }
}
