{
  "results": {
    "arc_challenge": {
      "acc": 0.4189419795221843,
      "acc_stderr": 0.01441810695363901,
      "acc_norm": 0.4257679180887372,
      "acc_norm_stderr": 0.014449464278868803
    },
    "arc_easy": {
      "acc": 0.7146464646464646,
      "acc_stderr": 0.009266280584997753,
      "acc_norm": 0.5955387205387206,
      "acc_norm_stderr": 0.010070746648278795
    },
    "boolq": {
      "acc": 0.7694189602446483,
      "acc_stderr": 0.00736691702552044
    },
    "hellaswag": {
      "acc": 0.5819557857000598,
      "acc_stderr": 0.004922294797766665,
      "acc_norm": 0.7326229834694284,
      "acc_norm_stderr": 0.004416861919100993
    },
    "openbookqa": {
      "acc": 0.314,
      "acc_stderr": 0.020776701920308997,
      "acc_norm": 0.42,
      "acc_norm_stderr": 0.022094713229761784
    },
    "piqa": {
      "acc": 0.7714907508161044,
      "acc_stderr": 0.00979631351182952,
      "acc_norm": 0.7704026115342764,
      "acc_norm_stderr": 0.009812682950815181
    },
    "winogrande": {
      "acc": 0.6661404893449092,
      "acc_stderr": 0.013254029695143362
    }
  },
  "versions": {
    "arc_challenge": 0,
    "arc_easy": 0,
    "boolq": 1,
    "hellaswag": 0,
    "openbookqa": 0,
    "piqa": 0,
    "winogrande": 0
  },
  "config": {
    "model": "gmukobi/shf-7b-gold-v1",
    "model_args": null,
    "num_fewshot": 0,
    "batch_size": 8,
    "device": null,
    "no_cache": true,
    "limit": null,
    "bootstrap_iters": 100000,
    "description_dict": null
  }
}
